A 0 
B 1 
C 2 
D 3 
E 4 
F 5 
G 6 
H 7 
J 8 
K 9 
L 10 
M 11 
N 12 
O 13 
P 14 
Q 15 
R 16 
S 17 
T 18 
U 19 
V 20 
W 21 
X 22 
Y 23 
Z 24 
· 25 
× 26 
à 27 
á 28 
é 29 
ì 30 
í 31 
ò 32 
ù 33 
ú 34 
ü 35 
ā 36 
ē 37 
ī 38 
ū 39 
ǐ 40 
— 41 
″ 42 
Ⅰ 43 
Ⅳ 44 
Ⅵ 45 
① 46 
② 47 
③ 48 
④ 49 
⑤ 50 
⑥ 51 
⑦ 52 
⑧ 53 
⑨ 54 
⑩ 55 
⑴ 56 
⑵ 57 
⑶ 58 
⑿ 59 
○ 60 
一 61 62 63 64 65 66 67 68 69 70 71 72 73 74 75 76 77 78 79 80 81 82 83 84 85 86 87 88 89 90 91 92 93 94 95 96 97 98 99 100 101 102 103 104 105 106 107 108 109 110 111 112 113 114 115 116 117 118 119 120 121 122 123 124 125 126 127 128 129 130 131 132 133 134 135 136 137 138 139 140 141 142 143 144 145 146 147 148 149 150 151 152 153 154 155 156 157 158 159 160 161 162 163 164 165 166 167 168 169 170 171 172 173 174 175 176 177 178 179 180 181 182 183 184 185 186 187 188 189 190 191 192 193 194 195 196 197 198 199 200 201 202 203 204 205 206 207 208 209 210 211 212 213 214 215 216 217 218 219 220 221 222 223 224 225 226 227 228 229 230 231 232 233 234 235 236 237 238 239 240 241 242 243 244 245 246 247 248 249 250 251 252 253 254 255 256 257 258 259 260 261 262 263 264 265 266 267 268 269 270 271 272 273 274 275 276 277 278 279 280 281 282 283 284 285 286 287 288 289 290 291 292 293 297 354 523 1266 1307 1427 1507 1816 1911 2316 2392 2393 2563 2945 3142 3283 3388 3740 3741 3742 3743 3880 3881 4364 4365 4366 4536 4551 4569 4589 4590 4591 4592 4600 4870 4957 4958 5075 5417 5592 5593 5594 5839 5842 5847 6073 6367 6651 6712 7177 7224 7228 8215 9317 9318 9337 9537 9617 10046 10047 10067 10899 11448 11450 12124 12125 12142 12562 12636 12762 12859 13002 13504 13505 13506 13507 13508 13509 13510 13511 13512 13513 13514 13515 13516 13517 13518 13519 13553 13554 14007 14008 14009 14108 14291 14526 15028 15641 15851 16350 16369 16480 16481 16536 17719 17726 17728 17729 
丁 294 295 1656 1657 2084 7351 8723 8724 17646 
七 83 296 297 298 299 300 301 302 303 304 305 306 307 308 309 310 311 312 313 342 1412 1428 1429 2747 2755 3744 3745 3746 3747 3769 13520 
万 62 63 314 315 316 317 318 319 320 321 322 323 324 325 326 327 328 329 330 331 332 333 334 335 336 337 338 339 423 1745 1746 1747 1892 2693 3118 3119 3800 3801 3802 3804 3807 3808 3809 3816 3817 5460 5858 8375 11021 12637 12638 
丈 316 340 5676 
三 69 341 342 343 344 345 346 347 348 349 350 351 352 353 354 355 356 357 358 359 360 361 362 363 364 365 366 367 368 369 370 371 372 373 374 375 376 377 378 379 380 381 382 383 384 385 386 387 388 389 390 391 392 393 394 395 396 397 398 399 400 401 402 403 404 405 406 407 408 409 410 411 412 413 414 415 416 417 418 419 420 421 422 424 892 893 894 1213 1308 1413 1414 1415 2168 2694 2853 3748 5677 5678 6685 6709 6710 7211 8920 13135 13521 13522 13523 13524 13525 13526 13527 13528 13529 14234 15539 16783 
上 423 424 425 426 427 428 429 430 431 432 433 434 435 436 437 438 439 440 441 442 443 444 445 446 447 448 449 450 451 452 453 454 455 456 457 458 459 460 461 462 463 464 465 466 467 468 469 470 471 472 473 474 475 476 477 478 479 480 481 482 483 701 819 1214 1337 1403 1784 1804 1812 1985 3143 3385 3564 3600 3802 3829 4431 4464 4465 4593 4698 4719 4786 5275 5280 5284 5291 5295 5337 5418 5488 5694 5840 5891 5943 6261 6492 6921 7134 7302 7608 7670 7671 7708 8375 8508 8545 8992 9618 9958 10046 10047 10207 10502 10549 10610 10743 10912 11120 11210 11389 12288 12609 12677 12860 12861 13309 13588 13606 13736 14055 14445 14465 14592 14607 14942 14949 15087 15701 15736 15953 15966 16057 16086 16113 16270 16925 17367 17647 17789 
下 64 65 240 484 485 486 487 488 489 490 491 492 493 494 495 496 497 498 499 500 501 502 503 504 505 506 507 508 509 510 511 512 513 514 515 516 517 518 519 520 521 522 701 723 977 978 1215 1360 1416 1784 1865 2095 2169 2553 2971 3484 3679 4035 4141 4240 4432 4651 4691 4786 5296 5841 5842 6228 6407 6884 6909 7182 7343 7609 7645 7646 7672 8554 8679 8917 8918 8919 8993 9155 9518 9611 10477 10550 10743 10770 11211 11368 12512 12544 12545 12810 12919 13092 13484 13570 13952 14028 14361 14916 15061 15308 15337 15418 15421 16081 16082 16652 16653 16956 17720 17863 
不 260 391 484 523 524 525 526 527 528 529 530 531 532 533 534 535 536 537 538 539 540 541 542 543 544 545 546 547 548 549 550 551 552 553 554 555 556 557 558 559 560 561 562 563 564 565 566 567 568 569 570 571 572 573 574 575 576 577 578 579 580 581 582 583 584 585 586 587 588 589 590 591 592 593 594 595 596 597 598 599 600 601 602 603 604 605 606 607 608 609 610 611 612 613 614 615 616 617 618 619 620 621 622 623 624 625 626 627 628 629 630 631 632 633 634 635 636 637 638 639 640 641 642 643 644 645 646 647 648 649 650 651 652 653 654 655 656 657 658 659 660 661 662 663 664 665 666 667 668 669 670 671 672 673 674 675 676 677 678 679 680 681 682 683 684 685 686 687 688 689 690 691 692 693 694 695 696 697 698 699 700 701 702 703 704 705 706 707 708 709 710 711 712 713 714 715 716 717 718 719 720 721 722 723 724 725 726 727 728 729 730 731 732 733 734 735 736 737 738 739 740 741 742 743 744 745 746 747 748 749 750 751 752 753 754 755 756 757 758 759 760 761 762 763 764 765 766 767 768 769 770 771 772 773 774 775 776 777 778 779 780 781 816 1119 1120 1202 1276 1280 1487 1488 1785 1799 1810 2145 2366 2447 2623 2677 2835 2947 2948 2954 3030 3031 3032 3033 3169 3173 3204 3446 3638 3811 4242 4369 4377 4494 4499 4752 4823 4882 5287 6074 6130 6588 6608 6609 6785 6870 6917 6922 6946 7033 7040 7228 7229 7230 7231 7232 7242 7482 7615 7745 7781 7877 7923 7947 7961 8157 8444 8793 8994 8995 9296 9619 9666 9667 9801 9922 10436 10599 10686 10870 10912 10956 10957 11042 11049 11050 11061 11065 11139 11712 11793 11794 11969 11970 12217 12329 12362 12435 12437 12475 12585 12662 12720 12862 12863 12864 13201 13223 13365 13451 13452 13606 13915 13987 13988 14054 14108 14488 14504 14519 14604 14829 14857 15007 15205 15287 15862 16034 16087 16394 16395 16409 16423 16432 16457 16984 17363 17578 
与 781 782 783 784 785 786 787 788 789 1658 2089 4100 10999 
丑 790 791 792 793 2730 6057 14155 
专 794 795 796 797 798 799 800 801 802 803 804 805 806 807 808 809 810 811 812 813 814 815 979 7102 
且 816 817 10012 
世 66 299 344 425 818 819 820 821 822 823 824 825 826 827 828 829 830 831 832 833 834 835 836 837 838 839 840 841 842 843 844 845 980 981 1112 1309 1310 1365 1366 1417 1430 1447 1505 1659 1688 1689 1767 2013 2014 2298 2640 2651 2695 2696 2748 2749 2925 3144 3320 3321 3745 3749 3753 3758 3767 3770 4680 5063 5274 5275 5521 6229 6383 6780 7610 7617 7619 7789 8169 9227 9497 10059 10264 10265 10404 10699 11229 11441 11538 12198 12216 12217 12237 13224 13522 13540 13541 13911 13912 13913 15959 16088 16610 16640 16762 16763 16987 17183 17184 17368 17375 
丘 846 847 13640 
业 795 796 797 798 848 849 850 851 852 853 854 855 856 857 1391 1614 1615 1786 1924 2008 2997 2998 3176 3322 3323 3545 4982 4983 4984 4985 4986 5679 6989 7128 7404 8406 8514 8515 9286 9287 10941 13424 15047 17310 
丛 858 859 13738 15526 
东 860 861 862 863 864 865 866 867 868 869 870 871 872 873 874 875 876 877 878 879 880 881 882 883 884 1866 3307 5778 6312 6329 6330 6331 6923 10952 11121 11459 16243 16244 16396 
丝 67 885 886 3803 3804 
丢 887 888 889 890 
两 125 416 891 892 893 894 895 896 897 898 899 900 901 902 903 904 905 906 907 908 909 910 911 912 913 914 915 916 917 918 919 920 921 922 923 924 925 926 927 928 929 930 931 932 933 934 935 936 937 938 939 940 941 3638 8580 10777 12034 16351 16391 
严 942 943 944 945 946 947 948 949 950 951 952 953 1208 1787 5892 6540 6705 7295 10649 12806 
丧 954 955 956 11199 11208 
个 68 69 70 71 72 73 74 75 76 300 345 370 895 957 958 959 960 961 962 963 964 965 966 967 968 969 970 971 972 973 974 975 1311 1418 1506 1507 1513 1568 2697 3093 3104 3120 3205 3750 3759 3772 3882 4500 4501 4502 4590 5064 5065 6064 9297 9318 9319 9680 10900 12639 13505 13523 13531 13557 16537 
中 77 976 977 978 979 980 981 982 983 984 985 986 987 988 989 990 991 992 993 994 995 996 997 998 999 1000 1001 1002 1003 1004 1005 1006 1007 1008 1009 1010 1011 1012 1013 1014 1015 1016 1017 1018 1019 1020 1021 1022 1023 1024 1025 1026 1027 1028 1029 1030 1031 1032 1033 1034 1035 1036 1037 1038 1039 1040 1041 1042 1043 1044 1045 1046 1047 1048 1049 1050 1051 1052 1053 1054 1055 1056 1057 1058 1059 1060 1061 1062 1063 1064 1065 1066 1067 1068 1069 1070 1071 1072 1073 1074 1075 1076 1077 1078 1079 1080 1081 1082 1083 1084 1085 1086 1087 1216 1476 1477 1616 1669 1788 2224 2629 2750 2751 2797 2914 3013 3198 3258 3490 3897 3900 4313 4323 4770 4839 5167 5281 5297 5298 5680 5681 6019 6301 6530 6541 6696 7401 7611 7825 8247 8407 8580 9340 9655 9656 9660 10014 10018 10217 10478 10771 11212 11490 11890 12513 12721 12920 13096 13367 13503 14135 14156 14235 14396 15338 15370 16834 17234 17235 17236 17237 17238 17239 17240 17272 17546 17721 17722 
丰 669 1088 1089 1090 1091 1092 1093 1094 1095 1096 1097 1098 1099 1100 4848 10442 
串 1101 1102 
临 1103 1104 1105 1106 1107 1108 1641 2573 6884 10405 17114 17369 
丹 1109 1110 
为 524 525 638 653 761 817 1111 1112 1113 1114 1115 1116 1117 1118 1119 1120 1121 1122 1123 1124 1125 1126 1127 1128 1129 1217 1325 1489 1490 1660 1831 1888 2146 2323 2459 3206 3311 3408 3447 3686 3830 3852 3984 4054 4185 4276 4537 4569 4594 5682 6408 6449 6706 6796 7233 7275 7276 7494 7603 8038 8048 8089 8216 8248 8322 8365 8371 8873 9135 9199 9341 9620 9740 9843 9925 10048 10049 10077 10149 10437 10438 10812 10967 11200 11656 12436 12724 13317 13318 13408 13953 14265 14493 15027 15028 15048 15049 15050 15051 15206 15277 15278 15358 15383 15527 15623 15629 15702 16089 16123 16144 16179 16265 16271 16482 16606 16765 16800 17115 17192 17195 17495 17512 
主 801 832 959 1035 1111 1130 1131 1132 1133 1134 1135 1136 1137 1138 1139 1140 1141 1142 1143 1144 1145 1146 1147 1148 1149 1150 1151 1152 1153 1154 1155 1156 1157 1158 1159 1160 1161 1162 1163 1164 1165 1166 1167 1168 1169 1170 1171 1172 1173 1174 1175 1176 1177 1178 1179 1180 1181 1182 1183 1285 1628 1661 1697 1698 1703 1738 1986 2192 2312 2641 2716 2777 2778 2976 2995 3135 3299 3374 3517 3547 3548 3559 3978 4009 4011 4077 4329 4681 4702 4731 4732 4963 4968 4973 5032 5168 5187 5188 5218 5299 5319 5546 5550 6002 6037 6042 6054 6233 6389 6390 6400 6476 6483 6508 6526 6542 7191 7663 7746 8448 8478 8524 8674 8771 9508 9509 9530 9621 9678 10253 10266 10330 10345 10873 10968 10969 10970 10971 10981 11269 11270 11472 11974 12026 12029 12240 12257 12299 12302 12718 12753 13098 13140 13166 13206 13272 13430 13946 13964 14489 14490 14548 14787 15049 15106 15319 15780 15821 15839 15906 16001 16232 16849 17242 17338 17626 17654 17655 17675 
丽 1184 1185 3853 4727 5500 12210 12213 12214 12336 13239 13982 13983 13984 14157 17090 
举 78 727 1186 1187 1188 1189 1190 1191 1192 1193 1194 1195 1218 3291 7234 8696 10487 10537 13263 15348 16167 17723 
乃 1196 6450 17724 
久 526 527 1197 1198 1199 1219 3446 4016 7041 7213 8125 8797 8798 11062 13914 13915 16939 
乇 1200 
么 644 716 7168 
义 79 376 801 832 959 1035 1131 1132 1133 1134 1201 1202 1203 1204 1205 1206 1207 1208 1209 1210 1211 1212 1285 1419 1628 1697 1698 1703 1738 1751 1752 2036 2312 2777 2778 2976 2995 3135 3299 3374 3547 3548 3559 3978 4009 4011 4077 4241 4329 4652 4702 4747 4963 4968 4973 5187 5218 5319 5546 5550 5683 5879 6037 6042 6233 6400 6409 6476 6483 6508 6691 7191 7277 7663 7791 8081 8249 8439 8524 8674 8771 9235 9509 9678 9987 10253 10267 10330 10345 10511 10772 10847 10873 10960 10969 10981 11270 11472 11556 11776 11974 12153 12240 12257 12259 12299 12302 12318 12577 12753 13086 13098 13166 13206 13272 13312 13430 13506 13681 13946 13964 14548 14629 14787 15049 15106 15207 15236 15319 15600 15601 15780 15839 15906 16001 16232 16622 16776 17242 17654 17655 17675 
之 87 126 131 152 155 262 329 638 747 936 1031 1213 1214 1215 1216 1217 1218 1219 1220 1221 1222 1223 1224 1225 1226 1227 1228 1229 1230 1231 1232 1233 1234 1235 1236 1237 1238 1239 1240 1241 1242 1243 1244 1245 1246 1247 1248 1249 1250 1251 1252 1253 1254 1255 1256 1257 1258 1259 1366 1482 1574 2014 2459 2553 2909 3013 3751 4146 4242 4254 4324 4388 4691 4710 5131 5169 5292 5440 5927 6133 6192 6208 6514 7364 7612 7627 8331 9294 9656 9660 9793 9914 9948 10175 10190 10482 10667 10705 11213 11468 12389 12437 12452 12469 12644 12645 12646 12674 12764 12778 12810 12964 12965 13175 13318 13570 13574 14385 14910 15052 15232 15278 15337 15339 15340 15341 15342 15751 15945 16140 16977 17052 17158 17159 17184 17431 17459 
乌 1260 1261 1262 
乎 1776 2077 2798 3094 4186 4187 4538 4539 5276 6230 7456 7782 9459 10268 10766 12181 13047 16317 17193 17436 17437 
乏 528 1263 1264 3727 4706 12583 14109 15858 
乐 80 346 663 1220 1265 1266 1267 1268 1269 1270 1271 1272 1273 1274 1275 1276 1277 1278 1279 1280 1281 1282 1283 1284 1285 1286 1287 1288 1289 1290 1291 1292 1586 1627 1628 2854 4335 4378 4691 4849 4878 5020 5025 5054 5508 5595 5843 5928 6163 6164 6165 6350 6618 7550 7931 8550 9352 9498 9499 10439 10712 10993 11105 11106 11425 12640 13087 13616 14404 16544 16734 17406 17407 17408 17409 17410 17411 17412 17413 
乒 1293 1294 1295 
乓 1294 1295 1296 
乔 1297 1298 1299 14390 
乖 1300 1301 1302 
乘 1303 1304 5684 
乙 1305 
九 81 82 83 347 388 485 1306 1307 1308 1309 1310 1311 1312 1313 1314 1315 1316 1317 1318 1319 1320 1420 1431 1432 2698 2752 3751 3752 3753 3754 3795 12645 12646 
乞 1321 15053 
也 1322 1323 2946 2947 2948 14038 
习 1324 1325 1326 1327 1328 1329 1330 1331 1332 1499 3662 6262 13099 13305 15391 17534 17538 
乡 1333 1334 1335 5398 9200 12943 16344 
书 334 413 796 797 858 995 1221 1336 1337 1338 1339 1340 1341 1342 1343 1344 1345 1346 1347 1348 1349 1350 1351 1352 1353 1354 1355 1356 1357 1358 1361 2344 2652 2849 3145 3893 3959 3960 4439 4653 4989 4990 5066 5226 5227 5844 5964 6058 6193 6786 8047 8366 9202 9258 9342 10269 10813 11107 11929 11930 12438 12667 12668 13652 13657 13738 13916 14608 14977 14978 15684 16546 16641 
买 1359 1360 1361 1362 1363 2435 15868 
乱 529 1364 1365 1366 1367 3601 7933 7934 9270 11230 11624 
乳 1368 1369 4932 4933 11029 
乾 1370 
了 530 1371 1372 2375 2623 6630 6810 7613 11195 12741 15141 16547 
予 531 1373 7316 13977 15911 15920 
争 532 1374 1375 1376 1377 1378 1379 1380 1381 1382 1383 1384 1385 1386 1387 1388 1389 2630 3518 4169 4220 5981 7198 7878 8111 8423 8424 8662 9447 9448 9449 12652 13455 13456 13836 14198 15447 17064 17397 
事 317 318 820 1222 1245 1267 1390 1391 1392 1393 1394 1395 1396 1397 1398 1399 1400 1401 1402 1403 1404 1405 1406 1407 1408 1409 1410 1662 1663 1674 1789 2147 2855 2992 2993 3542 4301 4302 4303 4304 4440 5522 5685 6059 6451 6452 6505 6506 6711 6712 6802 7148 7457 7998 8275 8310 8425 9181 9201 9202 9203 9204 9555 9556 9622 9668 9771 9802 9893 10108 11004 11196 11936 12289 12322 12393 13179 13866 14123 14165 14405 15412 15413 15419 15448 16352 16812 17478 
二 82 83 160 250 348 349 533 1223 1312 1411 1412 1413 1414 1415 1416 1417 1418 1419 1420 1421 1422 1423 1424 1425 1426 1427 1428 1429 1430 1431 1432 1433 1434 1435 1436 1437 1438 1439 1440 1441 1442 1443 1444 1445 1446 1447 1448 1449 1450 1451 1452 1453 1454 1455 1456 1457 1458 1459 1460 1461 1462 1463 1464 1465 3755 3756 5067 6686 7923 8920 12125 13530 13531 13532 13533 13534 13535 13536 13537 13538 13539 13540 13541 13542 13543 13544 13545 13546 13547 
于 534 563 591 735 1224 1268 1330 1466 1467 1468 1469 1470 1471 1472 1763 1965 2090 2269 2276 2378 2396 2416 2432 2541 2624 2820 3095 3292 3367 3565 3626 3649 3660 4120 4188 4245 4250 4264 4540 4595 4614 5007 5247 5523 5596 5686 5929 6123 6410 6514 6602 6618 6866 6910 7317 7402 7458 7570 7586 7591 7614 7747 7755 7770 7917 7997 7998 8208 8288 8323 8758 9088 9156 9653 9664 9894 10112 10114 10117 10134 10138 10155 10178 10183 10193 10218 10412 10767 10852 11081 11091 11149 11168 11171 11398 11399 11477 11510 11627 11729 11739 12351 12363 12439 12568 12695 12715 12807 12938 13061 13425 13445 13563 13565 13682 13890 14144 14149 14609 14613 14867 15029 15232 15233 15912 15921 16022 16028 16158 16159 16175 16272 16318 16324 16345 16401 16494 16758 16801 16940 17117 17725 17726 
亏 1473 1474 12690 14587 15001 
云 1475 1476 1477 1478 1479 1480 1481 1482 1483 1484 1485 1664 2388 4025 4320 5845 6075 8452 9903 11478 12617 15054 15055 15602 15964 15970 16413 16414 17535 17536 17568 17774 
互 1486 1487 1488 1489 1490 1491 1492 1493 1494 1495 1496 1497 1498 1499 1500 1501 1502 1503 1576 1577 12763 12764 12765 12766 12767 12768 12769 12770 12771 
五 84 292 350 1313 1433 1434 1504 1505 1506 1507 1508 1509 1510 1511 1512 1513 1514 1515 1516 1517 1518 1519 1520 1521 1522 1523 1524 1525 1526 1527 1528 1529 1530 1531 1532 1533 1534 1535 1536 1537 1538 1539 1540 1541 1542 1543 1544 1545 1546 1547 1548 1549 1550 1551 1552 3757 3758 3759 3760 3761 4805 4939 5068 6354 10383 10904 11553 12641 13548 13549 13550 16062 17630 
井 11578 17933 
亘 1553 1554 
亚 534 861 1555 1556 1557 1558 1559 1560 1561 1562 1563 1564 1565 1566 1567 1931 1932 1944 1945 3368 3729 4911 4912 5394 6022 6824 7524 10913 11288 11491 12687 14854 15173 15175 16785 17083 
些 1568 1569 1570 5592 16319 16320 
亟 1571 
亡 1572 1573 1574 2828 5189 6231 9228 9229 9230 10853 11400 11518 16090 
交 426 535 1368 1491 1575 1576 1577 1578 1579 1580 1581 1582 1583 1584 1585 1586 1587 1588 1589 1590 1591 1592 1593 1594 1595 1596 1597 1598 1599 1600 1601 1602 1603 1604 1605 1606 1607 4790 5565 5566 5927 8005 8174 8546 10351 10352 11029 12660 12772 13141 13426 13427 13829 13830 14491 14593 17040 
亥 1608 
亦 1609 1610 1611 1612 6209 
产 982 1007 1613 1614 1615 1616 1617 1618 1619 1620 1621 1622 1623 1624 2776 2777 2778 2779 3602 5300 5597 6194 6543 9359 9383 9623 9624 9625 11231 11408 12364 12365 12366 12367 12368 12369 15822 15901 15902 16642 16844 17727 
亨 1625 
亩 12461 
享 1626 1627 1628 1629 1630 1631 3207 14683 
京 1632 1633 1634 1635 3710 3711 3712 3713 3714 3898 3899 3900 
亭 1636 
亮 1637 1638 1639 2574 4909 9103 9104 9844 10104 11772 15671 
亲 1640 1641 1642 1643 1644 1645 1646 1647 1648 1649 1650 1651 1652 1653 1654 4850 10892 16106 
亵 1655 
人 86 462 622 799 821 888 958 959 960 961 983 1103 1112 1135 1136 1141 1157 1225 1421 1479 1656 1657 1658 1659 1660 1661 1662 1663 1664 1665 1666 1667 1668 1669 1670 1671 1672 1673 1674 1675 1676 1677 1678 1679 1680 1681 1682 1683 1684 1685 1686 1687 1688 1689 1690 1691 1692 1693 1694 1695 1696 1697 1698 1699 1700 1701 1702 1703 1704 1705 1706 1707 1708 1709 1710 1711 1712 1713 1714 1715 1716 1717 1718 1719 1720 1721 1722 1723 1724 1725 1726 1727 1728 1729 1730 1731 1732 1733 1734 1735 1736 1737 1738 1739 1740 1741 1742 1743 1746 1768 1832 1849 1855 1856 1857 1858 1859 1860 1861 1862 1863 1864 1912 1958 1973 2009 2015 2148 2193 2229 2251 2299 2476 2542 2551 2568 2631 2634 2653 2654 2662 2705 2799 2856 2857 3124 3146 3147 3448 3603 3627 3631 3714 3854 3901 3973 4055 4070 4124 4189 4190 4191 4319 4320 4321 4503 4518 4585 4596 4654 4682 4706 4707 4920 4940 4941 5069 5132 5133 5170 5259 5265 5351 5496 5567 5687 5846 5847 5895 5906 5917 6028 6029 6060 6099 6107 6230 6314 6332 6411 6502 6538 6544 6603 6713 6714 6861 6924 6943 6991 7018 7121 7149 7189 7276 7495 7496 7497 7498 7499 7511 7620 8108 8114 8131 8158 8189 8284 8289 8367 8479 8530 8533 9119 9205 9219 9236 9298 9343 9344 9345 9475 9500 9559 9608 9626 9803 9845 9880 9983 10094 10109 10396 10424 10773 10814 10901 11078 11258 11401 11461 11462 11824 12096 12179 12241 12370 12440 12503 12513 12514 12618 12642 12760 12891 12966 13002 13078 13225 13428 13653 13654 13796 13978 13989 14140 14188 14278 14366 14371 14435 14549 14566 14625 14680 14782 14788 15056 15194 15408 15521 15540 15621 15622 15631 15703 15833 15931 15990 16058 16248 16273 16452 16548 16582 16802 16835 17013 17079 17111 17252 17339 17370 17394 17479 17544 17546 17558 17594 17692 17728 17729 17800 17886 
亻 1744 
亿 351 1745 1746 1747 1748 
什 1749 7168 13824 
仁 257 1750 1751 1752 1753 1754 1755 1756 4597 6322 6355 6356 7615 12202 15234 
仄 16602 
仅 536 1757 1758 1759 1760 1761 1762 1763 1764 
仆 1765 
仇 1766 8687 8688 
今 1466 1767 1768 1769 1770 1771 1772 1773 1774 1790 1791 3985 4049 4050 4322 4323 4324 4345 4588 6076 7616 7617 9823 12238 15880 16050 16264 16265 17467 
介 984 1775 1776 1777 1778 2027 2218 6177 11936 13004 13593 14303 15499 
仍 1779 1780 1781 1782 1783 
从 1784 1785 1786 1787 1788 1789 1790 1791 1792 1793 1794 1795 1796 1797 1798 1799 1800 1801 1802 1803 1804 1805 1806 1807 1808 1809 1810 1811 1812 1813 1814 1815 1816 1817 2257 6886 9627 9670 9923 10201 16495 
仑 9838 
仓 1818 
仔 1819 
仕 1820 1821 1822 
他 1823 1824 2857 
仗 1825 8547 
付 1826 1827 3566 7318 
仙 1828 1829 15541 
代 85 86 304 352 443 896 1422 1509 1516 1830 1831 1832 1833 1834 1835 1836 1837 1838 1839 1840 1841 1842 1843 1844 1845 1846 1847 1848 1849 1850 1851 1852 1853 2333 2509 2561 2701 2757 3096 3288 3449 3790 4007 4072 4243 4254 4325 4326 4327 4445 4628 4683 4701 4702 4806 4939 4942 5065 5077 6309 6357 7212 7213 7224 7618 7619 7620 7621 7622 8429 9535 9551 9781 9804 9805 9806 9807 9918 10211 11108 11634 12239 12240 12241 12242 12243 12244 12245 12246 12247 12248 12249 12263 12267 13007 13135 13468 13507 13532 16321 16322 16334 17314 17324 
令 1854 1855 1856 1857 1858 1859 1860 1861 1862 1863 1864 9182 11250 14711 
以 87 261 262 537 762 953 1325 1373 1779 1865 1866 1867 1868 1869 1870 1871 1872 1873 1874 1875 1876 1877 1878 1879 1880 1881 1882 1883 1884 1885 1886 1887 1888 2323 2543 2949 3567 6243 6804 7053 7150 7235 7319 7748 8048 8416 8689 8785 9346 9590 9628 9629 10050 10119 12441 13264 13408 13747 13978 14266 14305 14306 14492 14493 14541 14610 14762 15208 15531 15542 15623 16035 16953 17126 17132 17194 17195 17196 17197 17198 
仪 1889 1890 1891 1892 1893 6147 7826 13088 14935 17464 
仰 1894 1895 1896 1897 1898 2324 2357 6392 9189 9990 
仲 1899 1900 14795 
件 88 1393 1490 1901 1902 2546 3340 5542 5598 7882 9347 9686 10400 10461 10899 10902 16353 16676 16708 16812 
价 1835 1903 1904 1905 1906 1907 1908 1909 1910 2655 4108 4109 5509 6412 6477 7388 9630 10099 10959 12050 12250 14008 15500 17371 17730 
任 427 1137 1911 1912 1913 1914 1915 1916 1917 1918 1919 1920 1921 2325 2518 3148 6526 9157 9158 10576 12251 13533 15827 15828 15829 15830 17631 
份 89 8368 11030 16091 16274 16677 
仿 1922 1923 3433 9072 10678 12773 
企 578 1924 1925 1926 1927 1928 
伊 1929 1930 1931 1932 1933 1934 1935 1936 1937 1938 1939 1940 1941 1942 1943 1944 1945 2184 7529 7530 11347 12077 14873 
伍 1946 1947 13292 16735 17034 
伏 1948 1949 1950 1951 1952 15971 
伐 1953 10830 15402 
休 538 1954 1955 1956 4128 4129 9631 9632 11070 16483 
众 319 781 1747 1957 1958 1959 1960 1961 1962 1963 2717 4261 4541 4756 5688 5689 5690 5691 5692 7283 7284 9977 10972 12189 14197 14198 14744 15247 
优 1964 1965 1966 1967 1968 1969 1970 1971 1972 1973 1974 1975 1976 1977 1978 1979 1980 1981 1982 1983 3935 3936 3938 9411 10078 13995 16709 
会 539 782 783 985 1014 1578 1579 1596 1984 1985 1986 1987 1988 1989 1990 1991 1992 1993 1994 1995 1996 1997 1998 1999 2000 2001 2002 2003 2004 2005 2006 2110 2111 2656 2718 2751 2829 3007 3031 3276 3508 3862 4073 4117 4118 4542 4684 5098 5267 6055 6263 6413 6549 6689 6896 7151 7320 7375 7393 7420 8250 9237 9422 9808 9959 10329 10330 10964 11402 11855 12290 12774 13097 13098 13099 13100 13101 13102 13103 13104 13105 13106 13107 13108 13109 13110 13111 13112 13113 13114 13115 13116 13117 13118 13119 13120 13142 13372 14315 14636 14712 15624 15823 16305 16719 17200 17376 17480 
伟 2007 2008 2009 2010 2011 6379 17215 
传 90 486 1834 1979 2012 2013 2014 2015 2016 2017 2018 2019 2020 2021 2022 2023 2024 2025 2026 2027 2028 2029 2030 2031 2032 2033 2034 2035 2036 2037 2038 2039 2040 2041 2042 2043 2044 2045 2046 2047 4441 4941 4943 5689 6515 6516 6517 6518 6545 7006 8453 11045 11403 12480 12775 12892 13178 14789 15343 16643 16644 16645 16803 
伤 540 938 2048 2049 3324 4588 4882 7925 8138 9633 13705 
伦 1666 2050 2051 2052 2053 2054 2055 2056 2057 2058 2186 2187 4343 4911 4912 7063 7794 8768 11348 11349 11350 11492 11971 14709 16726 
伪 2059 14988 15491 16220 
伯 2060 2061 2062 2063 2064 2065 2770 3635 4583 4584 6825 7111 7539 8725 8726 9477 14126 14127 15174 15175 15950 17071 17078 17079 17080 
估 2066 2067 2068 2096 9691 15501 
伴 2069 2070 2194 12776 13954 16884 
伸 2071 2072 2073 2074 6887 7391 7500 7501 
伺 2075 
似 541 2076 2077 2078 2079 2080 6061 6096 7655 8097 12777 12778 12865 13143 13655 14386 15796 16323 16324 16751 17496 
伽 2081 2082 2083 
但 2084 2085 2086 2087 
位 91 353 354 897 1150 2088 2089 2090 2091 2092 2093 2672 2825 3149 3741 3762 3883 4056 4884 5301 6264 6950 7141 9165 9560 10270 10774 11814 12738 13042 13353 13399 13508 13554 13555 14989 15209 15405 16354 16678 16710 17632 
低 986 2094 2095 2096 2097 2098 2099 2100 2101 2102 2103 10079 10080 15704 15864 17116 17348 17722 17731 
住 542 2104 2105 2106 2107 6878 7749 8635 8648 9022 13201 13344 13451 13452 16415 17363 
佐 2108 11349 16189 
体 92 93 354 428 962 963 964 965 987 988 1138 1139 1146 1394 1667 1668 1804 2028 2109 2110 2111 2112 2113 2114 2115 2116 2117 2118 2119 2120 2121 2122 2123 2124 2125 2126 2127 2128 2129 2130 2131 2132 2133 2134 2135 2136 2137 2138 2139 2140 2141 2142 2143 2144 2521 2874 2875 2876 2877 2878 2879 2880 2881 3208 3276 4277 4302 4598 5070 5625 5693 5694 6178 6453 6503 7656 7971 8006 8049 8050 8051 8052 8369 9260 9320 9321 9322 9323 9324 9846 9847 10164 10271 10272 10331 10893 11073 11369 11450 11976 12027 12051 12314 12380 13429 13430 13431 13432 13485 13619 13886 13928 13929 14199 14200 14338 14353 14494 14527 15028 15160 15161 15309 15543 16092 16093 16109 16150 16151 16176 17235 17241 17242 17243 17648 
何 1912 2145 2146 2147 2148 2149 2150 2151 2152 2153 2154 2155 2156 2157 2158 2159 2160 2161 2162 2163 2164 2165 2166 3097 3098 3099 3100 9719 
余 366 849 850 1226 2167 2168 2169 2170 2171 2172 2173 2174 2175 2969 3763 3764 3805 5599 9634 10110 10867 11703 15544 
佚 2176 2177 
佛 1922 2178 2179 2180 2181 2182 2183 2184 2185 2186 2187 2188 2189 2190 4897 
作 543 1326 1577 1850 1851 1856 1974 1975 2014 2191 2192 2193 2194 2195 2196 2197 2198 2199 2200 2201 2202 2203 2204 2205 2206 2207 2208 2209 2210 2211 2212 2213 2214 2215 2216 2217 2218 2219 2220 2221 2222 2223 2230 2376 2878 2972 3209 3225 3293 3325 3326 3327 3328 3329 3330 3331 3409 3427 3491 3519 3604 3687 3863 4057 4192 4207 4278 4330 4379 4400 4543 4544 4655 5695 6283 6414 6717 6749 6757 6990 6991 6992 6993 6994 6995 7019 7023 7321 7502 7566 7623 7697 8454 8817 9097 9098 9099 9206 9371 9372 9415 9416 9420 10149 10406 10422 10914 12442 12515 12557 12765 12866 12931 12984 13083 13319 13607 14179 14495 14684 14685 14694 14929 15151 15279 15310 15545 16303 16558 16583 17243 17407 17408 
佞 6056 
你 2224 8407 
佤 2225 
佩 2226 2227 9288 16887 
佳 2228 2229 2230 2231 2232 8533 10081 10440 
佾 2233 
使 544 1867 2234 2235 2236 2237 2238 2239 2240 2241 2242 2287 4010 4380 5266 5696 5848 13891 14267 14611 15210 15632 17683 
侃 15705 
侈 6007 
例 94 355 898 966 1187 1188 2243 2244 2245 2246 2247 3125 3450 4454 6454 8209 9617 10815 10915 14796 16549 
侍 2248 
侔 2249 
供 2250 2251 2252 2253 2254 2255 2256 4381 8996 
依 2257 2258 2259 2260 2261 2262 2263 2264 2265 2266 2267 2268 2269 2270 2271 7531 12682 12766 12779 17724 
侠 2272 11699 
侣 2477 
侧 95 899 2273 2274 2275 2276 2277 4364 4466 7007 
侯 15662 
侵 2278 2279 2280 2642 
便 2281 2282 2283 2284 2285 2286 5808 6556 9561 17160 
促 2287 2288 2289 2290 12767 
俄 2291 2292 5394 14749 
俊 2293 2294 2295 
俏 15954 
俑 2296 
俗 822 823 824 1327 2297 2298 2299 2300 2301 2302 2303 2304 2305 2306 6180 7072 7384 7385 10973 13099 14451 15992 16550 16551 16552 16553 16554 17224 17225 17537 17538 
俚 2306 
保 989 2307 2308 2309 2310 2311 2312 2313 2314 2315 2316 2317 2318 2319 2320 2522 3210 5302 5849 6131 10577 13048 14032 
俞 2321 
信 1857 2322 2323 2324 2325 2326 2327 2328 2329 2330 2331 2332 2333 2334 2335 2336 2337 2338 2339 2340 2341 2973 3211 4382 4383 5015 5364 5370 5930 6392 9189 9848 10332 11579 12780 12897 13049 14145 15377 16453 16555 17198 
俭 2342 
修 2343 2344 2345 2346 2347 2348 2349 2350 2351 2352 2353 2354 2355 2356 9980 10735 13641 16064 17649 
俯 2357 2358 2359 
俱 785 938 2360 
俸 2361 
倍 2362 2363 2364 
倒 2365 2366 2367 2368 2369 2370 4036 4144 16075 17528 
倘 2371 
候 2372 5776 7714 10162 11011 16988 
倚 2373 2374 
借 2375 2376 2377 2378 2379 2380 2381 2382 2383 2384 11079 
倡 2385 2386 2387 8997 
倪 2388 
债 2389 15807 
值 1904 1905 1906 1907 2390 2391 2392 2393 2394 4109 6477 7624 8098 10959 
倾 487 2395 2396 2397 2398 2399 2400 2401 2402 2403 2404 2405 2406 2915 7972 
偃 2407 
假 545 2408 2409 2410 2411 2412 2413 2414 8548 12893 14713 14714 14990 
偏 1868 2415 2416 2417 2418 2419 2420 2421 2422 2423 2424 2425 2426 2427 2428 2429 2430 2431 2432 2433 13782 
做 2434 2435 2436 2437 2438 2439 2440 2441 2442 2443 2444 4373 12623 
停 2445 2446 2447 2448 
健 2449 2450 2451 2452 2453 3312 5881 15057 16099 
偶 2454 2455 2456 2457 2458 2459 3048 12218 
偷 2460 
偿 15088 
傅 2461 
傍 2462 
傣 2463 
储 2464 2465 
傩 2466 
催 2467 2468 
傲 2469 2470 17693 17732 
傻 2471 
像 2455 2472 2473 2474 5228 5445 6062 7647 7648 7689 10172 10775 12516 13018 14346 14347 14573 16934 17258 
僚 6399 6400 14486 
僧 2475 2476 2477 
僭 2478 
僮 2479 
僵 2480 2481 2482 2483 
僻 2484 
儋 2485 
儒 2486 2487 2488 2489 2490 2491 2492 2493 2494 2495 2496 5358 11930 12086 12087 14469 17105 17841 
儿 1395 2450 2497 2498 2499 2500 2501 2502 6030 6100 6316 9556 17650 17651 
兀 2503 2504 
允 2505 2506 2507 2719 
元 96 97 356 429 1514 1987 2508 2509 2510 2511 2512 2513 2514 2720 2721 3765 5600 5601 5602 6358 7359 10322 13433 
兄 2515 2516 
充 2517 2518 2519 2520 2521 2522 2523 2524 2525 2526 2527 2528 2529 2530 2531 2532 2533 2534 2535 2536 2537 2967 7371 8588 12199 15089 
兆 2538 2539 2544 
先 1113 1396 1792 1793 1966 2540 2541 2542 2543 2544 2545 2546 2547 2548 2549 2550 2551 2552 2553 2554 2555 2556 2557 2558 2559 2560 2561 2562 2563 2564 2565 2566 2567 2568 2569 2570 2571 4058 7625 7879 8261 10082 12190 13131 13132 17481 
光 2572 2573 2574 2575 2576 2577 2578 2579 2580 2581 2582 2583 2584 2585 2586 2587 2588 2589 2590 2591 2592 2593 2594 2595 4581 5965 7741 9159 9160 9635 9809 9915 10030 10031 10105 11031 11404 11405 11863 12443 12722 12921 13072 14286 17041 17539 17819 
克 2596 2597 2598 2599 2600 2601 2602 2603 2604 2605 2606 2607 2608 2609 2610 2611 2612 2613 2614 2615 2616 2617 2618 2619 2620 2621 2622 2771 3294 6148 7054 7057 7061 7066 7095 7795 7802 7818 8538 8727 10282 11252 11253 11286 11292 11351 11683 13216 13265 13266 13755 14874 14943 15675 16249 16293 16294 16434 16435 16727 16728 16786 17300 17652 17653 17654 17655 17859 
免 546 586 2623 2624 2625 5288 6370 10238 13892 14406 16668 17199 17200 
兑 2626 4987 
兔 2627 7750 
党 1007 2628 2629 2630 2631 2632 2633 2634 2635 2636 2779 5203 10974 12176 17393 17394 
兜 2637 
兢 2638 
入 547 672 1777 2071 2639 2640 2641 2642 2643 2644 2645 2646 2647 2648 2649 3150 3259 3260 3295 3305 3568 3998 6983 7496 7503 7587 8651 9017 9120 10599 10831 11101 11580 11581 11582 11583 11584 11585 11674 11749 13825 13882 14298 15030 15955 16053 16124 16201 16295 16370 16526 16611 16612 17151 17399 17774 
全 548 1868 2307 2451 2650 2651 2652 2653 2654 2655 2656 2657 2658 2659 2660 2661 2662 2663 2664 2665 2666 2667 2668 2669 2670 2671 2672 2673 2674 2675 2676 2677 2678 2679 2680 2681 2682 2683 2684 2685 2686 2687 2688 2689 2690 2691 2705 2751 4130 6333 6366 6367 6368 6369 6370 8370 10000 10870 12667 12668 17923 
八 98 301 357 1307 1510 1544 2692 2693 2694 2695 2696 2697 2698 2699 2700 2701 2702 2703 2704 2705 2706 2707 2708 2709 2710 2711 2712 2713 2714 3751 3766 3767 3795 4947 4948 9960 
公 549 1136 2715 2716 2717 2718 2719 2720 2721 2722 2723 2724 2725 2726 2727 2728 2729 2730 2731 2732 2733 2734 2735 2736 2737 2738 2739 2740 2741 2742 2743 2744 2745 4771 5267 5697 5698 5850 7362 9391 9398 9951 9952 11442 11755 13302 15879 16703 17928 17929 
六 99 349 361 1423 1511 2746 2747 2748 2749 2750 2751 2752 2753 2754 2755 2756 2757 2758 2759 2760 2761 2762 2763 2764 2765 2766 2767 2768 3768 3769 3770 5071 13551 
兮 16064 
兰 1938 1939 2769 2770 2771 2772 2773 2774 3018 4831 6010 9476 11251 11252 11253 11284 14128 14847 14848 15894 17656 
共 100 550 1007 1692 2722 2775 2776 2777 2778 2779 2780 2781 2782 2783 2784 2785 2786 2787 2788 2789 2790 2791 2792 2793 2794 2795 5171 10179 17225 
关 430 551 675 787 990 1397 1742 2255 2796 2797 2798 2799 2800 2801 2802 2803 2804 2805 2806 2807 2808 2809 2810 2811 2812 2813 2814 2815 2816 2817 2818 2819 2820 2821 2822 2823 2824 2825 2826 3386 3776 5699 6590 6591 8007 8094 8921 9133 9636 9637 10333 11920 12768 12781 12782 13100 14594 14595 14596 16125 16230 16350 
兴 552 1303 1657 1858 2170 2827 2828 2829 2830 2831 2832 2833 2834 2835 2836 2837 2838 2839 2840 2841 2842 2843 2844 2845 2846 2847 4772 5189 5536 6839 8290 8291 8852 9417 9501 9502 11042 11365 15972 17226 17620 17621 17733 
兵 2848 2849 2850 2851 2852 6198 6715 7357 12444 16042 
其 636 662 663 784 1869 2149 2519 2853 2854 2855 2856 2857 2858 2859 2860 2861 2862 2863 2864 2865 2866 2867 2868 2869 2870 2871 2872 2894 4145 4146 4505 4513 4671 4959 4960 5134 5955 6230 6797 6803 6840 7744 7782 8103 8371 10051 10209 10441 10442 10443 12136 13357 14268 14860 15354 16064 17193 17244 17438 
具 101 553 2873 2874 2875 2876 2877 2878 2879 2880 2881 2882 2883 2884 2885 3151 3344 3387 3388 3389 5055 5603 6546 6996 8008 10052 10444 12126 12127 12219 12220 12366 12482 12517 17372 17497 
典 2886 2887 2888 2889 2890 2891 4328 4329 4330 4331 4332 4333 4334 4335 9508 9509 13191 13917 13918 16215 17227 
兹 2892 4903 4904 7525 11350 17285 
养 2345 2353 2893 2894 2895 2896 2897 2898 2899 2900 2901 5404 6265 11557 11745 13748 14905 
兼 2902 2903 2904 2905 2906 2907 2908 2909 2910 
兽 2911 2912 2913 13236 16836 16837 17833 
冀 7112 
内 1227 1870 2112 2632 2633 2858 2914 2915 2916 2917 2918 2919 2920 2921 2922 2923 2924 2925 2926 2927 2928 2929 2930 2931 2932 2933 2934 2935 2936 2937 2938 2939 2940 4225 5172 5173 5255 5277 5700 6318 6631 7073 7097 9244 9747 10219 11493 11494 13267 14496 14508 17402 17816 17871 
冈 2941 17865 
冉 2942 
册 102 431 2943 2944 4442 8509 
再 103 554 2945 2946 2947 2948 2949 2950 2951 2952 2953 2954 2955 2956 2957 2958 2959 2960 2961 2962 2963 2964 2965 2966 17340 
冒 2967 2968 
冗 2969 
写 1338 1714 2034 2970 2971 2972 2973 2974 2975 2976 2977 2978 2979 2980 2981 2982 2983 2984 2985 2986 2987 2988 2989 2990 3428 4545 8026 8455 8510 8639 8981 8982 8984 9073 9089 14071 16162 16804 
军 2991 2992 2993 2994 2995 2996 6700 7459 
农 1556 2997 2998 2999 3000 3001 3002 3003 3004 3005 3006 3007 3008 3941 5497 
冠 3009 15082 
冤 3010 
冥 1467 3011 3012 3013 3014 3015 
冬 3016 3017 
冯 3018 3019 
冰 3020 3021 3075 
冲 3022 3023 3024 3025 3026 3027 3028 15211 
决 2545 2546 3022 3029 3030 3031 3032 3033 3034 3035 3036 3037 3038 3039 3040 3041 3042 3043 3044 3045 3046 3047 3048 4244 4245 5365 7703 8136 10239 15311 15312 
况 3049 5467 8159 10916 12091 12899 
冶 3050 6239 17142 
冷 1690 3051 3052 3053 3054 3055 3056 3057 6613 
冼 3058 3059 
净 160 3060 3061 3062 3063 5851 11331 13813 
凄 3064 3065 
准 555 1114 2195 3066 3067 3068 3069 3070 3071 3072 3073 4958 5412 10538 10539 11032 12949 16512 17353 
凉 828 3064 3074 3075 11879 14823 
凌 3076 3077 3078 
减 556 3079 3080 3081 3082 3442 
凑 3083 
凝 3084 3085 3086 3087 3088 3089 3090 3091 3092 
几 3093 3094 3095 3096 3097 3098 3099 3100 3101 3102 3103 3104 3105 3106 3107 3108 3109 3110 3111 3112 3113 3114 3115 3116 3117 3118 3119 3120 3121 3122 3123 3309 3771 3772 3773 3774 5604 6063 6064 6065 6765 9638 10725 12801 16325 16326 
凡 557 3124 3125 3126 3127 3169 6204 14504 15991 15992 17341 
凤 3128 
凫 3129 
凭 761 2258 3130 3131 3884 
凯 3132 3133 3134 3135 
凶 3136 3137 4582 
凸 3138 3139 3140 
出 104 105 462 463 464 488 558 778 991 1014 1189 1398 1479 1617 1638 1706 1707 1836 2045 2072 2111 2196 2197 2234 2436 2800 2974 3139 3141 3142 3143 3144 3145 3146 3147 3148 3149 3150 3151 3152 3153 3154 3155 3156 3157 3158 3159 3160 3161 3162 3163 3164 3165 3166 3167 3168 3169 3170 3171 3172 3173 3174 3175 3176 3177 3178 3179 3180 3181 3182 3183 3184 3185 3186 3187 3188 3189 3190 3191 3192 3193 3194 3195 3196 3212 3243 3296 3410 3429 3688 3712 4193 4384 4546 4585 4599 4600 4781 4792 4975 5016 5036 5407 5409 5447 5538 5568 5605 5829 5992 6314 6662 6672 6697 6698 6870 6897 6902 6904 7380 7421 7501 7504 7507 7563 7751 7752 8615 8668 8793 8794 8812 8838 8874 8902 8903 8946 8971 8982 8987 8988 8998 8999 9082 9109 9161 9168 9169 9231 9401 9424 9547 9548 9748 9762 9883 9884 9909 9929 9936 9945 9946 10240 10348 10423 10424 10699 11056 11130 11406 11430 11462 11544 11777 11891 12044 12128 12129 12252 12291 12371 12671 12862 12867 12873 13273 13368 13398 13399 13400 13608 13955 13972 13979 14452 14463 15097 15123 15125 15235 15295 15375 15384 15406 15428 15642 15706 15956 15967 15968 15993 16034 16067 16191 16202 16203 16224 16296 16445 16461 16513 16527 16584 16585 16663 17014 17307 17503 17771 
击 3023 3024 3025 3153 3197 3198 4147 5155 6699 8549 8550 9031 9151 9315 11700 11701 12166 15147 16371 
凿 3199 3200 3201 13050 13389 15339 
刀 3202 3503 7932 7933 7934 8652 
刃 11702 11703 
分 106 147 278 358 359 559 568 579 992 1424 1988 2520 2521 2522 2523 2524 2525 2526 2527 2875 3101 3203 3204 3205 3206 3207 3208 3209 3210 3211 3212 3213 3214 3215 3216 3217 3218 3219 3220 3221 3222 3223 3224 3225 3226 3227 3228 3229 3230 3231 3232 3233 3234 3235 3236 3237 3238 3239 3240 3241 3242 3243 3244 3245 3246 3247 3248 3249 3250 3251 3252 3253 3254 3255 3256 3257 3284 3567 3689 3731 3775 3776 3777 3778 4385 5174 5593 5826 5852 5909 6266 6588 7322 8103 8372 10241 10273 10401 10457 11033 11330 11581 12518 12643 12644 12645 12646 12647 12783 12976 13101 13704 13860 13867 13878 13993 14089 16275 16366 16711 17342 17882 
切 107 560 561 1642 1643 2801 2814 3258 3259 3260 3261 3262 3263 3264 3265 3266 3267 3268 3269 3270 3271 3272 3273 3274 3275 3276 3277 6589 6590 6591 6592 6593 7999 8099 8106 8251 11586 13051 14362 15875 16437 16438 16439 17282 17726 
刊 3278 3279 3280 3281 3509 4807 6267 8690 10106 10220 
刑 943 3282 
划 432 3283 3284 3285 3286 3287 3288 3289 3430 8815 9337 12369 15263 15371 15372 15373 
列 234 489 1228 3290 3291 3292 3293 3294 3295 3296 3297 3298 3299 3300 3301 3302 7084 7085 7236 7304 7422 8892 9970 13737 13738 14129 17103 17657 
刘 3303 3304 3305 3306 3307 3308 3309 
则 744 1425 3067 4059 4060 5072 5073 6455 9641 11254 11706 15264 15265 16556 
刚 3310 3311 3312 3313 3314 3315 3316 3317 3318 16850 16851 17042 
创 1140 1141 2951 3319 3320 3321 3322 3323 3324 3325 3326 3327 3328 3329 3330 3331 3332 3333 3334 3335 3336 3337 3338 3339 3340 3341 3342 4061 4601 6124 7423 7424 8456 9372 9416 9503 10150 12130 12131 13705 14685 14816 16805 17243 17408 
初 3343 3344 3345 3346 3347 3348 3349 3350 3351 3352 3353 3354 3355 3356 3357 4062 4944 6359 10083 
删 3358 
判 3359 3360 3361 3362 3363 3364 6495 8606 8607 15502 
刨 3365 
利 562 563 1229 1378 1625 1871 1930 1931 1932 2082 2282 2523 2597 2598 2599 3213 3366 3367 3368 3369 3370 3371 3372 3373 3374 3375 3376 3377 3378 3379 3380 3381 3382 3383 3384 3546 3547 3548 3549 3553 4656 4961 4983 5606 5607 5701 6011 6012 7818 8001 8264 8265 10111 10112 10365 10917 10918 10919 10949 11285 11286 11287 11288 12691 12692 13217 13642 13643 13814 13815 14387 15175 15236 16023 16024 16327 17358 17439 17440 
别 1482 3385 3386 3387 3388 3389 3390 3391 3392 3393 3394 3395 3396 3397 3398 3399 3732 3817 4796 5175 7034 8009 8010 8011 8012 9020 9553 10113 10114 10151 11390 12052 12053 12054 12055 13226 13233 13656 15515 
刮 3400 3401 
到 433 564 1362 1580 1648 1669 1784 1796 2016 2073 2198 2437 2528 3261 3402 3403 3404 3405 3406 3605 3831 4246 4262 5110 5539 6268 6623 7594 7604 7745 7753 8100 8217 8219 8292 8308 8318 8332 8457 8616 8844 8922 9000 9162 11304 11677 11750 12132 12158 12445 12863 12868 13068 13327 13390 13609 13683 14100 14407 14917 15237 15331 15367 15429 15449 15643 15685 15707 15733 15969 15973 16047 16126 16250 16372 16470 16484 16491 16616 16658 16906 17489 17491 
制 125 800 801 1492 1498 2113 2600 2737 2850 3407 3408 3409 3410 3411 3412 3413 3414 3415 3416 3417 3418 3419 3420 3431 3961 4037 4263 4264 4732 5138 5537 5538 5539 5540 6993 7020 7077 7357 7567 7568 7649 7657 8511 8551 8638 8702 8943 9136 9260 9504 9692 10227 10334 10366 10895 11255 12045 13073 13089 13102 13246 13456 13569 13667 13668 13929 13973 14072 14497 14715 15532 15708 16313 16620 17118 17119 17844 
刷 3421 3962 3963 
刹 3422 
刺 3423 3424 3425 15478 
刻 3426 3427 3428 3429 3430 3431 3432 3433 3434 3435 3436 3437 3438 3439 9810 10228 11587 11588 11589 11590 11591 13727 17259 17260 
刽 3440 
剂 3441 
削 3442 3443 3444 3485 3486 
前 527 565 1230 1872 2447 2721 3445 3446 3447 3448 3449 3450 3451 3452 3453 3454 3455 3456 3457 3458 3459 3460 3461 3462 3463 3464 3465 3466 3467 3468 3469 3470 3471 3472 3473 3474 3475 3476 3477 3478 4443 4444 4445 4454 4720 5419 5702 6077 6078 6079 7214 7626 9047 9639 10037 10313 10816 12372 12723 12724 12922 13369 14397 15058 15317 16328 16974 17373 
剑 3479 3480 4937 
剔 8832 
剖 3481 3482 15313 15314 15315 
剥 3483 3484 3485 3486 3487 3488 
剧 1633 2502 2513 3489 3490 3491 3492 3493 3494 3495 3496 3497 3498 3499 3500 3501 4433 5017 7288 7690 7691 8139 8140 8141 8144 8202 8360 8361 9505 10353 10749 12494 13481 14073 14637 15580 16160 16424 17010 
剩 3502 13937 16276 
剪 3503 3504 3505 3506 
副 108 2657 2658 3102 3507 3508 3509 3510 16712 
割 579 3214 3511 3512 3513 17882 
剽 3514 
劈 3515 
力 566 656 851 2114 2534 2658 2781 2940 2962 3024 3088 3336 3362 3516 3517 3518 3519 3520 3521 3522 3523 3524 3525 3526 3527 3528 3529 3530 3531 3532 3533 3534 3535 3550 3606 3630 3639 4038 4063 4265 4547 4689 5315 5353 5569 5703 5982 6456 6841 7078 7505 7540 7576 7693 7754 7755 8109 8212 8225 8297 8300 8314 8436 8788 10029 10115 10367 10445 10586 10886 11306 11370 11802 11864 12167 12365 12373 12381 12405 12932 12933 13144 13395 13471 13684 13706 13707 13918 14408 14550 14612 14613 14769 15107 15249 15280 15636 15649 16093 16531 16557 16558 17236 17237 17297 17709 17734 17735 17801 17807 
劝 3536 3537 3538 3539 3540 3541 
办 1190 3542 3543 6066 
功 1375 1399 2017 3544 3545 3546 3547 3548 3549 3550 3551 3552 3553 3554 3555 3556 3557 3558 3559 3560 3561 3562 5420 5421 5966 6629 7403 7404 7998 8000 8001 8013 8373 11012 15855 15888 
加 567 568 993 1581 2952 3266 3520 3563 3564 3565 3566 3567 3568 3569 3570 3571 3572 3573 3574 3575 3576 3577 3578 3579 3580 3581 3582 3583 3584 3585 3586 3587 3588 3589 3590 3591 3592 3593 4101 4310 5120 5478 5570 5704 7569 7570 7796 8235 8458 9506 9629 10053 10691 10692 10942 13339 14033 14728 17091 17860 
务 852 1913 2389 2723 3594 3595 3596 3597 3598 4988 4989 4990 6547 6548 6781 7627 10202 10576 11333 11334 15824 
劣 1967 
动 109 569 570 1142 1143 1144 1493 1521 2288 2527 3026 3599 3600 3601 3602 3603 3604 3605 3606 3607 3608 3609 3610 3611 3612 3613 3614 3615 3616 3617 3618 3619 3620 3621 3622 3623 3624 3634 4063 4148 4279 4933 5705 6165 6497 6548 6716 6717 7425 7426 7560 7856 8252 8293 8603 8781 8833 8947 9045 9137 9230 9423 10039 10430 11052 11371 11372 11407 11408 11541 11823 11824 11865 12374 12375 12481 12482 13112 13113 13328 14409 14410 14498 14897 15038 15059 15135 15136 15709 16068 16083 16151 16154 16155 16304 16305 16306 16307 16810 17684 17705 
助 1494 2377 2378 3625 3626 3627 3628 3864 7144 10116 10117 11080 11081 15930 15931 16190 
努 656 2781 3629 3630 
劫 3791 11465 
励 3631 3654 11825 14499 17912 
劲 2235 3632 7571 15974 15975 
劳 110 3551 3633 3634 3635 3636 6548 9490 9491 9594 12056 16810 
势 1968 3637 3638 3639 3640 3641 3642 3643 3644 3936 3938 4200 5706 5707 6144 7658 7892 7957 8064 8109 9518 11013 13995 15389 15957 16025 
勃 2051 3645 3646 3647 14959 14960 
勇 1203 3648 3649 3650 3651 3652 3653 9999 10000 14779 14780 
勉 3537 3654 3655 
勋 2510 
勒 2601 2602 3656 3657 3658 3659 3665 3855 6879 7086 7117 7142 11319 12057 13644 
勤 3660 3661 3662 3663 
勰 3664 
勾 3665 3666 
勿 3667 3668 
匀 3669 3670 
包 3671 3672 3673 3674 3675 3676 3677 3678 3679 3680 3681 3682 3683 3837 3838 9666 16306 
匆 3684 
化 93 97 798 823 869 872 960 963 970 1008 1038 1070 1501 1559 1670 1898 1969 1970 2129 2300 2480 2490 2681 2876 2888 3061 3215 3685 3686 3687 3688 3689 3690 3691 3692 3693 3694 3695 3696 3697 3698 3699 3700 3701 3702 3703 3704 3705 3706 3707 3708 3809 4221 4280 4317 4348 4409 4602 4984 4993 5219 5555 5571 5601 5645 5690 5691 6038 6436 6478 6658 7024 7076 7208 7258 7385 7427 7460 7557 7572 7664 7676 8029 8170 8280 8294 8625 8711 9190 9238 9348 9349 9350 9351 9352 9353 9354 9355 9356 9357 9358 9359 9360 9373 9562 9752 9972 9985 10246 10681 10982 11184 11264 11276 11566 11592 11778 11779 11780 11809 11826 12000 12028 12242 12300 12303 12315 12376 12509 12977 13005 13103 13147 13274 13337 13431 13594 13596 13659 13701 13740 13868 13996 14158 14236 14686 14797 15031 15074 15121 15176 15265 15274 15546 15884 16127 16373 16374 16375 16399 16485 16551 16586 16845 16877 17112 17395 17441 17540 17679 17899 
北 881 3709 3710 3711 3712 3713 3714 3715 3716 3717 3718 3719 3720 3721 3722 3723 3724 3902 3903 11719 12466 
匙 16885 
匚 3725 
匠 6997 
匡 3726 
匪 14886 
匮 3727 
匹 3728 3729 6021 6022 6023 
区 568 1010 3570 3730 3731 3732 3733 3734 4436 4912 4985 5303 7074 10151 10274 11203 12058 12730 12853 13121 13202 14544 15212 15625 
医 3735 3736 3737 3738 5176 
十 71 302 303 304 360 361 362 363 364 371 372 1314 1426 1427 1428 1429 1430 1431 1432 1433 1434 1435 1512 1513 1514 1515 1516 2699 2700 2701 2754 2755 2756 2757 3103 3104 3739 3740 3741 3742 3743 3744 3745 3746 3747 3748 3749 3750 3751 3752 3753 3754 3755 3756 3757 3758 3759 3760 3761 3762 3763 3764 3765 3766 3767 3768 3769 3770 3771 3772 3773 3774 3775 3776 3777 3778 3779 3780 3781 3782 3783 3784 3785 3786 3787 3788 3789 3790 3791 3792 3793 3794 3795 3796 3797 3798 4548 4826 5074 5075 5076 5077 5078 7211 9299 9300 12646 13534 13552 13553 13554 13555 16062 
千 111 112 182 206 320 365 366 367 893 894 900 901 902 1517 1892 2758 2759 3105 3106 3799 3800 3801 3802 3803 3804 3805 3806 3807 3808 3809 3810 3811 3812 3813 3814 3815 3816 3817 3818 3819 3820 3821 3822 3823 3824 3825 3826 3827 4520 5079 8374 8375 9301 9302 11021 
升 434 435 3828 3829 3830 3831 3832 3833 9001 12735 15994 16043 
午 3834 3835 
半 113 436 437 438 490 491 862 863 2710 3451 3452 3836 3837 3838 3839 3840 3841 3842 3843 3844 3845 3846 3847 3848 3849 3850 4685 4686 5594 5608 5669 7215 11320 15177 15178 16244 
华 994 995 996 997 3832 3851 3852 3853 3854 3855 3856 3857 3858 3859 3860 3861 4238 6397 6610 7216 7797 9361 9362 9640 10327 11479 11978 13685 14188 14837 15179 15180 15845 16852 
协 3862 3863 3864 3865 3866 3867 3868 3869 6114 6549 
卑 3870 3871 14500 17072 17073 17074 
卒 3872 
卓 3873 3874 3875 3876 3877 3878 
单 571 3879 3880 3881 3882 3883 3884 3885 3886 3887 3888 3889 3890 3891 3892 10936 12738 13595 13596 15381 
卖 1363 2435 3893 3894 3895 
南 881 1478 1479 1480 3856 3896 3897 3898 3899 3900 3901 3902 3903 3904 3905 3906 3907 3908 3909 3910 3911 3912 3913 3914 3915 3916 3917 3918 5399 6956 11214 11443 11495 11575 11576 11720 12466 13893 13894 15181 15182 17069 
博 3919 3920 3921 3922 3923 3924 3925 3926 3927 3928 3929 3930 3931 5190 6013 6269 6299 7278 9597 11660 
卜 3932 3933 14902 14903 
占 2278 3934 3935 3936 3937 3938 3939 
卡 3940 3941 3942 3943 3944 3945 3946 3947 10589 13497 13754 
卢 3948 3949 3950 
卦 3951 
卧 3952 3953 3954 
卫 2308 3453 3955 3956 5708 
卯 3957 10673 
印 998 3958 3959 3960 3961 3962 3963 3964 3965 3966 3967 3968 3969 3970 3971 3972 3973 3974 3975 3976 3977 3978 3979 4311 4336 4989 4990 5541 5542 5543 8750 8893 11256 11344 11904 14446 16806 
危 1104 3980 3981 3982 3983 6334 10802 13930 
即 3984 3985 3986 3987 3988 3989 3990 3991 3992 3993 3994 13341 
却 3995 3996 5931 7909 16486 
卷 114 368 439 492 1436 1518 3997 3998 3999 5080 13509 13524 13535 13549 13558 
卿 2724 2809 4000 4001 
厄 3920 4002 
厅 4003 4004 4005 9349 17600 
历 321 961 1020 1653 4006 4007 4008 4009 4010 4011 4012 4013 4014 4015 4016 4017 4018 4019 4020 4021 4022 4023 4024 4025 4026 4027 4028 4029 4030 4031 4032 4033 5177 6270 7217 7299 11704 13919 17018 
厉 944 4034 
压 4035 4036 4037 4038 4039 4040 4041 4042 4043 4044 10743 10744 13306 15137 
厌 572 4045 5021 
厘 4046 4047 
厚 1089 1753 4048 4049 4050 4051 4052 5366 7756 7918 9282 10382 11453 11593 11687 17746 
原 999 1468 2643 2802 4053 4054 4055 4056 4057 4058 4059 4060 4061 4062 4063 4064 4065 4066 4067 4068 4069 4070 4071 4072 4073 4074 4075 4076 4077 4078 4079 4080 4081 4082 4083 4084 4085 4086 4087 4088 4089 5422 5544 6888 7178 8175 9641 10275 10578 10616 16346 17736 
厦 5709 
厨 4090 
厮 4091 
去 440 484 493 864 1000 1989 3262 3385 3454 4092 4093 4094 4095 4096 5707 5778 5932 7428 8918 10854 11368 12446 12558 12850 12861 13227 14028 14453 14626 15398 16277 16376 16397 17127 
县 877 3857 4097 4098 4851 10204 14394 15180 
参 4099 4100 4101 4102 4103 4104 4105 4106 4107 4108 4109 4110 4111 4112 4113 4114 4115 4116 
又 4117 4118 4119 8331 
叉 1582 1583 
及 573 578 1925 2903 3527 4120 4121 4122 4340 5392 5393 8459 8948 9002 9971 9972 10210 10242 11539 12470 14411 14858 15332 15450 15734 16989 17457 
友 3018 4123 4124 4125 4126 8426 10199 
双 115 4127 4128 4129 4130 4131 4132 4133 4134 4135 4136 4137 4138 4139 4140 4141 4142 10000 
反 788 1442 4143 4144 4145 4146 4147 4148 4149 4150 4151 4152 4153 4154 4155 4156 4157 4158 4159 4160 4161 4162 4163 4164 4165 4166 4167 4168 4169 4170 4171 4172 4173 4174 4175 4176 4177 4178 4179 4180 4181 4182 4183 7578 10776 10777 12035 12784 12785 14372 16587 17238 
发 116 260 1001 1837 2524 2830 2840 3154 3155 3177 3216 3279 3646 3690 4184 4185 4186 4187 4188 4189 4190 4191 4192 4193 4194 4195 4196 4197 4198 4199 4200 4201 4202 4203 4204 4205 4206 4207 4208 4209 4210 4211 4212 4213 4214 4215 4216 4217 4218 4219 4220 4221 4222 4223 4224 4225 4226 4227 4228 4229 4230 4231 4232 4233 4234 4235 4236 4386 4761 4762 5034 5178 5609 5710 5949 5983 5984 6125 7237 7266 7267 7323 7429 7506 7507 8295 8460 8552 8640 8923 9507 9833 9895 10145 10933 11391 11594 11827 11927 11965 11966 12059 12377 12566 13401 13402 14159 14381 14501 14898 14960 15333 15633 16267 16377 16460 16461 17024 17591 
叔 4237 4238 
取 673 763 1376 2904 4239 4240 4241 4242 4243 4244 4245 4246 4247 4248 4249 4250 4251 4252 4253 4254 4255 4256 4257 4258 4259 4387 4388 4504 4757 4776 5534 5961 6805 8461 9003 9092 11082 11147 12159 14412 14629 14882 16036 16378 16514 16766 16767 
受 574 1629 2363 2364 2625 4260 4261 4262 4263 4264 4265 4266 4267 4268 4269 4270 4271 4272 4273 4274 8025 8296 8297 8298 8462 8617 8924 8925 11595 13920 14683 14944 17482 17498 
变 575 3492 3809 4221 4275 4276 4277 4278 4279 4280 4281 4282 4283 4284 4285 4286 4287 4288 4289 4290 4291 4292 4293 4294 4295 4296 4297 4298 4299 5179 5556 5610 5611 5711 6190 7024 7461 8218 9138 10118 10243 11083 11409 11664 11781 11782 12378 13403 14413 15019 15842 16128 16579 16846 17536 
叙 4300 4301 4302 4303 4304 4305 4306 8463 16907 
叛 4149 4307 4308 
叟 4309 
叠 4310 4311 16807 
口 441 1671 2105 3263 4312 4313 4314 4315 4316 4317 4808 4809 5779 6632 7541 10207 11760 13412 14435 16975 
古 322 442 443 1002 1553 1554 1923 3810 3811 3812 4049 4050 4318 4319 4320 4321 4322 4323 4324 4325 4326 4327 4328 4329 4330 4331 4332 4333 4334 4335 4336 4337 4338 4339 4340 4341 4342 4343 4344 4345 4346 4347 4348 4349 4350 4351 4352 4353 4354 4355 4356 4357 4358 4359 4360 4361 4587 4588 4949 5545 5546 5893 7951 9395 9508 9509 12704 12705 12706 14255 14256 14502 14945 15880 16398 16399 17467 
句 117 313 903 1269 3107 4362 4363 5081 5612 8875 8876 8898 13463 15488 15547 16990 
另 4364 4365 4366 
叩 4367 4368 
只 118 904 1759 1760 4369 4370 4371 4372 5613 
叫 4373 4657 
召 494 4374 4375 4376 4476 8299 8300 
可 576 577 578 579 580 581 582 583 584 585 586 1609 3032 4377 4378 4379 4380 4381 4382 4383 4384 4385 4386 4387 4388 4389 4390 4391 4392 4393 4394 4395 4396 4397 4398 4399 4400 4401 4402 4403 4404 4405 4406 4407 4408 4409 4410 4411 4412 4413 4414 4415 4416 4417 4418 4419 4420 4421 4422 4423 4424 4425 4426 4427 4428 4429 6588 6626 6718 6804 6842 6843 7242 7877 7880 8175 9563 9642 9643 9644 9723 9731 12808 12897 14108 15385 15442 17162 17345 
台 905 1009 1010 1261 1519 4021 4430 4431 4432 4433 4434 4435 4436 4437 4687 4745 5614 11693 12483 12495 12610 14638 14639 17043 
史 1011 1020 2346 2493 3323 3390 3455 4008 4009 4010 4011 4012 4013 4014 4015 4016 4017 4018 4019 4020 4021 4022 4023 4024 4025 4197 4326 4337 4438 4439 4440 4441 4442 4443 4444 4445 4446 4447 4448 4449 4450 4451 4452 4453 4454 4455 4456 4457 4458 4459 4460 4461 4462 4969 5180 5572 6280 6750 7621 7973 9191 9350 9363 9364 9374 9396 9448 9849 10119 10354 10778 11782 12519 13104 13275 13931 13976 14169 14180 14687 14852 15430 15548 16307 16374 
右 4463 4464 4465 4466 4467 4468 4469 4470 7008 7009 7010 7372 11122 
叶 491 1003 3345 3839 4471 4472 4473 4474 5082 10261 10493 10494 10534 14918 
号 2179 2326 3289 4314 4475 4476 4477 4478 4832 6216 6998 9403 9612 13499 13500 13501 14074 
司 2725 4479 4480 4481 4482 4483 4484 4485 4486 4487 4505 13192 
叹 4488 4489 4490 4873 4874 4879 8190 8301 10664 16853 
叼 4491 
吁 4492 4833 
吃 587 1859 2460 4493 4494 4495 4496 4497 4498 
各 833 4499 4500 4501 4502 4503 4504 4505 4506 4507 4508 4509 4510 4511 4512 4513 4514 4515 4516 4517 4518 4519 4520 4521 4522 4523 4524 4525 4526 4527 4528 4529 4530 4531 4532 4533 4534 10730 10732 12029 17553 
合 588 589 757 1437 1584 1970 1990 2803 3083 3217 3225 3264 3691 4535 4536 4537 4538 4539 4540 4541 4542 4543 4544 4545 4546 4547 4548 4549 4550 4551 4552 4553 4554 4555 4556 4557 4558 4559 4560 4561 4562 4563 4564 4565 4566 4567 4568 4569 4570 4571 4572 4573 4574 4575 4576 4577 4578 4579 4636 4637 4784 5338 5547 5548 5712 5847 5853 5995 6593 8152 9325 9326 10019 10779 11625 11744 12340 12770 12786 12789 12822 12827 12829 13228 13229 13502 13503 13759 13857 13858 13956 14056 14057 14058 14284 14314 14315 14329 15032 15797 15798 16298 16496 16558 16617 16736 17245 
吉 4580 4581 4582 4583 4584 4585 4586 5435 7524 7798 
吊 4587 4588 
同 257 590 591 592 623 667 719 781 783 1991 2677 2780 2781 2782 2783 2784 3865 3866 4499 4589 4590 4591 4592 4593 4594 4595 4596 4597 4598 4599 4600 4601 4602 4603 4604 4605 4606 4607 4608 4609 4610 4611 4612 4613 4614 4615 4616 4617 4618 4619 4620 4621 4622 4623 4624 4625 4626 4627 4628 4629 4630 4631 4632 4633 4634 4635 4636 4637 4638 4639 4640 4641 4642 4643 4644 4645 4646 4647 4648 4649 5426 5713 5714 5811 6210 6369 7231 7238 7462 7472 7659 8253 8444 11626 11627 12787 13564 13565 14761 15281 15386 16026 16432 17283 17343 17344 17345 
名 72 119 1115 1377 1378 1672 1838 1839 2177 3156 3552 3553 3556 4603 4650 4651 4652 4653 4654 4655 4656 4657 4658 4659 4660 4661 4662 4663 4664 4665 4666 4667 4668 4669 4670 4671 4672 4673 4674 4675 4676 4677 4678 4679 4840 5181 5304 5510 5511 5615 6271 6415 8376 8599 9239 9365 9643 10120 10121 12710 12967 12968 13268 13630 14160 14859 14860 14930 17513 17737 17924 
后 1004 1231 1339 1400 1769 1873 2547 2859 3456 4680 4681 4682 4683 4684 4685 4686 4687 4688 4689 4690 4691 4692 4693 4694 4695 4696 4697 4698 4699 4700 4701 4702 4703 4704 4705 4706 4707 4708 4709 4710 4711 4712 4713 4714 4715 4716 4717 4718 4721 5292 6080 7218 7709 8427 9850 10084 10817 11757 12678 13361 14373 14541 14919 16487 16743 
吏 6401 
吐 4738 
向 865 2074 2397 2398 2399 2418 2916 3474 3904 4150 4247 4719 4720 4721 4722 4723 4724 4725 4726 4727 5573 6673 7135 7508 7827 7903 7972 8014 8254 8255 8464 8653 8813 8949 8950 9564 9565 10693 10721 11751 12466 13309 13827 14622 15958 15959 16027 16028 16054 16129 16455 16506 16559 17374 17375 17376 
吕 4728 4729 
君 126 1477 2341 2548 4730 4731 4732 4733 4734 4735 5169 5182 
吝 593 4736 
吞 4737 4738 
吟 4739 4740 4741 4829 
吠 12115 
否 580 2680 4390 4742 4743 4744 9644 9924 
吧 4745 12869 16744 
含 2917 3672 4746 4747 4748 4749 4750 4751 4752 4753 4754 14967 14968 17174 17613 
听 4391 4755 4756 4757 4758 4759 6133 
启 4760 4761 4762 4763 4764 4765 4766 4767 4768 7741 10625 
吴 4769 4770 4771 4772 4773 
吵 4774 
吸 4775 4776 4777 4778 4779 4834 
吹 4780 4781 4782 4783 17541 17913 
吻 4784 12788 12789 
吼 7963 
吾 4785 4786 
呆 4787 4788 8191 12602 
呈 4789 4790 4791 4792 4793 4794 7467 13837 
告 2726 3538 4795 4796 4797 4798 4799 4800 6519 7279 7280 7281 8691 8692 13895 15361 
呐 4801 4802 
呕 1856 2199 
员 120 1141 1673 3607 4180 4803 6991 8377 9086 9240 11783 
周 121 866 1960 4804 4805 4806 4807 4808 4809 4810 4811 4812 4813 4814 4815 4816 4817 4818 4819 4820 4821 4822 4823 4824 4991 5083 10903 10904 11609 15183 
味 122 391 708 1264 1634 2100 2115 2831 2832 4065 4083 4315 4740 4825 4826 4827 4828 4885 6663 8256 8257 8258 10122 11746 13876 14278 16031 16032 17424 17542 17620 17622 
呻 4829 
呼 3456 4830 4831 4832 4833 4834 4835 4836 4837 8192 12736 
命 1615 2236 2237 2592 4010 4266 4838 4839 4840 4841 4842 4843 4844 5854 6352 6579 8015 9385 10971 12379 12380 12381 12382 12383 13434 14237 14503 14504 14614 15915 16941 17392 17393 17394 17395 17396 17397 
咀 4845 4846 4847 
和 1005 1674 2634 2635 2833 3867 4606 4848 4849 4850 4851 4852 4853 4854 4855 4856 4857 4858 4859 4860 4861 4862 4863 4864 4865 4866 4867 4868 4869 4870 5678 6195 6710 7179 7544 8053 9183 10519 10975 11063 11084 11321 11684 14010 15184 15414 15710 15749 15881 17092 17614 
咎 4871 
咏 4872 4873 4874 10750 
咒 4846 
咨 4875 
咬 4876 
哀 4877 4878 4879 4880 4881 4882 5020 8142 14869 
品 1618 1619 1675 1851 1902 1974 2200 2201 3411 3963 4330 4883 4884 4885 4886 4887 4888 4889 4890 4891 4892 4893 4894 4895 4992 4993 4994 5540 6719 6720 6749 6898 7004 7697 7828 9128 9371 9415 10276 11530 12030 12280 12447 13145 13566 13686 13876 14179 14681 14684 14688 14979 15549 17262 17407 
哂 4896 
哈 4897 4898 4899 4900 4901 4902 4903 4904 4905 4906 4907 7087 14875 17658 
哉 8126 
响 1585 1586 1587 4151 4908 4909 5111 7578 7692 7693 11588 12769 15814 17414 17415 
哗 5031 
哙 4910 
哥 4911 4912 4913 4914 4915 4916 4917 5715 10945 10946 10947 14240 14728 
哨 14740 
哭 4918 
哲 1718 1719 4919 4920 4921 4922 4923 4924 4925 4926 4927 4928 4929 4930 4931 9364 9851 14551 15195 16629 
哺 4932 4933 4934 
哼 4935 
唇 4131 4936 4937 
唐 2659 3346 4938 4939 4940 4941 4942 4943 4944 4945 4946 4947 4948 4949 4950 4951 4952 4953 9961 12711 14824 17143 17154 17157 17508 
唤 4375 4835 4954 4955 
售 2637 16913 16914 16915 
唯 4011 4956 4957 4958 4959 4960 4961 4962 4963 4964 4965 4966 4967 4968 4969 4970 4971 4972 4973 6507 6508 10340 16231 16232 16233 
唱 3812 4549 4974 4975 4976 4977 4978 4979 4980 4981 5712 6633 7561 10751 11784 12133 12134 13990 15431 17483 17738 17925 
商 1340 3003 3178 4982 4983 4984 4985 4986 4987 4988 4989 4990 4991 4992 4993 4994 4995 4996 4997 4998 4999 5000 5497 6999 16560 
啦 3515 5001 
啪 3515 5001 
啸 16942 
啻 594 
啼 5002 17837 
啾 5003 
喀 17070 
喃 5004 5005 
善 1794 4722 4852 5006 5007 5008 5009 5010 5011 5012 6371 6844 9139 12135 12136 12894 14161 
喊 4802 
喔 5013 
喜 4392 5014 5015 5016 5017 5018 5019 5020 5021 5022 5023 5024 5025 5026 5616 5716 8143 8144 10713 10719 12101 16160 
喝 5027 5028 7629 9460 10645 
喟 5029 8302 
喧 5030 5031 5032 5033 
喷 5034 5035 5036 
喻 749 5037 5038 9004 17175 
嗅 5039 
嗜 5040 5041 5042 
嗟 5043 
嗣 13435 
嘉 5044 5045 11064 
嘲 5046 5047 5048 5049 
嘴 5050 5051 
噍 5052 
器 1270 3591 5053 5054 5055 5056 5057 5058 5717 9538 9539 9780 9781 10229 10335 10834 12406 13006 13007 13874 16737 17144 17710 
噱 5059 
噶 9480 
嚼 4847 5060 
囊 5061 10001 10002 
四 123 362 363 369 370 371 372 1438 1520 1521 2760 2860 3779 3780 3781 3782 4945 5062 5063 5064 5065 5066 5067 5068 5069 5070 5071 5072 5073 5074 5075 5076 5077 5078 5079 5080 5081 5082 5083 5084 5085 5086 5087 5088 5089 5090 5091 5092 5093 5094 5095 5096 5097 5098 5099 5100 5101 5102 5103 5104 5105 5106 5107 5108 5718 7200 7201 13556 13557 13558 13559 14238 
回 124 373 1522 4132 5109 5110 5111 5112 5113 5114 5115 5116 5117 5118 5119 5120 5121 5122 5123 5124 5125 5126 5127 5128 5129 5130 8553 9163 10407 11192 11410 12662 13525 16147 16340 17522 
因 595 1176 1398 2085 2618 2660 2918 3608 4066 4527 5131 5132 5133 5134 5135 5136 5137 5138 5139 5140 5141 5142 5143 5413 5574 7588 8378 9925 10578 10780 11972 13252 13269 13754 13896 14875 15976 16644 
团 3493 5144 5145 5146 5147 10002 13122 13123 14017 17125 17246 
园 1271 2727 5148 5928 6272 6550 12462 13709 14733 
困 5149 5150 5151 5152 5153 9052 14454 
围 3673 3838 4810 5154 5155 5156 5157 5158 5159 5160 9356 11025 14798 
固 5161 5162 5163 5164 5165 5367 7028 10582 12018 12019 12283 12284 14937 17454 17455 
国 125 126 374 375 376 1006 1007 1008 1009 1010 1011 1012 1013 1014 1015 1016 1204 1573 1574 2150 2292 2661 2662 2663 2705 2994 2995 3157 3894 4234 4338 4506 5166 5167 5168 5169 5170 5171 5172 5173 5174 5175 5176 5177 5178 5179 5180 5181 5182 5183 5184 5185 5186 5187 5188 5189 5190 5191 5192 5193 5194 5195 5196 5197 5198 5199 5200 5201 5202 5203 5204 5205 5206 5207 5208 5209 5210 5211 5212 5213 5214 5215 5216 5217 5218 5219 5220 5221 5222 5223 5224 5549 5550 5575 5617 5855 6335 6390 7129 7405 7430 7799 8408 8428 8429 8430 8431 9395 9917 10277 10730 10732 10976 11232 11233 11257 11258 11925 11973 11974 11987 12097 12200 13133 13503 14137 14162 14781 14782 16203 16341 16687 
图 444 495 596 1017 1874 1926 2669 3521 4339 4465 4836 4961 5225 5226 5227 5228 5229 5230 5231 5232 5233 5234 5235 5236 5237 5238 5239 5240 5241 5242 5243 5244 5245 5246 5305 5901 5984 6380 7113 7860 8259 8728 9018 9229 10462 10506 12484 13597 13657 14163 14438 15213 15533 17083 17093 
囿 5247 
圆 906 5248 5249 5250 5251 5252 5253 5254 
圈 2575 5249 5255 5256 5257 9351 
土 2644 3158 5258 5259 5260 5261 5262 5263 10278 11156 17543 17544 17866 
圣 5264 5265 5266 5267 5268 5269 5270 5271 5272 5273 5856 13146 13147 15550 16853 
在 597 600 1814 2151 2549 2820 2821 2919 2920 3640 4117 4194 4550 4551 5274 5275 5276 5277 5278 5279 5280 5281 5282 5283 5284 5285 5286 5287 5288 5289 5290 5291 5292 5293 5294 5354 6081 6232 6233 6234 6457 6509 7904 8260 8261 8398 8926 9046 9047 9164 9165 9667 9785 9790 10244 10781 11803 11804 12054 12060 12253 12384 12546 13105 14316 14505 14571 15882 16416 16440 16441 17789 
地 155 248 833 842 1010 1018 1150 1992 2152 2171 3142 3218 3285 3338 3609 3632 3846 4214 4436 4446 4507 4604 5139 5148 5260 5295 5296 5297 5298 5299 5300 5301 5302 5303 5304 5305 5306 5307 5308 5309 5310 5311 5312 5313 5314 5315 5316 5317 5318 5319 5320 5321 5322 5323 5324 5325 5326 5327 5328 5329 5330 5331 5332 5333 5334 5335 5336 5339 5414 5468 5576 5719 5857 5858 5859 5879 6458 6459 6551 6805 6911 7180 7463 7829 8016 8815 8927 9140 9225 9512 9896 10446 10574 10874 11613 11665 11730 11761 11804 11917 12019 12061 12385 12452 12463 12706 12895 12912 12934 13045 13203 13230 13370 13436 13673 14449 14620 14646 15843 15876 15975 16410 16501 16618 16808 16909 17006 17239 17484 17739 
场 127 377 1523 3159 3494 5278 5337 5338 5339 5340 5341 5342 7075 7076 7077 7078 7079 8432 8950 9195 11182 11389 11531 11849 12254 12448 12611 13270 13437 
址 5306 16646 
均 5343 5344 5345 5346 
坊 2202 9241 15077 
坌 5347 
坎 5348 5349 
坏 2238 5350 5351 13033 15835 
坐 3981 4688 4689 5352 5353 5354 5355 5356 10802 12137 17329 
坑 5357 5358 11930 
块 128 5359 5360 5361 5362 9444 9566 13510 14665 
坚 5363 5364 5365 5366 5367 5368 5369 5370 5371 5372 5373 5374 
坛 5375 5376 9366 13193 15451 
坟 5377 
坡 867 3840 5378 9506 
坤 5379 
坦 2063 5380 5381 5382 5383 5384 7181 7383 9477 9478 10650 11972 14400 
坷 5349 
垂 5385 5386 5387 11065 
垄 5388 
型 2887 2888 3881 4067 4331 5389 5390 5720 6416 7021 8379 9510 10005 10679 12564 13117 13658 13659 13660 14799 16130 16131 16588 16589 17416 
垒 5360 5391 5489 6634 14906 
垢 6782 
垫 16908 
埃 4340 5392 5393 5394 5395 14039 16796 
埋 5396 
城 1232 2664 3953 5397 5398 5399 5400 5401 5402 9152 10675 10855 12699 16379 16943 
域 4502 5307 7464 9429 11411 12555 13253 17485 
培 4853 5403 5404 5405 5406 5407 5408 5409 5410 
基 3395 5411 5412 5413 5414 5415 5416 5417 5418 5419 5420 5421 5422 5423 5424 5425 5426 5427 5428 5429 5430 5431 5432 5433 5450 5922 6005 7406 10480 10573 10818 11984 14261 14294 15603 16117 16644 17668 17747 17821 
堂 445 5434 5435 5436 5437 5438 5439 5440 7354 9242 10881 13921 15697 
堕 5441 
堡 7533 12344 
堪 598 5442 11139 12585 
堵 5443 5444 
塑 5445 5446 5447 5448 17261 17262 17263 
塔 5449 5450 5451 5452 5453 5454 5455 5456 5457 7085 9479 13290 15784 
塘 5458 11843 14849 14850 
塞 2529 5394 5459 5460 5461 5462 5463 5464 5465 5492 8729 8730 17661 
境 2231 3692 5150 5466 5467 5468 5469 5470 5524 7800 7830 8160 8262 9052 9688 10768 11071 12088 12228 12304 12386 13708 14553 14689 15604 16507 17442 
墓 5377 5471 5472 5473 17139 
墙 5156 5474 5475 5476 13787 
增 785 5477 5478 5479 5480 5481 5482 5483 5484 11666 
墟 7366 
墨 5485 5486 5487 12935 13486 14036 
壁 1933 1934 4836 5085 5488 5489 5490 5491 15941 15942 15943 
壅 5492 5493 
壕 8433 
壤 5261 5494 
士 496 1564 1565 2327 3522 3861 3921 3922 3923 4000 4658 5495 5496 5497 5498 5501 6031 6047 6701 6880 7359 9345 10003 10190 10314 10835 11480 11899 11989 12332 13041 13042 13092 13864 14854 15743 15787 16623 16787 16858 17176 17228 17702 17735 
壮 5499 5500 5501 5502 5503 5504 5505 5506 6158 8145 15788 17216 
声 305 570 1524 2018 2019 2550 2551 3160 3885 4605 4606 4854 5507 5508 5509 5510 5511 5512 5513 5514 5515 5516 5517 5518 5618 5721 6856 7324 7325 7831 8041 8042 8773 8774 9511 10752 11034 11628 12504 12790 13626 17633 17740 
壳 16110 
壶 5519 
处 129 1112 1233 1579 1594 2106 2926 3161 3402 3693 4068 4092 4388 5308 5520 5521 5522 5523 5524 5525 5526 5527 5528 5529 5530 5531 5532 5722 6067 6109 6460 8100 8334 8465 9645 9817 10355 10782 10797 11596 12696 12778 12791 12990 13355 14506 16944 17161 17162 17201 
备 2882 2905 3068 3304 3305 5533 5534 6372 7881 7882 8414 
复 599 600 2606 4152 4153 5535 5536 5537 5538 5539 5540 5541 5542 5543 5544 5545 5546 5547 5548 5549 5550 5551 5552 5553 5554 5555 5556 5557 5558 5559 5560 5561 6939 7710 8076 9417 9629 10408 10934 12097 13773 13839 14269 16809 16810 16820 
夏 5562 5563 6313 6314 15185 
夕 3457 9768 
外 1019 1020 1234 1875 2116 2244 2493 2633 2921 3146 4323 5016 5173 5183 5279 5400 5564 5565 5566 5567 5568 5569 5570 5571 5572 5573 5574 5575 5576 5577 5578 5579 5580 5581 5582 5583 5584 5585 5586 5587 5588 5589 5590 5591 6181 6635 6636 6637 6860 6861 8263 8894 9617 10587 11494 11496 12031 12536 14507 14508 15999 16838 17132 17514 
多 218 219 402 601 602 901 902 927 928 1092 1093 1119 1536 1537 1565 1748 1959 3108 3369 3571 3783 3813 3814 3926 4393 5101 5102 5479 5556 5592 5593 5594 5595 5596 5597 5598 5599 5600 5601 5602 5603 5604 5605 5606 5607 5608 5609 5610 5611 5612 5613 5614 5615 5616 5617 5618 5619 5620 5621 5622 5623 5624 5625 5626 5627 5628 5629 5630 5631 5632 5633 5634 5635 5636 5637 5638 5639 5640 5641 5642 5643 5644 5645 5646 5647 5648 5649 5650 5651 5652 5653 5654 5655 5656 5657 5658 5659 5660 5661 5662 5663 5664 5665 5666 5667 5723 5724 5894 6771 6826 7033 7119 7229 7726 8236 8417 8731 9058 9480 9481 9976 10054 10055 10074 10085 12352 12648 12649 13983 13984 13992 14040 14597 15443 15444 15446 15663 15664 15801 15802 16011 16137 16787 
夜 130 131 2511 3458 5668 5669 5670 5671 5672 5673 11597 16945 
够 603 5674 5675 7727 14414 16037 16409 
大 132 133 604 670 834 1315 1447 1480 1525 1526 1676 1877 2010 2662 2702 2705 2761 3562 3572 3582 3711 3712 3713 3715 3718 3742 3784 3899 3900 3905 3924 4001 4394 4395 4607 4948 5086 5184 5309 5498 5502 5511 5673 5676 5677 5678 5679 5680 5681 5682 5683 5684 5685 5686 5687 5688 5689 5690 5691 5692 5693 5694 5695 5696 5697 5698 5699 5700 5701 5702 5703 5704 5705 5706 5707 5708 5709 5710 5711 5712 5713 5714 5715 5716 5717 5718 5719 5720 5721 5722 5723 5724 5725 5726 5727 5728 5729 5730 5731 5732 5733 5734 5735 5736 5737 5738 5739 5740 5741 5742 5743 5744 5745 5746 5747 5748 5749 5750 5751 5752 5753 5754 5755 5756 5757 5758 5759 5760 5761 5762 5763 5764 5765 5766 5767 5768 5769 5770 5771 5772 5773 5774 5775 5776 5777 5778 5779 5780 5781 5782 5783 5784 5785 5786 5787 5788 5789 5790 5791 5792 5793 5794 5795 5796 5797 5798 5799 5800 5801 5802 5803 5804 5805 5806 5807 5808 5809 5810 5811 5812 5813 5814 5815 5816 5817 5818 5819 5820 5821 5822 5823 5824 5825 5826 5827 5828 5829 5830 5831 5832 5833 5834 5835 5836 5837 5954 5955 6340 6381 6757 6925 7022 7023 7024 7103 7108 7230 7282 7283 7284 7360 7573 7728 7791 8264 8265 8380 8589 9166 9482 9852 10086 10447 10783 11145 11215 12014 12062 13043 13541 13669 13991 13992 13993 14060 14239 14240 14356 14509 14690 14861 14862 15942 16180 16400 16401 16811 16812 17029 17244 17247 17248 17641 17741 
天 73 134 201 240 306 446 550 1527 1770 1949 2552 2553 3017 3393 3679 4102 4690 4691 5087 5838 5839 5840 5841 5842 5843 5844 5845 5846 5847 5848 5849 5850 5851 5852 5853 5854 5855 5856 5857 5858 5859 5860 5861 5862 5863 5864 5865 5866 5867 5868 5869 5870 5871 5872 5873 5874 5875 5876 5877 5878 5879 5880 5881 5882 5883 5884 5885 5886 5887 5888 5889 7182 7756 8554 8618 8814 8815 9303 9512 9853 9905 10396 10905 11123 11357 12612 12619 12705 12706 13012 13013 14552 14643 14932 14953 15060 15061 16909 17273 
太 3906 4723 5890 5891 5892 5893 5894 5895 5896 5897 5898 5899 5900 5901 5902 5903 5904 5905 5906 5907 5908 5909 5910 5911 5912 5913 5914 5915 12095 12096 12097 
夫 340 1947 2598 2615 2616 3370 3554 4001 5451 5498 5621 5676 5729 5895 5916 5917 5918 5919 5920 5921 5922 5923 5924 6838 7000 7126 9495 10393 10836 11113 11157 14241 14242 14257 14294 14649 14650 15676 15888 16117 16624 17668 17823 
央 1021 2629 5925 
失 605 955 5926 5927 5928 5929 5930 5931 5932 5933 5934 5935 5936 5937 5938 5939 5940 5941 6845 7757 7758 8129 9271 10123 11519 14110 16454 16455 16982 
头 135 619 1677 1795 1796 3142 3641 5059 5113 5942 5943 5944 5945 5946 5947 5948 5949 5950 5951 5952 6638 6846 7431 7628 7629 7832 8512 8697 8888 9141 10230 10349 10390 10614 11731 11851 12010 12654 13008 13477 15581 16114 16278 16713 16871 16872 17308 17628 17711 17728 17834 
夷 5953 
夸 5954 5955 5956 
夹 5957 5958 5959 
夺 1378 1379 2551 2578 3487 5032 5960 5961 5962 8905 
奇 136 2020 2021 3162 4943 5963 5964 5965 5966 5967 5968 5969 5970 5971 5972 5973 5974 5975 8193 9513 12337 13148 13402 14729 16256 17217 
奈 5976 5977 9646 14863 
奉 5978 5979 9707 
奋 1858 2834 2835 3661 3662 5980 5981 5982 5983 5984 5985 5986 5987 5988 5989 8853 11488 
奎 5990 5991 
奏 2069 5992 5993 7562 7563 12412 14716 16884 17926 
契 5994 5995 5996 5997 8654 12792 17900 
奔 5998 5999 6000 6001 8655 
奖 5730 6002 9362 13933 15165 15503 15681 15682 16854 17463 17464 
套 137 177 6003 6004 9327 14764 16738 
奠 6005 6006 
奢 6007 6008 
奥 3297 3371 5438 6009 6010 6011 6012 6013 6014 6015 6016 6017 6018 6019 6020 6021 6022 6023 6024 6025 6026 8732 11598 12182 13687 
女 870 1205 1821 1822 1952 2239 2347 2497 5526 6027 6028 6029 6030 6031 6032 6033 6034 6035 6036 6037 6038 6039 6040 6041 6042 6043 6044 6045 6046 6047 6048 6049 6101 6105 6175 6531 6760 10753 11562 12505 15162 
奴 2999 6050 6051 6052 6053 6054 6055 
奸 6056 16561 
好 606 2438 2847 2953 2954 5018 6057 6058 6059 6060 6061 6062 6063 6064 6065 6066 6067 6068 6069 6070 6071 6072 7630 8100 8101 8237 8608 8649 9005 10055 10056 10087 10784 11975 11976 12292 12870 14164 14165 14166 14653 14884 15644 16012 
如 138 607 608 1794 2203 2366 4960 5622 6073 6074 6075 6076 6077 6078 6079 6080 6081 6082 6083 6084 6085 6086 6087 6088 6089 6090 6091 6092 6093 6094 6095 6096 7254 8102 8103 9719 10062 10124 10562 10780 10790 10920 12098 12387 14510 15665 16394 16577 17031 17377 
妃 4692 
妄 6097 6133 14991 
妆 3694 
妇 1620 3000 6098 6099 6100 6101 6104 9514 
妍 6102 
妒 6103 6104 6184 
妓 6105 
妖 6106 6107 9457 
妙 609 5967 6014 6108 6109 6110 6111 6112 7016 7783 12183 13688 13718 14167 14860 17742 
妥 610 6113 6114 6115 6116 
妨 6117 
妩 6118 
妮 6336 
妻 2861 5918 6119 6120 
姆 2309 6121 7098 10425 10426 11216 11260 11491 11497 15356 15357 17076 
始 3347 4069 4070 4071 4072 4073 4074 6122 6123 6124 6125 6126 6127 6128 6129 6130 6131 6132 10125 13299 13300 13897 14336 14511 14512 15977 
姐 6721 
姑 6133 6827 
姓 6134 12650 14250 
委 6135 6136 6137 
姗 6138 6139 
姚 6140 
姬 6141 
姻 6142 14317 16763 
姿 5623 5624 5634 6143 6144 6145 9058 13983 17218 
威 1556 6017 6018 6019 6146 6147 6148 6149 6150 6151 6152 6153 6154 6155 6156 6157 6158 7801 7802 7803 10368 10369 10527 17219 
娃 6159 
娄 6160 
娜 6161 14752 14938 
娱 6162 6163 6164 6165 9352 14306 14513 14514 
娲 1952 6032 
娴 6166 
娶 6167 
娼 16606 
婆 6168 
婉 3065 6136 6169 6170 6171 6172 
婚 6173 
婢 6051 6174 6175 
媒 2022 2027 2028 5625 5689 6176 6177 6178 15334 
媚 6118 6179 6180 6181 
媛 6182 
媳 2498 
媸 6102 
嫁 6183 
嫉 6184 
嫌 6185 
嫱 6186 
嬉 6187 6188 6189 
嬗 6190 
子 65 139 271 286 378 497 967 1528 1678 2245 2499 2728 3200 3219 3220 3221 3440 3933 4472 4477 4733 4771 5135 5256 5268 5486 5626 5759 5860 5919 6033 6120 6191 6192 6193 6194 6195 6196 6197 6198 6199 6200 6201 6202 6205 6240 6245 6248 6307 6722 6926 7166 7296 7344 7509 7537 7694 8449 8532 8533 9749 10279 10457 10503 10565 10588 10643 10954 11576 11763 11995 12201 12349 12485 12486 12487 12506 12634 12976 13466 13610 13614 13665 14242 14243 14348 14437 14813 14814 14818 15157 15622 15666 15667 15711 15879 15944 15945 15965 16059 16094 16192 16508 16847 16910 16935 16946 17523 17624 17712 17713 17856 17918 
孔 6203 6204 6205 6206 6207 6208 6209 6210 6211 6212 6213 15672 15673 16893 17378 17919 
孕 3674 6214 
字 1679 3785 3786 4133 4659 5731 5732 6215 6216 6217 6218 6219 6220 6221 6222 6223 6224 6225 6226 8555 8556 9367 9368 9369 11109 15615 
存 600 611 1198 2259 2260 2310 2465 2785 2786 5229 6227 6228 6229 6230 6231 6232 6233 6234 6235 6236 6237 6461 6509 7152 7239 7310 7833 7834 8466 9229 9328 9647 9741 11066 12255 12388 12389 12390 12547 13105 14834 16647 
孙 2500 2729 2730 2731 6196 6238 6239 6240 6241 13134 13135 
孜 6242 6243 
孝 6244 6245 6246 6847 7919 
孟 6247 6248 6249 6250 10070 
季 6251 
孤 6252 6253 6254 6255 6256 6257 6258 6259 
学 379 447 803 1014 1015 1022 1206 1341 1480 1499 1583 1680 1694 1699 1700 1707 1718 1728 1729 1754 1919 2055 2056 2301 2487 2576 2732 2743 2836 3098 3221 3523 3662 3695 3696 3697 3711 3712 3713 3736 3738 3866 3899 3900 3925 3926 4012 4013 4199 4327 4332 4341 4447 4448 4508 4608 4660 4693 4921 4922 4923 4924 4925 4926 4927 4928 5185 5577 5692 5733 5734 6260 6261 6262 6263 6264 6265 6266 6267 6268 6269 6270 6271 6272 6273 6274 6275 6276 6277 6278 6279 6280 6281 6282 6283 6284 6285 6286 6287 6288 6289 6290 6291 6292 6293 6294 6295 6296 6297 6298 6299 6300 6301 6302 6303 6304 6305 6306 6340 6362 6552 6553 6723 6724 7108 7367 7671 7835 7854 7855 7905 8017 8534 8692 9192 9197 9243 9244 9261 9284 9304 9353 9368 9370 9371 9372 9373 9374 9375 9376 9377 9378 9379 9380 9381 9382 9383 9384 9385 9418 9502 9515 9523 9772 9930 10254 10280 10315 10688 10935 10983 11005 11085 11234 11444 12014 12037 12087 12184 12245 12248 12271 12293 12294 12383 12417 12420 12630 12793 13042 13106 13107 13114 13149 13150 13209 13271 13272 13273 13274 13275 13276 13277 13278 13279 13280 13281 13282 13283 13500 13623 13660 13879 13918 13922 13932 13933 14168 14169 14170 14171 14256 14515 14551 14557 14668 14844 15195 15282 15314 15315 15391 15431 15463 15551 15601 15608 15613 15682 16152 16241 16322 16380 16532 16553 16601 16625 16626 16629 17028 17409 17410 17641 
孩 6307 6308 6309 12507 
孰 6310 
孱 6311 
宁 295 3298 3299 3300 3668 6149 6312 6313 6314 6315 6316 6683 16245 
它 16679 
宅 13242 
宇 5735 6317 6318 6319 6320 
守 2311 2312 5162 5368 5896 6321 6322 6323 6324 6325 6326 6327 8087 9100 10563 12202 12548 14426 16665 
安 612 613 2837 3306 3972 3973 5344 6328 6329 6330 6331 6332 6333 6334 6335 6336 6337 6338 6339 6340 6341 6342 6343 6344 6345 6346 6347 6348 6349 6350 6351 6352 7392 7393 7836 7837 9516 14946 15186 16788 16816 17330 
宋 3716 3907 4946 4947 4948 4949 4950 4952 6353 6354 6355 6356 6357 6358 6359 6360 6361 6362 6363 6364 
完 6365 6366 6367 6368 6369 6370 6371 6372 6373 6374 6375 6376 6377 6378 16181 
宏 6379 6380 6381 6382 6383 6384 6385 6571 8077 15131 
宓 6386 
宕 6387 16048 
宗 140 4953 5736 6355 6356 6388 6389 6390 6391 6392 6393 6394 6395 6396 6397 10579 10785 10950 13210 17743 17744 
官 1116 1170 1529 2204 2439 4449 5056 6034 6398 6399 6400 6401 6402 6403 6404 8303 14138 14258 17346 17745 17746 
宙 6319 6320 6405 
定 141 613 614 1876 2409 2525 2680 3034 3035 3036 3286 3360 3412 4046 4743 5163 5369 5370 6006 6337 6406 6407 6408 6409 6410 6411 6412 6413 6414 6415 6416 6417 6418 6419 6420 6421 6422 6423 6424 6425 6426 6427 6428 6429 6430 6431 6432 6433 6434 6435 6436 6437 6438 7228 7883 8392 9461 9742 11712 12063 12537 13052 13183 13345 13346 13797 13980 14363 15266 15267 15387 15452 15480 16002 16515 16867 16896 16984 17120 17197 17578 
宛 6439 6440 
宜 589 615 1401 2283 3413 4552 5138 6441 9811 10370 16497 
宝 323 380 6442 6443 6444 6445 6446 6447 12338 
实 561 825 1023 1090 1402 1403 1797 2328 2530 2862 2863 2975 2976 2977 3265 3266 3267 3268 3326 3595 4450 4671 5280 5281 5371 6082 6137 6448 6449 6450 6451 6452 6453 6454 6455 6456 6457 6458 6459 6460 6461 6462 6463 6464 6465 6466 6467 6468 6469 6470 6471 6472 6473 6474 6475 6476 6477 6478 6479 6480 6481 6482 6483 6484 6485 6486 6487 6488 6489 6490 6491 6492 6493 6505 6511 7183 7920 8434 8539 10326 10327 10489 11086 11582 11937 12256 12257 12258 12259 12260 12261 12896 12897 12898 12899 12900 13053 13806 13807 13934 14449 14456 14529 14920 14992 15001 15354 15393 15492 15593 16000 16001 16076 16954 
宠 15138 
审 6494 6495 6496 6497 6498 6499 6500 7377 
客 1145 1146 1147 2440 6501 6502 6503 6504 6505 6506 6507 6508 6509 6510 6511 6512 6578 9184 15062 
宣 1024 5804 6513 6514 6515 6516 6517 6518 6519 6520 6521 6522 6523 6524 15965 
室 1342 4811 6525 6526 6527 9256 10020 13009 13022 14978 
宪 4473 6528 
宫 3949 5737 6529 6530 6531 6532 6533 6534 
宰 1148 6535 6536 
害 1882 3372 4267 4268 6537 6538 8869 9648 10126 12475 16024 16442 16669 
宴 17846 
宵 16562 16563 
家 142 381 802 803 826 907 1729 1823 1975 2056 2180 2205 2212 2354 2488 2489 2490 2665 2703 2851 2993 3001 3163 3179 3696 3787 3815 3816 4013 4234 4448 4451 4509 4661 4923 5088 5125 5186 5187 5188 5189 5190 5209 5262 5263 5282 5487 5566 5627 5738 5739 6044 6274 6360 6487 6539 6540 6541 6542 6543 6544 6545 6546 6547 6548 6549 6550 6551 6552 6553 6554 6555 6556 6557 6558 6559 6560 6561 6562 6563 6751 7415 7631 7855 7974 8043 8409 8610 9193 9274 9375 9386 9419 9567 9603 10316 10356 10479 11235 11259 11372 12294 12316 12520 12651 12652 13023 13107 13113 13150 13243 13276 13709 13831 14170 14244 14526 14691 15063 15315 15565 15667 16626 16627 16630 16745 16777 17055 17260 17263 17411 17659 17927 
容 616 617 702 703 1202 1798 1799 2922 2923 3610 3675 3676 6564 6565 6566 6567 6568 6569 6572 6922 7660 7661 9121 9244 9265 11050 12794 12795 
宽 3573 6570 6571 6572 6573 6574 6575 6576 8751 14398 16947 
宾 5032 6577 6578 8733 9483 9484 
宿 6579 7589 17595 
寂 6255 6580 6581 6582 11164 
寄 6583 6584 6585 
寅 6586 
密 945 2814 4812 6587 6588 6589 6590 6591 6592 6593 6594 6595 6596 6597 6598 6599 6600 12569 12573 13295 13758 13759 13760 13774 13869 14095 14793 
富 669 1091 1092 1093 1094 6601 6602 6603 6604 6605 6606 6607 6608 6609 6610 6611 7729 10088 10442 10448 15825 
寒 6612 6613 6614 6615 17603 
寓 6584 6616 6617 6618 6619 
寝 6620 
寞 6255 6581 
察 2117 6459 6621 6622 6623 9854 9855 11358 11359 12851 14259 15248 15249 16572 
寡 6624 
寥 6625 6626 6627 6628 
寰 1681 
寸 143 3222 6629 6819 
对 144 618 619 2206 3534 3574 4154 4609 6630 6631 6632 6633 6634 6635 6636 6637 6638 6639 6640 6641 6642 6643 6644 6645 6646 6647 6648 6649 6650 6651 6652 6653 6654 6655 6656 6657 6658 6659 7042 7326 7327 8381 9220 11341 11392 12796 12797 12798 13580 13741 13994 13995 13996 13997 13998 15108 16874 17379 
寺 6660 8618 
寻 6661 6662 6663 6664 6665 6666 6667 6668 6669 6670 7456 8907 9034 14278 16465 17344 
导 1149 1150 1151 1914 2023 2386 6520 6671 6672 6673 6674 6675 6676 6677 6678 6679 6680 6681 7510 7511 7512 8816 8817 8818 8819 8951 12570 14075 14622 15626 15634 17486 17487 
寿 6682 6683 
封 908 2944 3841 3842 4155 6684 6685 6686 6687 6688 6689 6690 6691 6692 6693 6694 6783 14805 
射 4195 6695 6696 6697 6698 6699 8656 8667 8668 9167 9168 9169 9272 16197 
将 448 1152 3986 4662 4786 6418 6700 6701 6702 6703 7131 7884 13898 15158 
尊 145 6704 6705 6706 6707 6708 6889 12138 14516 14598 
小 146 147 620 1025 1569 1877 3307 3843 4014 4395 5089 5191 5681 5714 5740 6554 6709 6710 6711 6712 6713 6714 6715 6716 6717 6718 6719 6720 6721 6722 6723 6724 6725 6726 6727 6728 6729 6730 6731 6732 6733 6734 6735 6736 6737 6738 6739 6740 6741 6742 6743 6744 6745 6746 6747 6748 6749 6750 6751 6752 6753 6754 6755 6756 6757 6758 7730 9877 11717 12154 12991 12998 14101 16552 16674 16964 17301 17345 
少 621 1120 3080 4393 5607 5620 5897 6759 6760 6761 6762 6763 6764 6765 6766 6767 6768 6769 6770 7219 7731 7877 8417 10057 10449 12353 12964 14111 14599 16182 17128 
尔 1472 1817 1942 1943 1947 1950 2083 2603 2604 3269 3575 3657 3942 3947 3950 4583 4584 4898 4899 5452 5461 5977 6150 6345 6771 6772 6773 6774 6775 6776 7055 7056 7057 7058 7088 7092 7311 7312 7803 7804 7814 8355 8570 8571 8572 8730 8739 8744 9065 9066 9443 9492 9973 10525 10589 10604 10617 10618 11157 11186 11291 11322 11498 11502 11683 12064 12110 12343 12344 12702 13284 13497 13645 13650 13756 14894 14913 15187 15680 15681 15682 15803 15926 16115 16116 16117 16251 16252 16260 16294 16789 17071 17072 17073 17074 17075 17282 17302 17660 17661 17662 17747 17890 17901 
尖 6777 6778 17920 
尘 3164 4694 6779 6780 6781 6782 6783 7784 7785 10210 17545 17546 
尚 4855 5462 6784 6785 6786 6787 6788 6789 6790 6791 6792 6968 13119 17547 17748 
尝 148 2153 6793 6794 10245 
尤 6795 6796 6797 6798 11260 
尧 6799 6800 10628 
尬 6801 6814 
就 174 268 1322 3556 6802 6803 6804 6805 6806 6807 6808 6809 6810 6811 6812 8382 9791 12391 16195 16590 16905 
尴 6813 6814 
尸 6815 6816 
尹 6817 
尺 1905 6818 6819 6820 6821 10540 12653 12654 
尻 6822 
尼 1900 5453 6151 6152 6330 6331 6823 6824 6825 6826 6827 6828 6829 6830 6831 6832 6833 6834 6835 6836 6837 6838 6879 7085 7089 7524 10281 10282 10589 11287 11288 12211 14364 14365 14730 14877 16115 16116 16117 
尽 622 623 3524 4026 4242 4614 6839 6840 6841 6842 6843 6844 6845 6846 6847 6848 6849 6850 6851 6852 6853 6854 9649 9709 10450 11561 13360 15594 
尾 1796 6855 6856 6857 6858 12011 13957 
尿 6859 9080 
局 995 1343 2666 4004 4005 4480 5741 6860 6861 6862 6863 6864 6865 6866 6867 6868 7090 7632 7633 7634 10590 13958 14692 
层 149 150 382 498 909 1439 2097 2098 5326 5415 5628 5629 5630 6869 6870 6871 6872 6873 6874 6875 6876 7345 9354 9462 10046 10047 10100 11599 11600 13118 13536 13965 14765 15098 17060 17749 17750 
居 4610 4698 6877 6878 6879 6880 6881 6882 6883 6884 9600 12620 13354 13355 14201 14517 15763 15978 16095 16696 17177 
屈 624 625 6885 6886 6887 6888 6889 6890 14604 
届 2704 2705 3780 4027 5090 6891 
屋 6727 6892 6893 8450 
屎 8734 
屏 6894 14843 15283 
展 968 2201 3690 4135 4196 4197 4198 4199 4200 5128 5220 5742 6895 6896 6897 6898 6899 6900 6901 6902 6903 6904 6905 6906 6907 8590 8752 9545 9591 11594 12521 12566 13027 14630 14693 14960 16267 16381 17591 
属 499 804 1800 1801 4611 6463 6908 6909 6910 6911 6912 7590 7591 7592 8467 9931 10305 10865 11261 12737 12738 17094 
屠 6913 
屡 6914 6915 6916 6917 6918 
履 3444 6919 
山 3165 3870 3908 4695 5908 6728 6742 6920 6921 6922 6923 6924 6925 6926 6927 6928 6929 6930 6931 6932 6933 6934 6935 6936 6937 6938 6939 6940 6941 6942 6943 7432 9485 9568 11118 11996 12282 13015 13788 14734 14825 15188 15778 16417 16681 16880 17048 17074 17229 17867 17868 
屿 6952 
岁 2706 6944 
岂 6945 6946 6947 
岐 3223 6948 
岗 6949 6950 10950 
岛 3844 6951 6952 9486 11499 16244 
岩 6927 6953 6954 
岭 6955 6956 
岱 7542 
岳 6957 6958 16855 
岸 2011 6959 7704 10951 11217 
峙 6639 6960 
峡 6961 
峦 6962 
峨 6985 
峪 6963 
峰 1469 4134 6964 6965 6966 6984 10101 12613 12614 17430 17751 
峻 17752 
崇 5239 6967 6968 6969 6970 6971 6972 6973 6974 8952 12407 13132 
崔 6975 6976 
崖 6977 
崛 6978 
崩 6979 6980 17274 
崭 6981 
嵇 6982 
嵌 6983 16936 16937 
巅 1469 6965 6984 
巍 6985 
川 1105 1935 2645 5091 5092 5743 6729 6928 6986 12194 12655 12656 15189 
州 2772 6987 7285 8600 8675 10419 11500 12697 17869 
工 1207 1507 1682 1840 2207 3002 3003 3224 3225 3576 3596 3698 4612 5497 5861 6275 6988 6989 6990 6991 6992 6993 6994 6995 6996 6997 6998 6999 7000 7001 7002 7003 7004 7472 8513 8514 8515 9420 9750 12366 13101 13124 13361 13742 13887 14651 14694 16645 
左 7005 7006 7007 7008 7009 7010 7011 7012 7013 7014 10451 12799 
巧 3327 7015 7016 8622 8623 13689 
巨 7017 7018 7019 7020 7021 7022 7023 7024 7025 7026 7027 14659 17844 
巩 7028 
巫 6035 7029 7030 7031 
差 964 2419 3817 4156 5744 7032 7033 7034 7035 7036 7037 8010 12800 12801 13254 
己 151 152 730 2605 3373 3374 4218 4515 7038 7039 16087 
已 626 637 638 853 2606 2835 3987 5707 7040 7041 7042 7043 7044 7045 7046 7047 7048 7049 7050 7051 9792 9793 12262 
巳 7052 
巴 4342 4343 4914 4915 7053 7054 7055 7056 7057 7058 7059 7060 7061 7062 7063 7064 7065 7066 7067 7068 7069 7070 7805 7806 11289 15816 16917 
巷 15078 17108 
巾 5944 
币 15838 15839 16932 
市 5310 5311 5401 6730 6731 7071 7072 7073 7074 7075 7076 7077 7078 7079 7080 7081 7082 7328 8950 11531 12757 12852 12853 16724 
布 3226 5454 6521 7083 7084 7085 7086 7087 7088 7089 7090 7091 7092 7093 7094 7095 7096 7097 7098 7099 7313 9048 11335 11412 14131 14876 14877 14954 15817 15818 16619 17130 17465 
帅 1153 7100 14011 
师 1635 3713 3717 3718 5745 6040 6674 7030 7101 7102 7103 7104 7105 7106 7107 7108 7109 7416 9245 12022 13211 14245 14690 16137 17641 
希 3909 4344 5455 7110 7111 7112 7113 7114 7115 7116 7117 7118 7119 7120 7121 7122 7123 9974 15818 
帐 7124 9122 
帕 7125 7126 17075 
帘 13413 
帜 9613 12142 
帝 449 1530 4157 7127 7128 7129 7130 7131 7132 10837 11110 11880 12679 14137 17870 17871 
带 153 5312 7133 7134 7135 7136 7137 7138 7139 7651 11918 14415 14666 17417 
席 154 155 1154 7140 7141 7142 7143 
帮 5069 7144 7145 
帷 7146 16310 
常 1026 1325 4158 4159 6555 6556 6664 7147 7148 7149 7150 7151 7152 7153 7154 7155 7156 7157 7158 7159 7160 7161 7162 7163 7164 7184 7185 7456 7465 8210 9207 9650 9751 9752 9753 9812 10786 13923 15995 16564 17344 17347 17348 17349 
幄 7146 16310 
幅 156 383 3109 3788 5746 6820 7025 7165 8854 13631 16355 16680 
幌 7166 
幕 157 158 480 7305 7433 16902 16985 
干 159 160 7167 7168 7169 7170 7171 7172 7173 7174 7175 10551 10692 14763 14764 14765 17714 
平 627 1027 3612 3906 4856 4857 5898 5899 7176 7177 7178 7179 7180 7181 7182 7183 7184 7185 7186 7187 7188 7189 7190 7191 7192 7193 7194 7195 7196 7197 7198 7199 7200 7201 7202 7203 7204 7205 7206 7207 7208 7209 8383 8504 8799 9951 11035 12392 12393 12396 14700 16674 17763 
年 63 83 112 161 219 220 303 304 307 324 363 364 367 372 384 403 894 910 928 1028 1084 1235 1316 1415 1429 1432 1434 1435 1440 1453 1515 1516 1531 1537 1538 1669 1771 1791 2700 2701 2707 2756 2757 2759 2762 3106 3110 3119 3121 3746 3754 3756 3760 3773 3781 3789 3790 3791 3818 3822 3823 4028 4135 5076 5077 5093 5102 5503 5631 6762 7210 7211 7212 7213 7214 7215 7216 7217 7218 7219 7220 7221 7222 7223 7224 7225 7226 7227 7542 7635 9300 9302 9305 9794 9962 10175 10906 12510 12638 12649 12657 13467 13468 13469 13511 13537 16320 16325 16326 16329 16330 16336 17313 17314 
并 2907 7228 7229 7230 7231 7232 7233 7234 7235 7236 7237 7238 7239 7240 7241 7242 7243 7244 7245 7246 7247 7248 7249 7250 7251 7252 7253 7254 7255 12802 
幸 628 7256 10127 10371 
幻 4281 7257 7258 7259 7260 7261 7262 7263 7264 8018 14993 14994 17536 
幼 7265 7266 7267 7268 14246 16948 
幽 7269 7270 7271 7272 7273 11359 17895 
广 1029 6573 7274 7275 7276 7277 7278 7279 7280 7281 7282 7283 7284 7285 7286 7287 7288 7289 7290 7291 7292 7293 8953 10376 10377 11601 12488 
庄 7294 7295 7296 7297 14247 16703 17928 
庆 6356 7298 7299 13470 
庇 7300 
床 7301 7302 
序 1841 7303 7304 7305 7306 7307 7308 9651 10128 10706 13303 17443 
庐 421 14806 
库 6217 6443 7309 7310 7311 7312 7313 7314 17660 17661 
应 629 2252 2253 3456 4160 4837 5114 6640 7290 7315 7316 7317 7318 7319 7320 7321 7322 7323 7324 7325 7326 7327 7328 7329 7330 7331 7332 7333 7334 7335 7336 7337 7338 7339 7340 7341 8304 8468 9212 11341 11938 12295 12306 12803 12842 13054 16155 16498 17444 
底 3403 3555 6687 7266 7267 7342 7343 7344 7345 7346 7347 7348 7349 7350 7594 7595 7702 7703 8735 10129 10231 11036 12923 14750 15643 
庖 7351 
店 413 1344 4809 4995 7352 
庙 7353 7354 13151 
庚 7355 
府 1272 2635 7356 7357 9185 9499 9677 9678 11106 
庞 7358 7359 7360 7361 7362 7363 7364 
废 2420 2838 7365 7366 7367 
度 162 308 385 1441 1720 1905 2708 2763 2955 3414 3525 3592 3964 3965 4336 5094 5192 5658 5661 5797 5832 6821 6995 7286 7368 7369 7574 7958 8954 10130 10512 11014 11602 11903 12410 12968 13102 13310 13335 14041 14567 15301 15302 16279 16382 16580 16949 17121 17202 17753 17754 
座 163 5632 7370 7371 7372 7373 7374 7375 7393 
庭 3227 3228 5738 5793 6557 6558 7376 7377 7720 10212 11262 
庵 7378 
庶 7379 7380 
康 2452 7381 7382 7383 11067 16099 17327 
庸 1030 1031 7186 7384 7385 7386 10888 10889 17095 
廉 6153 7387 7388 7389 11635 
廊 10532 12522 
廓 16148 16149 
延 5578 7390 7391 7392 7393 7394 7395 7396 7397 7398 14053 14054 14270 
廷 6532 7399 9839 10213 15192 
建 1032 3841 3842 3876 4155 5193 5283 6688 6689 7400 7401 7402 7403 7404 7405 7406 7407 7408 7409 7410 7411 7412 7413 7414 7415 7416 7417 7418 8469 9517 10463 14012 16813 
开 164 630 3204 3229 3287 3391 3699 4376 4763 5862 6636 6641 6899 7419 7420 7421 7422 7423 7424 7425 7426 7427 7428 7429 7430 7431 7432 7433 7434 7435 7436 7437 7438 7439 7440 7441 7442 7443 7444 7445 7446 7447 7448 7449 7450 7451 7452 7453 7454 8557 8717 8718 8736 9076 9110 9149 9170 9267 9463 10246 10837 11360 11667 12705 12706 13040 13223 13231 13646 13647 14062 14222 15774 16670 16856 
异 964 3874 4282 4283 4510 5133 5714 5965 6732 7035 7036 7455 7456 7457 7458 7459 7460 7461 7462 7463 7464 7465 7466 7467 7468 7469 7470 7471 7472 7473 7474 7475 7476 7477 7478 7479 7906 8010 8045 8194 8999 9652 9653 9755 10131 11087 12065 12804 14308 16430 17553 
弃 889 7480 7481 7482 8601 8680 9060 9171 14374 15141 16210 
弄 4741 5047 7483 7484 
弊 7485 7486 7487 9813 11413 
式 396 871 1461 1890 2029 2037 2118 2733 4201 4511 4512 4917 5230 5424 5551 7438 7488 7489 7662 7663 7664 9049 9569 9582 10035 10566 10591 10680 10681 10787 10984 11399 11966 12367 12668 12707 13336 13337 13936 14800 15037 15109 15712 17464 
弑 7490 7491 
弓 7492 
引 3927 4777 5315 6675 7493 7494 7495 7496 7497 7498 7499 7500 7501 7502 7503 7504 7505 7506 7507 7508 7509 7510 7511 7512 7513 7514 7515 7516 7517 7518 7519 7520 7521 7522 7715 8682 8820 9029 9597 16132 
弗 7523 7524 7525 7526 7527 7528 7529 7530 7531 7532 7533 7534 8737 
弘 2731 7535 
弛 7536 
弟 2515 2516 6197 6198 7537 15622 
张 165 911 912 1155 5747 5956 7538 7539 7540 7541 7542 7543 7544 7545 7546 8591 13761 14631 
弥 7547 7548 11520 
弦 4858 4859 5678 6710 7549 7550 7551 7552 7553 13615 13616 
弧 7554 
弯 7555 
弱 631 3081 3443 6311 7556 7557 7558 7559 8353 10520 14429 14972 14995 16183 
弹 4161 7560 7561 7562 7563 7564 8516 14252 16814 
强 632 2734 3266 3301 3314 3577 3655 3931 4153 5231 5480 5984 7565 7566 7567 7568 7569 7570 7571 7572 7573 7574 7575 7576 7577 7578 7579 7580 7581 7582 7583 7584 12001 12046 12053 14518 14519 15214 17456 
弼 7585 
归 2261 4613 4614 5115 5116 5552 7586 7587 7588 7589 7590 7591 7592 7593 7594 7595 7596 7597 7598 7599 7600 7601 7602 7603 7604 7605 7606 7607 9786 11767 12656 13899 16342 17796 
当 633 1557 1558 2154 2531 3578 5802 6115 7329 7608 7609 7610 7611 7612 7613 7614 7615 7616 7617 7618 7619 7620 7621 7622 7623 7624 7625 7626 7627 7628 7629 7630 7631 7632 7633 7634 7635 7636 7637 7638 7639 7640 7641 7642 7643 7759 8104 8715 9616 12263 12306 12307 12741 12805 12806 12807 12808 13690 15064 16499 
录 4766 6464 7644 7645 7646 7647 7648 7649 7650 7651 12531 12725 14211 15420 15421 15434 15605 16177 17096 
彝 7652 7653 
形 659 1683 1712 2119 3099 3700 4284 4285 4615 4994 5105 5313 5448 5579 6218 6419 7201 7654 7655 7656 7657 7658 7659 7660 7661 7662 7663 7664 7665 7666 7667 7668 7669 7670 7671 7672 7673 7674 7675 7676 7677 7678 7679 7838 8161 8279 8280 9329 9518 9570 9654 9655 9656 9932 10132 10464 10534 10984 11399 12264 12565 12566 12809 12810 13108 14695 14790 15109 15251 15389 15522 15913 16096 16591 16613 17170 17255 
彤 7680 
彩 1033 1092 1532 1533 2021 2577 2578 5624 5633 5634 5635 5965 7466 7467 7681 7682 7683 7684 7685 7686 7687 11037 11038 11225 11405 11740 13984 14667 14668 14669 
彰 12812 
影 1684 2367 2579 5748 6420 7259 7688 7689 7690 7691 7692 7693 7694 7695 7696 7697 7698 8657 8866 9042 9043 11588 12489 12490 12491 12769 14102 14375 15814 16097 17049 
彷 7699 
役 5920 6052 7700 
彻 5749 7701 7702 7703 15870 16528 
彼 7704 7705 7706 7707 10823 
往 1588 1862 1878 2956 4345 4724 7708 7709 7710 7711 7712 10409 13152 13329 16565 
征 971 2884 5425 7713 7714 7715 7716 7717 7718 8019 9597 10306 12066 12067 15099 15139 15779 15780 15781 17554 
径 5793 7719 7720 7721 8882 10158 10581 13894 15065 16542 16681 
待 634 953 1879 6787 7722 7723 8785 10133 10134 10221 12871 14488 
徇 7724 7725 
很 7726 7727 7728 7729 7730 7731 7732 7733 7734 7735 7736 7737 
徊 7773 
律 1158 1442 4572 6421 6512 7738 7739 7891 9604 9988 10592 10593 11263 11264 13808 14520 14521 14560 15268 15269 17425 
徐 7740 7741 7742 11658 
徒 2182 2329 5430 6276 7743 7744 9246 
得 500 635 636 637 638 639 743 1380 2391 2392 2393 2394 2895 3166 4202 4248 4286 4396 4513 4553 5157 5527 6002 6338 7330 7705 7706 7745 7746 7747 7748 7749 7750 7751 7752 7753 7754 7755 7756 7757 7758 7759 7760 7761 7762 7763 7764 7765 7766 7767 7768 7769 7770 7771 7772 7837 7885 8129 8219 8318 8351 8470 9069 9933 11088 11603 12296 12394 12811 12812 12872 12873 12874 13567 13611 13924 14522 14883 14884 15205 15238 15296 15644 15735 15736 15939 17203 17515 
徘 7773 
御 7774 7775 
徨 7699 
循 7776 7777 7778 7779 7786 14656 
微 1570 1802 2646 2879 7780 7781 7782 7783 7784 7785 7786 7787 7788 7789 7790 7791 11359 12559 13691 13718 13870 13882 
徵 7792 9387 
德 770 1565 1752 1880 1936 2184 3308 4485 4486 4586 4616 4886 4900 4913 4914 4915 5269 5435 5636 6015 6016 6025 6249 6772 7059 7094 7119 7361 7362 7382 7530 7534 7793 7794 7795 7796 7797 7798 7799 7800 7801 7802 7803 7804 7805 7806 7807 7808 7809 7810 7811 7812 7813 7814 7815 7816 7817 7818 7819 7820 7821 7822 7823 7979 8738 9481 10070 10320 10378 10379 10526 10527 10594 10595 10617 10754 10788 11159 11160 11480 11501 11502 11949 11977 11978 12111 12333 13292 13648 14042 14172 14600 14878 14946 15497 15677 16060 16628 16629 16630 16631 16632 16633 16787 16790 17087 17401 17663 17669 
徽 6339 6340 
心 805 1034 1035 1036 1273 1685 1803 1860 1993 2330 2400 2667 2687 2804 2924 2925 2926 2927 3037 3776 4225 4617 4621 4962 4963 4964 5314 5315 6083 6192 6422 6507 6508 6733 6734 6848 7185 7468 7766 7768 7824 7825 7826 7827 7828 7829 7830 7831 7832 7833 7834 7835 7836 7837 7838 7839 7840 7841 7842 7843 7844 7845 7846 7847 7848 7849 7850 7851 7852 7853 7854 7855 7856 7857 7858 7859 7860 7861 7862 7863 7864 7865 7866 7867 7868 7869 7870 7871 7872 7873 7874 8020 8118 8339 8410 8716 9388 9389 9390 9657 9856 9857 9858 10135 10283 10571 10977 11603 11793 11805 11806 11824 11920 11979 12129 12596 12597 13244 13692 13693 13871 13925 14279 14301 14496 14654 15737 15828 15945 16098 16099 16156 16280 16757 16758 17163 17164 17220 
忄 7875 
必 640 641 2155 3640 3642 3644 3777 6368 7876 7877 7878 7879 7880 7881 7882 7883 7884 7885 7886 7887 7888 7889 7890 7891 7892 7893 7894 7895 7896 7897 7898 10247 12035 
忆 5117 7899 15422 16466 
忌 3270 5750 9671 15345 17458 
忍 642 2156 6565 7575 
忏 7900 
忒 7901 
志 375 783 1881 3931 4618 5316 5471 5472 5504 7760 7839 7902 7903 7904 7905 7906 7907 8162 8266 9857 10357 10358 10541 13438 14308 15344 15542 15563 
忘 5355 7750 7762 7908 7909 7910 7911 7912 7913 7914 12034 12554 15236 16648 
忙 3684 7145 7915 13775 
忠 3308 7916 7917 7918 7919 7920 7921 7922 7923 9391 10736 17872 
忧 2553 7924 7925 7926 7927 7928 7929 10396 17617 
快 643 3579 6849 7732 7930 7931 7932 7933 7934 7935 7936 7937 7938 8244 9859 10714 
忮 7939 
忱 7940 
念 166 1907 2331 5370 6499 7840 7941 7942 7943 7978 8134 9527 10665 10738 12297 13809 13810 15250 15251 15252 
忻 7944 
忽 617 7945 7946 7947 7948 7949 12571 15140 17577 17578 
怀 2805 7950 7951 7952 7953 7954 7955 8163 8305 8641 14399 14400 15170 
态 827 828 1404 1688 1720 1891 1892 2208 3611 3612 3643 4287 5390 6145 7154 7203 7666 7841 7956 7957 7958 8021 8164 8267 8279 8280 10341 10567 10682 12032 12092 12395 12396 12410 12589 12658 13108 13310 13347 13712 15251 17331 
怆 7959 8146 
怎 644 716 7960 7961 9720 
怒 5019 5020 6189 7962 7963 7964 7965 8321 
怕 4397 7966 8068 
怖 8069 
怜 4398 7967 7968 
思 545 581 1183 2057 2489 3014 3085 4071 4162 4190 4924 4929 5284 6665 7842 7926 7969 7970 7971 7972 7973 7974 7975 7976 7977 7978 7979 7980 7981 7982 7983 7984 7985 7986 7987 7988 7989 7990 7991 7992 7993 8165 8268 8471 8818 9392 9421 10141 10152 10380 10465 10970 11165 11589 11604 11605 12813 13153 14365 14766 15116 15392 15889 17653 17654 17655 
怠 7994 
怡 7995 
急 7627 7996 7997 7998 7999 8000 8001 8002 8003 12354 
性 247 249 386 703 824 835 870 913 914 965 969 970 971 972 1037 1038 1094 1139 1143 1151 1177 1328 1463 1686 1713 1801 1852 1915 1917 1981 2120 2260 2353 2398 2412 2457 2663 2691 2818 2894 2896 2912 2977 3035 3070 3337 3338 3425 3466 3549 3560 3676 3701 3989 4015 4060 4198 4203 4283 4288 4400 4406 4412 4417 4422 4544 4554 4561 4565 4619 4725 4762 4816 4887 4931 4986 5129 5221 5557 5602 5611 5630 5646 5665 5863 6036 6037 6038 6039 6164 6375 6423 6485 6488 6510 6566 6693 6850 6863 6867 6874 6900 6912 7036 7155 7209 7394 7396 7424 7439 7469 7564 7568 7807 7843 7889 7896 7975 8004 8005 8006 8007 8008 8009 8010 8011 8012 8013 8014 8015 8016 8017 8018 8019 8020 8021 8022 8023 8024 8025 8026 8027 8028 8029 8030 8031 8032 8033 8034 8035 8036 8037 8038 8039 8060 8110 8111 8122 8140 8166 8171 8183 8211 8212 8213 8226 8255 8298 8306 8337 8361 8437 8607 8623 8626 8643 8798 8803 8819 8835 8961 9098 9226 9321 9326 9449 9858 9860 9981 9986 10136 10157 10284 10305 10369 10452 10580 10687 10985 11373 11393 11590 11643 11866 11875 12002 12033 12042 12067 12068 12075 12131 12144 12148 12191 12221 12243 12258 12298 12299 12300 12317 12397 12418 12508 12509 12692 12728 12733 12751 12795 12898 12901 12902 12908 12957 12978 13079 13109 13154 13167 13255 13277 13285 13311 13346 13538 13662 13702 13710 13743 13807 13810 13822 13851 13947 13969 14057 14200 14410 14490 14514 14521 14539 14582 14655 14656 14696 14994 15110 15136 15155 15239 15252 15261 15267 15269 15552 15713 15781 15815 16007 16032 16384 16388 16425 16438 16517 16604 16827 17007 17044 17050 17119 17122 17166 17169 17356 17396 17530 17826 
怨 4880 8040 8041 8042 8043 
怪 2580 2581 4346 5968 8044 8045 17135 17204 
总 1804 8046 8047 8048 8049 8050 8051 8052 8053 8054 8055 8056 8057 8058 8059 8060 8061 8062 8063 8064 10481 
恃 8065 14523 
恋 2262 8066 12549 12916 15025 
恐 4965 8067 8068 8069 8070 8071 8072 
恒 6323 8073 8074 11068 14426 
恕 6574 8075 
恢 8076 8077 
恣 8078 11146 
恨 4748 8079 
恩 2061 2062 2063 2619 3133 3134 3135 4773 4813 8080 8081 8082 8083 8084 8085 8086 9478 14879 17076 
恪 8087 
恬 6341 8088 8089 8090 
恭 645 8091 8092 12217 15760 
息 646 1955 2332 2333 2334 2335 2668 2669 3167 4111 6342 8093 8094 8095 10332 11015 11521 13411 14431 14519 15377 
恰 8096 8097 8098 8099 8100 8101 8102 8103 8104 8105 
恳 8106 15576 
恶 791 5008 6068 8107 8108 8109 8110 8111 8112 8113 9773 16689 
恺 17459 
恼 8114 8352 11911 14770 
悄 8115 8116 
悉 8117 8118 11361 11951 
悍 13694 
悔 8119 8324 
悖 8120 10137 10138 
悟 1371 2121 4764 5749 5751 6110 7434 8121 8122 8123 8307 8308 13212 15297 17488 17489 
悠 4016 8124 8125 8126 8127 
患 5752 7927 8128 8129 17617 
悦 7995 8130 8131 8132 8245 
悬 8133 8134 8135 8136 17755 
悯 7968 8147 
悲 5753 8137 8138 8139 8140 8141 8142 8143 8144 8145 8146 8147 8148 8149 8150 8151 8152 8153 8154 8155 12398 13229 
悼 4881 
情 309 767 829 1405 1644 1687 1688 1689 1690 3392 3495 4125 4187 4204 4539 4555 4556 4620 4621 5637 6465 6851 7844 7910 7976 8022 8156 8157 8158 8159 8160 8161 8162 8163 8164 8165 8166 8167 8168 8169 8170 8171 8172 8173 8174 8175 8176 8177 8178 8179 8180 8181 8182 8183 8184 8185 8186 8187 8309 8310 8535 8642 8643 8644 8645 9203 9658 10139 10819 10862 10978 11606 11828 11919 11920 11944 11980 11981 11982 12603 12899 12902 12903 12983 14670 15100 15553 15554 15645 16331 16332 16997 17544 17548 17812 
惊 1859 4495 8188 8189 8190 8191 8192 8193 8194 8195 8196 8197 8198 13013 
惑 5151 15635 15636 16456 16457 
惕 15362 
惜 647 648 4399 5287 8199 
惟 8200 
惠 8201 17873 
惧 8070 8071 8415 
惨 8148 8149 8202 8203 
惩 8204 
惫 12584 12585 
惬 8205 
惭 8206 
惯 1329 1330 4483 8207 8208 8209 8210 8211 8212 15240 17538 
惰 7994 8213 
想 649 1183 2057 2489 2966 3015 4915 4924 5118 5284 5969 7260 7970 7971 7972 7973 7974 7975 7976 7977 7978 7979 8018 8214 8215 8216 8217 8218 8219 8220 8221 8222 8223 8224 8225 8226 8227 8228 8269 8311 8472 8818 8955 9421 10466 10633 10970 11589 12169 12185 12301 12302 12303 12304 13371 13372 13402 13872 14166 14318 14483 15116 15481 15534 17196 17471 
惹 8229 
惺 8230 
愁 650 2382 8231 8232 8233 11437 11522 13232 13233 
愈 8234 8235 8236 8237 8238 8239 8240 8241 8242 
愉 8243 8244 8245 
愎 3315 3316 
意 167 501 622 651 721 1039 1274 1691 1881 1916 1917 1994 2036 2157 2394 2670 2864 2978 3146 3147 3432 3433 3434 3778 4622 4749 4841 5009 5285 5754 5864 6084 6466 6605 6617 7497 7761 7762 7845 8023 8167 8205 8246 8247 8248 8249 8250 8251 8252 8253 8254 8255 8256 8257 8258 8259 8260 8261 8262 8263 8264 8265 8266 8267 8268 8269 8270 8271 8272 8273 8274 8275 8276 8277 8278 8279 8280 8281 8282 8326 8439 9208 9289 9519 9659 9660 9661 9787 9987 10140 10141 10142 10143 10285 10453 10511 10979 10986 11305 11306 11607 11794 11807 12055 12192 12259 12318 12449 12523 12550 12936 13080 13110 13155 13213 13312 13439 13926 14173 14530 15101 15337 15554 15555 15606 16253 16919 17165 17166 
愚 8283 8284 8285 8286 
感 613 1495 1589 1643 1982 2048 2237 3535 3613 4017 4623 6467 7273 7592 7935 7976 8024 8025 8071 8141 8168 8169 8170 8171 8287 8288 8289 8290 8291 8292 8293 8294 8295 8296 8297 8298 8299 8300 8301 8302 8303 8304 8305 8306 8307 8308 8309 8310 8311 8312 8313 8314 8315 8316 8317 8318 8319 8320 8473 9223 9557 9565 9662 10144 10145 10359 11608 11867 12260 12659 12660 12739 12900 14174 14339 14416 14669 14697 15253 15829 16013 16566 16631 17184 
愤 4205 8150 8321 
愧 652 653 7612 8206 8322 8323 8324 9663 9664 
愿 8270 8325 8326 8327 13129 14524 
慈 8328 8329 
慎 654 8330 8331 8332 8333 8334 15761 
慕 1895 1927 8335 14195 
慢 2469 8336 8337 14067 16161 17694 
慧 8338 8339 8340 10004 10005 14333 
慨 8312 8341 8342 8344 8345 
慰 6343 8343 8676 
慷 8344 8345 
憎 8346 
憧 8347 
憨 8348 
憩 6735 
憬 8347 
憾 1864 8349 14112 16649 
懂 8350 8351 9897 15686 16554 17205 
懈 655 656 
懊 8352 
懦 8353 
戈 8354 8355 10618 11322 
戊 8356 
戌 8357 
戍 8358 
戏 105 6069 8359 8360 8361 8362 8363 8632 9774 10146 10570 11705 11706 12875 
成 450 1040 2209 2289 2441 2979 3111 3230 3356 3365 3435 3504 3556 3702 3705 3966 4289 4557 4797 5755 5756 5865 6324 6373 6736 7043 7240 7636 7667 7758 7763 8364 8365 8366 8367 8368 8369 8370 8371 8372 8373 8374 8375 8376 8377 8378 8379 8380 8381 8382 8383 8384 8385 8386 8387 8388 8389 8390 8391 8392 8393 8394 8395 8396 8397 8398 8399 8400 8401 8402 8403 8404 8405 8406 8558 8877 8989 9393 10147 10248 10467 10516 11089 11280 11779 12203 12265 12305 12399 12785 12814 12839 12876 13024 13858 13859 13860 13900 13959 13974 14076 14401 14417 14525 14526 14527 14552 14921 15241 15340 15482 15932 16135 16195 16254 16592 16754 17244 17247 17248 17249 17445 
我 1236 2224 2266 4966 5286 7911 8407 8408 8409 8410 8411 8412 12034 14528 14529 14530 14531 14532 14533 14534 
戒 3526 8413 8414 8415 15363 
或 582 8416 8417 8418 8419 8420 8421 
战 168 451 834 1443 1447 2928 3052 4169 4558 5757 5985 7977 8112 8422 8423 8424 8425 8426 8427 8428 8429 8430 8431 8432 8433 8434 8435 8436 8437 8438 8439 8440 8441 8663 8834 8835 9917 11488 11921 13541 14009 15254 15453 15942 
戚 1645 7928 8442 
截 169 5444 8443 8444 12740 12741 
戬 8445 
戴 550 2226 8446 
户 325 3816 8447 8448 13414 16034 16976 16977 
戾 1301 
房 4090 5758 5759 8449 8450 8451 14817 14818 
所 170 636 1041 1692 1803 1960 1995 2821 3459 3527 3644 4504 4513 4521 5287 5288 5340 5528 6078 6079 7846 8452 8453 8454 8455 8456 8457 8458 8459 8460 8461 8462 8463 8464 8465 8466 8467 8468 8469 8470 8471 8472 8473 8474 8475 8476 8477 8478 8479 8480 8481 8482 8483 8484 8485 8486 8487 8488 8489 8490 8491 8492 8493 8494 8495 8496 8497 8498 8499 8500 8501 8502 8503 9376 9665 9666 9667 9668 9669 9670 9671 10148 10149 10150 10151 10152 10153 10987 12306 12307 13025 14766 14814 15614 17164 
扁 8504 8505 
扇 8506 
扉 7847 
手 171 1444 1646 2647 2980 3137 3168 3169 3440 4136 4467 4783 5289 5760 5933 6043 6642 7009 7852 8507 8508 8509 8510 8511 8512 8513 8514 8515 8516 8517 8518 8519 8520 8521 8522 8523 8524 8525 8526 8527 8528 8529 8530 8627 8633 9614 10647 10755 11707 11970 12160 13512 14418 15111 16100 16778 17167 17914 
扌 8531 
才 1693 1694 1973 3339 5638 5866 6707 7100 7386 7960 8532 8533 8534 8535 8536 11983 12674 13240 16227 16567 
扎 3677 7056 7057 8537 8538 8539 8540 8541 8542 8842 
扑 8543 8544 
打 3678 3679 5761 8545 8546 8547 8548 8549 8550 8551 8552 8553 8554 8555 8556 8557 8558 8559 8560 8561 8562 8563 8564 8565 8566 8567 10646 10838 10839 
扔 8568 
托 1262 2263 2336 6585 8569 8570 8571 8572 8573 8574 8575 8576 8577 14126 15124 15125 15126 
扣 213 658 5761 8560 8578 8669 12229 13762 
执 1381 4220 8579 8580 8581 8582 8583 8584 8585 8586 16666 
扩 670 8587 8588 8589 8590 8591 8592 
扪 8593 
扫 8594 8595 8596 8597 11340 11341 
扬 3255 5804 6522 7535 7543 8598 8599 8600 8601 15166 15933 17468 17754 17756 
扭 8602 8603 
扮 8604 8605 
扰 7169 
批 133 172 5762 8606 8607 8608 8609 8610 8611 8612 8613 9377 9520 13513 
扼 8614 
找 6666 8615 8616 
承 245 2024 4773 7104 8617 8618 8619 8620 8621 12815 13198 14025 14026 
技 3327 8622 8623 8624 8625 8626 8627 8628 8629 10360 13278 13286 14973 15378 15996 17768 
抄 8630 8631 
把 173 8517 8632 8633 8634 8635 8636 13514 
抑 4039 8637 8638 15865 
抒 4514 4515 8639 8640 8641 8642 8643 8644 8645 8646 12742 
抓 8647 8648 8649 
投 8650 8651 8652 8653 8654 8655 8656 8657 8658 8659 12816 
抖 8660 
抗 3228 4163 6643 8661 8662 8663 8664 8665 8703 
折 657 658 5761 8559 8560 8666 8667 8668 8669 8670 8671 8672 8673 8674 8850 10036 10037 12661 12662 16133 
抚 8675 8676 8677 8678 
抛 8679 8680 8681 8682 15141 
护 2313 2314 2421 8683 8684 8685 14043 
报 1708 2583 5732 6277 8686 8687 8688 8689 8690 8691 8692 8693 8694 8695 9754 10286 12496 
抬 8696 8697 8698 
抱 8699 8700 8776 
抵 5763 8701 8702 8703 8704 12817 
抹 8705 11454 11515 
押 8706 
抽 8707 8708 8709 8710 8711 8712 
拂 8713 
担 8619 8714 8715 8716 15808 
拆 8717 8718 8719 8720 
拈 8721 
拉 1567 2607 2608 2609 3580 3943 3944 4709 5232 6833 7011 7266 7267 7808 8573 8574 8722 8723 8724 8725 8726 8727 8728 8729 8730 8731 8732 8733 8734 8735 8736 8737 8738 8739 8740 8741 8742 8743 8744 8745 9493 9898 9975 9976 10505 10506 10596 10946 10947 11118 12069 13287 13649 14750 15895 15951 17077 17078 17079 17080 17664 17665 
拊 8746 
拍 8747 8748 14717 
拒 8664 8749 
拓 7435 8750 8751 8752 
拔 3187 8753 8754 17081 
拖 8755 8756 
拗 8581 
拘 659 8757 8758 8759 8760 9672 9673 9674 
拙 8761 
招 7331 8762 8763 8764 8765 8766 
拜 5239 6969 6970 8767 8768 8769 8770 8771 12407 13132 13220 14479 
拟 8772 8773 8774 9074 10683 10921 14996 
拢 17364 
拥 8775 8776 8777 8778 8779 
拨 8780 8781 
择 660 3038 8782 8783 16516 16517 
括 3680 10666 
拭 8784 8785 
拯 8786 
拳 8787 9023 
拼 8788 8789 8790 8791 
拾 8792 
拿 3581 3582 8793 8794 8795 11289 
持 1156 1157 2315 2316 2348 5372 6131 8474 8518 8683 8796 8797 8798 8799 8800 8801 8802 8803 8804 8805 9111 12960 14044 14535 
挂 8806 8807 8808 8809 8810 9675 14193 
指 1042 1761 4624 6806 8271 8475 8611 8811 8812 8813 8814 8815 8816 8817 8818 8819 8820 8821 8822 8823 8824 8825 8826 8827 8828 8829 9883 10021 11277 12070 14419 
挈 9006 
按 8830 17448 
挑 8831 8832 8833 8834 8835 8836 
挖 8837 8838 8839 
挚 12904 15577 
挟 8840 
挠 625 
挡 8841 
挣 8842 8843 
挤 8777 8844 8895 
挥 174 2524 4206 4207 8821 8845 8846 
挪 8847 8848 8849 14475 
挫 8850 17462 
振 2787 5511 5764 8851 8852 8853 8854 8855 8856 8857 
挺 8858 
挽 8859 8860 
捉 8861 8862 8864 8866 16467 
捐 14758 14759 
捕 8863 8864 8865 8866 8867 15142 
损 1474 8868 8869 8870 8871 9676 10154 10155 11133 
换 3271 4290 8872 8873 8874 8875 8876 8877 8878 9141 14146 14458 16134 16135 
捧 8879 
据 8880 8881 10574 15454 15493 
捷 2284 8882 13598 13894 
掀 8883 8884 
授 2025 3510 4664 5734 8885 8886 9247 
掉 661 2806 3512 3895 4093 7912 8708 8887 8888 8889 10883 
掌 8519 8890 11954 17808 
排 6344 8891 8892 8893 8894 8895 8896 8897 8898 8899 8900 8901 16816 16911 
掘 4208 7436 8837 8838 8902 8903 
掠 8904 8905 
探 3703 6596 8906 8907 8908 8909 8910 8911 8912 8913 8914 11583 15535 
掣 8915 
接 452 1590 6183 8789 8916 8917 8918 8919 8920 8921 8922 8923 8924 8925 8926 8927 8928 8929 8930 8931 8932 8933 8934 8935 8936 8937 8938 8939 8940 8941 12743 13763 15076 16299 16418 17005 17006 17007 
控 8942 8943 8944 9692 15714 
推 3528 8945 8946 8947 8948 8949 8950 8951 8952 8953 8954 8955 8956 8957 8958 8959 8960 8961 8962 8963 8964 8965 8966 8967 8968 8969 8970 8971 9826 17634 
掩 8972 8973 8974 10957 12329 16661 
措 1191 2877 8975 8976 
掷 8977 8978 
揄 8979 9030 
揉 12984 
揍 8980 12117 
描 1714 8026 8981 8982 8983 8984 8985 8986 8987 8988 8989 8990 12621 13749 16162 
提 2392 2393 2782 2923 3460 5419 5455 5460 5702 5726 6308 6309 6763 7241 8991 8992 8993 8994 8995 8996 8997 8998 8999 9000 9001 9002 9003 9004 9005 9006 9007 9008 9009 9010 9011 9012 9013 9014 9015 9884 14892 
插 9016 9017 9018 9019 
揖 9020 
握 5290 8634 8635 8890 9021 9022 9023 9024 11954 
揣 9025 
揭 9026 9027 9028 
援 9029 
揶 9030 
揽 3681 
搏 9031 9032 14340 
搜 9033 9034 9035 9036 
搞 9037 9038 9039 
搬 9040 
摄 8748 9041 9042 9043 14013 
摆 9044 9045 9046 9047 9048 9049 9050 9051 9052 9053 9055 16881 
摇 3614 9054 9055 9056 9057 9058 9059 
摊 5317 
摒 9060 
摘 1345 9061 9062 
摧 9063 
摩 8677 9025 9064 9065 9066 9067 11984 
摭 9068 
摸 8678 9069 9070 
摹 8983 9071 9072 9073 9074 9075 
撇 9076 
撑 9077 9078 9079 9112 9113 
撒 9080 
撕 9081 
撞 13069 
播 2026 2027 2028 2029 7287 7288 9082 9083 9084 9085 9086 9549 11892 12498 12744 14319 16136 
撰 8476 9087 9088 9089 9090 9091 10394 14077 
撷 9092 
撼 9056 9093 17296 17297 
擅 9094 9095 
操 2122 2878 4400 4486 8172 9096 9097 9098 9099 9100 9101 10071 14718 
擢 9102 
擦 9103 9104 9105 9106 
攀 9107 
攒 13307 
支 175 9108 9109 9110 9111 9112 9113 9114 9115 9116 9117 14568 
收 2906 2907 4778 7332 8929 9118 9119 9120 9121 9122 9123 9124 9125 9126 9127 9128 9129 9130 9131 
攸 9132 9133 
改 662 663 2349 6393 9134 9135 9136 9137 9138 9139 9140 9141 9142 9143 9144 9145 9146 9147 9148 9149 9248 13635 
攻 9150 9151 9152 9153 11844 
放 664 665 5999 6636 7437 7438 7439 7440 9050 9083 9149 9154 9155 9156 9157 9158 9159 9160 9161 9162 9163 9164 9165 9166 9167 9168 9169 9170 9171 9172 9173 9174 9175 9176 9177 9178 9179 9699 10990 14147 15316 15317 15789 15790 16779 
政 1117 1805 2635 4103 5194 5291 6559 7637 8582 9180 9181 9182 9183 9184 9185 9186 9187 9188 9189 9190 9191 9192 9193 9194 9195 9196 9197 9198 9677 9678 
故 830 1689 2266 4075 5195 7044 9199 9200 9201 9202 9203 9204 9205 9206 9207 9208 9209 9210 11004 13179 14090 
效 3267 3356 8384 9211 9212 9213 9214 9215 9216 9217 9814 10156 10157 10158 13111 13935 14420 15052 15241 15289 16155 16767 17415 17757 
敌 9218 9219 9220 9221 15455 
敏 9222 9223 9224 9225 9226 10336 
救 8786 8860 9227 9228 9229 9230 9231 9232 15090 
敖 9233 
教 387 388 1918 1939 2030 2181 2182 3510 4076 4077 4180 4663 4664 5196 5204 5431 5734 6040 6206 6391 6392 6393 6394 6558 6618 7470 8769 8822 9186 9234 9235 9236 9237 9238 9239 9240 9241 9242 9243 9244 9245 9246 9247 9248 9249 9250 9251 9252 9253 9254 9255 9256 9257 9258 9259 9260 9261 9262 9263 9264 9355 9476 9521 9592 9775 10789 11090 11091 11130 11236 13090 13948 14310 14382 15646 15661 17770 17771 
敛 9123 9265 9266 
敞 9267 
敢 666 667 3650 9268 10490 
散 222 3231 4209 5095 8592 9269 9270 9271 9272 9273 9274 9275 9276 9277 9278 9279 9280 10431 11726 13234 14283 14330 17278 
敦 2052 9281 9282 9283 9284 11687 
敬 1861 6971 8092 9285 9286 9287 9288 9289 9290 9291 9292 9293 9294 
数 973 1118 1119 1120 1695 1842 1961 2368 2369 3100 3967 4401 4559 5639 5724 6085 6424 6626 6627 6644 6764 6765 6766 7785 9295 9296 9297 9298 9299 9300 9301 9302 9303 9304 9305 9306 9307 9308 9309 9310 9311 9312 9313 9314 9679 9680 9681 9682 10159 10688 13803 13992 13997 15687 16791 17020 17128 
敲 8956 9315 
整 176 177 6374 6375 7001 9036 9316 9317 9318 9319 9320 9321 9322 9323 9324 9325 9326 9327 9328 9329 9330 9331 9332 9333 9334 9335 9336 9337 15270 15715 16181 
敷 9338 
文 178 463 464 502 815 872 996 1012 1043 1044 1069 1070 1559 1696 1697 1698 1699 1700 1701 1707 1772 1882 1898 1919 2210 2301 2490 2735 2807 2808 2865 3375 3461 3575 3858 3900 4018 4078 4110 4303 4327 4332 4347 4348 4349 4860 4950 5010 5197 5215 5393 5691 5692 5768 6278 6284 6720 7122 7306 7393 7407 7809 7980 8027 8265 8385 8644 8692 9090 9124 9273 9274 9275 9339 9340 9341 9342 9343 9344 9345 9346 9347 9348 9349 9350 9351 9352 9353 9354 9355 9356 9357 9358 9359 9360 9361 9362 9363 9364 9365 9366 9367 9368 9369 9370 9371 9372 9373 9374 9375 9376 9377 9378 9379 9380 9381 9382 9383 9384 9385 9386 9387 9388 9389 9390 9391 9392 9393 9394 9395 9396 9397 9398 9399 9400 9401 9402 9403 9404 9405 9406 9407 9408 9409 9410 9411 9412 9413 9414 9415 9416 9417 9418 9419 9420 9421 9422 9423 9424 9425 9426 9427 9428 9429 9430 9431 9432 9433 9434 9435 9436 9437 9438 9439 9440 9441 9487 9522 9523 9524 9861 9952 10287 10726 10727 10736 10820 10935 11005 11006 11307 11336 11503 11609 11755 12043 12203 12244 12245 12629 12630 12671 12992 13288 13632 13711 14175 14783 14801 14848 15066 15190 15431 15443 15456 15457 15472 15528 15556 15591 15607 15608 15615 16252 16322 16399 16553 16780 16857 16901 16950 17045 17080 17426 
斋 9442 14307 14308 14427 
斐 8739 9443 
斑 7682 9444 9445 
斗 5986 5987 8435 8436 8437 9032 9446 9447 9448 9449 11907 14198 17064 17397 
料 2108 2897 4452 9404 10388 10517 15903 15904 16509 17472 17524 
斛 326 9450 
斜 2401 9451 9452 12720 
斟 9453 
斤 9454 9455 
斥 2532 8896 9456 15866 
斩 7933 7934 9457 
断 668 669 670 671 672 673 775 1045 3361 3362 5388 7641 8957 9458 9459 9460 9461 9462 9463 9464 9465 9466 9467 9468 9469 9470 9471 9472 9473 10491 10694 10840 11997 12139 13281 14054 15458 15504 16423 17008 
斯 1558 1560 1937 1938 1939 1940 2062 2063 2602 2609 2610 2621 2773 3134 3135 3272 3302 3394 3395 3658 3870 3920 4168 4169 4899 4905 4907 5136 5456 5460 5640 5921 5922 6017 6018 6019 6020 6023 6086 6152 6154 6155 6249 6331 6773 6826 6828 7060 7061 7099 7126 7314 7346 7347 7383 7810 7815 8082 8083 8086 8571 8572 8574 8575 8577 8740 9474 9475 9476 9477 9478 9479 9480 9481 9482 9483 9484 9485 9486 9487 9488 9489 9490 9491 9492 9493 9494 9495 9594 9980 10480 10525 10530 10597 10605 10650 10727 10919 10947 11268 11269 11270 11290 11352 11972 11984 12056 12112 12277 13289 13290 13641 14051 14294 14675 14864 14870 14880 14895 14939 15191 15192 15678 15804 15895 16063 16117 16435 16577 16785 16792 16793 17070 17073 17074 17081 17082 17083 17084 17649 17666 17668 17671 17818 17902 
新 179 2671 3170 3332 4294 5021 6981 7408 8971 9496 9497 9498 9499 9500 9501 9502 9503 9504 9505 9506 9507 9508 9509 9510 9511 9512 9513 9514 9515 9516 9517 9518 9519 9520 9521 9522 9523 9524 9525 9526 9527 9528 9529 9530 9531 9532 9533 9534 9535 9536 9537 9538 9539 9540 9541 9542 9543 9544 9545 9546 9547 9548 9549 9550 9551 9552 9553 9554 9555 9556 9557 9755 9779 9875 10058 10059 11092 11636 11637 12665 13035 13440 14045 14223 14291 16815 16816 16817 17130 17398 
方 180 453 503 868 869 870 871 872 873 882 915 1071 2029 2274 2672 3112 3237 3328 3474 3719 3819 3820 4138 4365 4453 4500 4516 4625 5318 5319 5423 5641 5642 6239 6402 7707 9525 9558 9559 9560 9561 9562 9563 9564 9565 9566 9567 9568 9569 9570 9571 9572 9573 9574 9575 9576 9577 9578 9579 9580 9581 9582 9583 9584 9585 9586 9587 9588 9815 10160 10288 10509 10770 12367 12663 12969 13620 13621 14176 15193 15194 15195 15242 15664 16356 16357 16455 17346 17887 
施 2877 6468 8975 9589 9590 9591 9592 9593 9594 9595 
旁 9596 9597 9598 9599 
旅 2996 5198 9600 9601 9602 9603 
旋 1158 5119 5120 9604 9605 9606 15036 15037 15038 
族 997 2225 2463 2611 4517 4518 5263 5580 5739 6560 6766 7471 7474 7653 9607 9608 9609 9610 9997 10963 10964 10980 10981 10982 10983 10984 10985 10986 10987 10988 10989 10990 10991 10992 10993 10994 12152 13256 15015 15883 15884 16714 16728 
旗 1843 9611 9612 9613 9614 9615 9616 
无 250 674 675 2854 3039 3071 4454 5698 5802 6378 6469 7242 7612 7886 7981 8089 8477 9466 9617 9618 9619 9620 9621 9622 9623 9624 9625 9626 9627 9628 9629 9630 9631 9632 9633 9634 9635 9636 9637 9638 9639 9640 9641 9642 9643 9644 9645 9646 9647 9648 9649 9650 9651 9652 9653 9654 9655 9656 9657 9658 9659 9660 9661 9662 9663 9664 9665 9666 9667 9668 9669 9670 9671 9672 9673 9674 9675 9676 9677 9678 9679 9680 9681 9682 9683 9684 9685 9686 9687 9688 9689 9690 9691 9692 9693 9694 9695 9696 9697 9698 9699 9700 9701 9702 9703 9704 9705 9706 9707 9708 9709 9710 9711 9712 9713 9714 9715 9716 9717 9718 9719 9720 9721 9722 9723 9724 9725 9726 9727 9728 9729 9730 9731 9732 9733 9734 9735 9736 9737 9738 9739 10125 10142 10161 10327 10958 10959 10960 10961 11069 11070 11071 11656 12125 12801 13055 13999 14207 14607 14780 14834 14997 15341 15345 15845 
既 9740 9741 9742 9743 9744 9745 11161 
日 181 182 310 389 785 1237 1708 1773 2158 2410 2583 3113 3747 3792 3793 4129 4626 4627 7638 9306 9746 9747 9748 9749 9750 9751 9752 9753 9754 9755 9756 9757 9758 9759 9760 9761 9762 9763 9764 9765 9766 9767 9795 9823 9862 9901 10222 10707 12622 12623 12664 12665 13789 13901 14714 14949 15413 
旦 9768 9769 16255 16563 
旧 2078 2264 4350 5021 6325 7952 8066 9526 9527 9770 9771 9772 9773 9774 9775 9776 9777 9778 9779 9780 9781 9782 9783 13034 13035 17104 17129 17130 
旨 1159 4076 4077 6395 8272 9250 9784 9785 9786 9787 9788 10289 10579 15215 17516 
早 4121 7733 9789 9790 9791 9792 9793 9794 9795 9796 9797 9798 10060 10089 11638 16184 16428 
旭 9799 
旱 5765 
时 183 184 185 203 435 443 589 676 850 1046 1238 2333 2561 2788 2822 2866 3232 3288 3843 3988 3989 4029 4072 4122 4351 4445 4497 4591 4592 4628 4857 5096 5137 5138 5139 5867 5914 6309 6425 6470 6737 6767 7187 7220 7307 7639 8429 8430 8830 9539 9776 9781 9800 9801 9802 9803 9804 9805 9806 9807 9808 9809 9810 9811 9812 9813 9814 9815 9816 9817 9818 9819 9820 9821 9822 9823 9824 9825 9826 9827 9828 9829 9863 9918 10013 10014 10016 10162 10878 10918 11639 12266 12267 12362 12712 12952 13007 13468 13469 13811 15067 15890 16281 16500 16501 16597 17314 17324 17605 17744 17883 17909 
旷 9830 9831 15997 
旺 1657 2839 2840 9832 9833 9834 
昂 8345 9835 9836 9837 11829 17758 
昆 9838 9839 9840 
昌 9841 10841 13778 14838 
明 454 677 946 996 2526 2582 2583 3233 3363 4210 4211 5270 5766 5993 6207 6208 6209 6210 6211 6361 6362 6490 7441 8823 8836 9387 9394 9395 9396 9683 9842 9843 9844 9845 9846 9847 9848 9849 9850 9851 9852 9853 9854 9855 9856 9857 9858 9859 9860 9861 9862 9863 9864 9865 9866 9867 9868 9869 9870 9871 9872 9873 9874 9875 9876 9877 9878 9879 9880 9881 9882 9883 9884 9885 9886 9887 9888 9889 9890 10249 10309 10535 11072 11073 11330 11640 11661 11816 11893 12043 12476 13156 13175 13373 13599 13695 13711 14334 15102 15494 15647 15673 16221 16529 17025 17046 17145 17349 17699 17700 17759 17825 17826 
昏 9891 
易 678 4291 4814 4861 6567 6881 7188 7189 9892 9893 9894 9895 9896 9897 9898 9899 9940 10454 12620 16061 16062 16063 16163 16167 16554 17206 
昔 9900 9901 
星 311 3059 3956 6628 7695 9756 9864 9865 9902 9903 9904 9905 9906 9907 9968 10756 11414 11877 13218 13482 14202 
映 4164 9172 9908 9909 9910 9911 9912 17238 
春 4729 9796 9913 9914 9915 9916 9917 9918 9919 10028 16726 16951 17315 
昧 14947 
昭 9920 9921 
是 107 548 571 608 752 784 1124 1196 1322 1759 1883 2079 2080 2203 2285 2393 2472 2554 2947 3376 3990 3995 4165 4420 4629 4961 5143 5199 6452 6471 6806 6852 7045 7640 7887 8054 8238 9721 9922 9923 9924 9925 9926 10061 10062 10790 10924 12054 12905 13459 13612 13902 14493 14536 15008 15592 15782 
昼 9927 
显 4519 5581 5767 9866 9928 9929 9930 9931 9932 9933 9934 9935 9936 9937 9938 9939 9940 9941 9942 9943 9944 9945 9946 17349 
晁 9947 9948 
晃 9949 
晋 874 9950 9951 9952 17803 
晏 9953 
晓 9954 9955 16568 
晔 9956 
晚 1774 5670 9422 9957 9958 9959 9960 9961 9962 9963 9964 9965 9966 16185 
晦 9967 17178 
晨 6628 9968 11641 
普 9969 9970 9971 9972 9973 9974 9975 9976 9977 9978 9979 9980 9981 9982 9983 9984 9985 9986 9987 9988 11141 11291 
景 2981 3462 3991 4020 5233 5341 5970 8173 8174 9357 9989 9990 9991 9992 9993 9994 9995 9996 9997 11039 13779 14177 14376 16402 17549 17550 
晰 9867 11642 11643 
晶 11040 13960 
智 679 9868 9998 9999 10000 10001 10002 10003 10004 10005 10006 10007 10008 10009 10010 10337 12308 12948 
暂 10011 10012 10013 10014 10015 12993 
暇 10016 16998 
暑 6614 
暖 1690 3053 11685 17615 
暗 2422 9869 10017 10018 10019 10020 10021 10022 10023 10024 10025 10026 10027 10535 11858 17888 
暮 9769 10028 
暴 10029 12102 13670 
曙 10030 
曝 10031 
曦 10032 
曰 9209 10033 
曲 186 1460 1461 1587 2211 2212 2512 2673 4976 4978 7472 8362 9019 10034 10035 10036 10037 10038 10039 10040 10041 10042 10043 10757 10849 12071 12134 12309 12326 13157 14650 14699 16389 17636 
曳 9057 9058 10044 
更 4292 10045 10046 10047 10048 10049 10050 10051 10052 10053 10054 10055 10056 10057 10058 10059 10060 10061 10062 10063 10064 10065 10066 10067 10068 12112 
曹 10069 10070 10071 10072 
曼 2604 4902 5923 6020 10073 11683 12072 13848 14257 
曾 680 681 1047 10074 10075 10250 
替 1591 1844 10076 
最 10077 10078 10079 10080 10081 10082 10083 10084 10085 10086 10087 10088 10089 10090 10091 10092 10093 10094 10095 10096 10097 10098 10099 10100 10101 10102 
月 390 391 1445 2595 3794 4741 6944 9528 9730 9755 9757 9870 10103 10104 10105 10106 10107 14850 17293 17551 17565 
有 455 504 681 1398 1496 1554 1630 1807 2086 2224 2736 2737 2789 2883 2884 2908 2909 3171 3267 3393 3436 3583 3795 3875 3876 3937 3938 3968 3992 4079 4118 4520 4521 4522 4630 4707 4750 5164 5200 5768 6087 6426 6472 6604 6605 6768 6788 7046 7136 7156 7333 7576 7744 7764 7943 8175 8407 8418 8478 8479 8480 8778 8779 8800 8856 9024 9743 9777 9793 10108 10109 10110 10111 10112 10113 10114 10115 10116 10117 10118 10119 10120 10121 10122 10123 10124 10125 10126 10127 10128 10129 10130 10131 10132 10133 10134 10135 10136 10137 10138 10139 10140 10141 10142 10143 10144 10145 10146 10147 10148 10149 10150 10151 10152 10153 10154 10155 10156 10157 10158 10159 10160 10161 10162 10163 10164 10165 10166 10167 10168 10169 10170 10171 10172 10173 10174 10175 10176 10177 10178 10179 10180 10181 10182 10183 10184 10185 10186 10187 10188 10189 10190 10191 10192 10193 10194 10195 10196 10197 10198 10251 10995 11197 11703 11936 12029 12073 12140 12551 12877 13056 13245 13246 13617 13750 13903 14271 14401 14537 14766 15009 15052 15342 15410 15483 15809 16767 17289 17350 17380 17619 17620 17621 17622 17827 
朋 10199 
服 1857 2337 2612 3415 4862 6890 7716 7717 8670 10200 10201 10202 10203 14487 15083 15139 15648 15649 
朔 10204 
朗 2051 3647 7091 7442 7525 7526 7527 7811 9871 10205 10206 10207 10208 13646 13647 15774 
望 1962 4665 5016 5512 5934 6008 6156 7114 7579 7823 8327 10209 10210 10223 10739 11696 12818 14000 14910 
朝 2764 3463 3720 3903 9872 10211 10212 10213 10214 10215 11644 11762 12204 16488 17155 
期 184 437 682 683 1004 1048 2822 3234 3348 3404 3464 3845 4696 4815 4816 4857 8430 9758 9797 9818 9904 9905 9963 10216 10217 10218 10219 10220 10221 10222 10223 10224 10262 10290 12994 13469 16131 16333 16358 16952 16953 16954 17909 
朦 10225 
木 255 1298 10226 10227 10228 10229 10230 10231 10232 10233 10234 10235 10236 10552 13158 14390 14819 
未 1554 1780 1806 1807 1808 6789 7243 8136 10237 10238 10239 10240 10241 10242 10243 10244 10245 10246 10247 10248 10249 10250 10251 10252 10253 10254 10255 10256 10257 10258 10259 16403 
末 839 4817 10260 10261 10262 10263 10265 16682 17156 17157 
本 187 188 1239 1346 1702 1703 1812 2867 3114 3496 3969 4064 4080 4238 5201 5416 5417 5418 5419 5420 5421 5422 5423 5424 5425 5426 5427 5553 5769 6065 6929 7443 8386 8631 9397 9759 10264 10265 10266 10267 10268 10269 10270 10271 10272 10273 10274 10275 10276 10277 10278 10279 10280 10281 10282 10283 10284 10285 10286 10287 10288 10289 10290 10291 10292 10293 10294 10295 10296 10297 10298 10299 10300 10301 10302 10303 10304 10305 10306 10307 10308 10309 10310 10568 10575 10576 10577 10578 10579 10580 10581 10684 10791 14802 15459 15529 15582 15688 15905 15906 15907 16359 17351 17817 17818 
札 10311 
术 873 1016 2399 2491 4334 6279 6280 6281 6282 6283 6284 7031 7622 8624 8625 8626 8627 8628 9353 9380 10006 10312 10313 10314 10315 10316 10317 10318 10372 11007 11898 11899 13278 14178 14179 14180 14181 14182 14183 14639 14682 14683 14684 14685 14686 14687 14688 14689 14690 14691 14692 14693 14694 14695 14696 14697 14698 14699 14700 14701 14702 14703 14704 14705 14706 14707 15104 15161 15290 15378 15616 16589 16858 17359 
朱 10319 10320 10321 10322 10323 10324 
朴 10325 10326 10327 15844 15845 16342 
朵 8541 14287 
机 3381 3615 3970 3982 5543 5868 5996 7077 7641 7848 9043 9684 9685 9819 10163 10164 10165 10328 10329 10330 10331 10332 10333 10334 10335 10336 10337 10338 10339 10340 10341 10342 10343 10344 10345 10346 12400 12487 12497 13456 13613 13930 15376 15377 15378 16313 17168 17169 
朽 684 3811 11065 14470 
杀 4091 6913 8614 9609 10347 10348 10349 14538 14539 
杂 2513 5554 5555 5556 5557 5957 7363 10350 10351 10352 10353 10354 10355 10356 10357 10358 10359 10360 10361 10362 10363 10934 11629 13776 13839 14759 
权 1144 1160 4230 5188 6041 6042 6241 7484 9116 9187 9194 10166 10364 10365 10366 10367 10368 10369 10370 10371 10372 10373 10374 10894 10895 11237 11991 12205 12450 12680 13159 13998 14015 17311 
杆 9077 9078 9079 
李 10375 10376 10377 10378 10379 10380 10381 10382 10383 10384 10385 10386 
材 4249 4250 4251 6805 8387 9251 10387 10388 13751 15846 16101 17517 
村 3004 5325 10389 10390 
杖 8520 10391 
杜 10392 10393 10394 10395 
杞 10396 
束 189 2584 9673 10397 10398 13798 13961 13962 15152 
条 190 916 1490 2172 2546 3340 7882 9252 9686 10399 10400 10401 10402 10403 10821 13374 13676 13852 16360 
来 252 456 505 1188 1809 1810 1811 1996 2031 2045 2159 2555 2957 2982 3235 3243 3405 3823 4030 4081 4345 4697 4698 4699 4726 4813 5121 5286 5582 6091 6139 6211 6285 6698 7137 7221 7444 7513 7646 7712 7765 8084 8220 8239 8240 8544 8718 8762 8903 8919 8988 9169 9820 9873 9946 9964 10119 10252 10253 10254 10255 10292 10293 10404 10405 10406 10407 10408 10409 10410 10411 10412 10413 10414 10415 10416 10417 11658 12401 12467 12468 12545 12797 12878 12885 13391 14272 14391 15196 15216 15375 15421 15716 15968 15979 16014 16015 16016 16082 16282 16300 16326 16330 16336 16585 16653 16953 17159 
杨 10418 
杭 10419 
杯 191 10420 
杰 1049 2294 4945 10421 10422 10423 10424 10425 10426 12687 
杳 10427 
杼 10428 
松 6575 10429 10430 10431 10432 16164 
板 4788 5320 8759 10232 10433 10434 10569 10570 14224 14248 
极 917 1050 5643 5900 5901 9687 10435 10436 10437 10438 10439 10440 10441 10442 10443 10444 10445 10446 10447 10448 10449 10450 10451 10452 10453 10454 10455 10456 10457 10458 10459 11523 12035 12614 13308 13309 13310 13311 13312 13904 14601 15346 
构 4631 6875 7409 7473 10338 10460 10461 10462 10463 10464 10465 10466 10467 10468 10469 10470 10471 10472 13861 13963 13964 13965 14998 15318 15319 16818 
枉 7725 10473 10474 12985 12986 
析 2875 3236 3237 3481 3567 10401 10475 11581 13704 14069 15320 15505 15918 16222 
林 859 1481 2388 2492 2493 3394 3395 4585 5770 6021 6022 6023 6088 7087 7812 8388 9482 10432 10476 10477 10478 10479 10480 10481 10482 10483 10484 10485 10486 10507 10529 10530 10553 10595 10842 12195 13291 13292 13640 17667 17668 
枚 727 10487 
果 5373 6089 7890 8389 9213 10488 10489 10490 10491 13024 13204 13257 14735 15289 17268 17415 
枝 8671 10492 10493 10494 10495 10496 13475 13476 
枪 4937 
枫 10497 
枯 2423 7170 10498 10499 10500 
架 3786 4774 6219 10468 10501 10502 10503 10611 15840 
柄 8521 
柏 10504 10505 10506 10507 10508 
某 10509 10510 10511 10512 10513 
柒 10514 
染 3173 8313 8314 10515 10516 10517 11134 11511 11694 14697 
柔 3317 3318 10518 10519 10520 10521 10522 11686 11687 16165 17051 17052 
柝 10523 
查 10524 10525 10526 10527 14260 15717 
柯 10528 10529 10530 13219 14046 
柱 5250 9114 10531 10532 
柳 10533 10534 10535 
标 1721 1908 4958 5583 5987 7373 8050 8824 10536 10537 10538 10539 10540 10541 10542 10543 10544 10545 11238 12726 16926 16927 17352 17353 17760 
栋 10546 10547 
栏 806 7280 
树 457 506 3876 4352 7410 10548 10549 10550 10551 10552 10553 10554 10555 10556 10619 10622 10623 12141 12142 
栖 10557 
栗 10558 
校 1334 10559 10560 11894 12552 
栩 10561 10562 
株 10563 
样 2473 3396 4512 4523 4526 4632 5234 5644 5645 5646 5654 6286 7489 7960 9720 10167 10410 10564 10565 10566 10567 10568 10569 10570 10672 12879 13844 
核 10571 
根 192 1812 4040 4853 5405 6667 7593 7594 7595 7596 9066 10572 10573 10574 10575 10576 10577 10578 10579 10580 10581 10582 10583 10584 12285 12402 
格 193 458 947 1704 1713 1941 1942 1943 2064 2123 3388 3659 4888 6345 6427 6829 6830 7346 7347 7813 7814 8028 8029 8085 8086 9477 9573 10208 10508 10585 10586 10587 10588 10589 10590 10591 10592 10593 10594 10595 10596 10597 10598 10599 10600 10601 10602 10603 10604 10605 10606 10922 10994 11502 12212 12213 12214 14118 14130 14707 14750 14839 15197 17413 17552 17553 17554 17669 17670 17761 17889 17890 
桂 10607 
桄 10608 
框 194 10609 10610 10611 10612 16237 
案 974 975 1347 1663 5235 9574 10613 10614 10621 13581 
桑 10615 10616 10617 10618 10619 
桓 12708 17929 
桔 10620 
档 1663 7597 10621 
桥 3480 13427 
桦 10622 10623 
桨 2774 
桩 195 6712 
梁 10547 10624 10625 10626 11150 
梅 10627 10628 10629 10630 16860 17107 
梗 10631 
梦 2442 3019 5771 10632 10633 10634 12623 13791 16759 
梭 3948 
梯 17061 
械 10339 10340 
梳 10635 
梵 10636 
检 10637 10638 10639 10640 14225 
棉 10641 
棋 4863 10642 
棍 10233 10643 
棒 7629 10644 10645 10646 
棘 10647 
森 5395 6212 7706 10381 10508 10648 10649 10650 10651 11141 14131 15356 
棱 10652 
棹 10653 
椅 1592 
植 5406 5407 10654 13330 
椰 10655 
楚 9039 10656 10657 11645 14216 
楠 10658 
楮 10659 
楷 10660 
楼 150 6872 10047 10661 10662 13220 13790 13791 16746 
概 196 197 1868 5772 10631 10663 10664 10665 10666 10667 10668 10669 10670 11016 14791 
榄 10701 
榔 10608 
榛 10671 
榜 10542 10672 
榫 10673 
樊 10674 10675 10676 
模 2037 3433 5424 5647 5820 10469 10660 10677 10678 10679 10680 10681 10682 10683 10684 10685 10686 10687 10688 10689 13936 15271 
横 10690 10691 10692 10693 10694 10695 10696 10697 10698 10699 10700 13828 13829 13830 13831 17695 
橄 10701 
橛 10702 
欠 10703 
次 198 392 918 1161 1446 1447 2098 2958 5097 5098 5629 5630 5648 6873 6874 6875 6915 9307 9681 10074 10090 10704 10705 10706 10707 10708 10709 10710 11600 11668 13515 13526 13539 13540 13541 17750 
欢 4269 5022 8151 8152 10711 10712 10713 10714 10715 10716 10717 12103 13229 
欣 10718 10719 10720 10721 10722 10723 14698 
欧 10724 10725 10726 10727 10728 10729 10730 10731 10732 10733 10734 10735 10736 
欲 1803 5041 6624 7579 8176 8273 8481 10737 10738 10739 10740 13205 13206 13832 14341 17164 
欷 10741 
欺 10742 10743 10744 10745 
款 10746 
歇 10747 
歌 293 1275 1317 4864 4977 4978 4979 4980 6043 6930 7551 9335 9914 10748 10749 10750 10751 10752 10753 10754 10755 10756 10757 10758 10759 10760 10761 10762 10763 10764 10996 12023 12104 14699 15440 15557 15934 17469 17635 17636 17762 
止 685 1051 1192 1956 2445 3416 9632 9688 10014 10557 10765 10766 10767 10768 11070 11071 12724 13207 13905 15348 16265 16395 17037 17332 
正 188 199 686 1052 1208 2350 2738 4166 5437 5439 8611 8801 8825 9398 10769 10770 10771 10772 10773 10774 10775 10776 10777 10778 10779 10780 10781 10782 10783 10784 10785 10786 10787 10788 10789 10790 10791 10792 10793 10794 10795 10796 10797 10798 10799 10800 10801 10802 10803 10804 10805 10806 10807 10808 10809 10810 10811 12906 12986 12987 13441 13783 15091 15718 17230 17700 
此 786 787 788 1276 1470 1884 3126 3127 4633 4960 5292 6090 6091 6645 6807 6808 7254 10062 10168 10780 10790 10812 10813 10814 10815 10816 10817 10818 10819 10820 10821 10822 10823 10824 10825 10826 10827 10828 12467 12468 12469 14540 14541 14602 14627 15665 17131 17132 
步 200 201 393 919 920 1448 1610 2563 3115 3349 4634 5321 5773 10067 10829 10830 10831 10832 11795 13516 13527 13542 14447 15980 16369 16383 16384 16480 16481 16489 
武 3651 6157 6158 10833 10834 10835 10836 10837 10838 10839 10840 10841 10842 10843 10844 10845 10846 11110 12451 12452 17460 
歧 8011 10847 10848 
歪 10849 10850 16692 
死 2481 10076 10851 10852 10853 10854 10855 10856 10857 10858 10859 12403 12423 12542 14603 14604 15217 16759 
殆 10860 
殉 10861 10862 10863 
殊 8135 10864 10865 10866 12074 12075 
残 10867 10868 10869 10870 10871 14542 
殖 3846 4700 10872 10873 10874 10875 12404 12405 12406 12407 
殳 10876 
段 202 203 204 394 395 396 921 1053 1277 1449 3353 5774 8522 8627 9331 10877 10878 11998 13517 13528 13543 16361 17062 
殷 10879 
殿 2585 5271 6533 10880 10881 17819 
毁 9063 10882 10883 10884 
毅 5374 10885 10886 
毋 10887 10888 10889 10890 
母 1369 2898 5272 8329 10891 10892 10893 10894 10895 10896 10897 10898 11992 12970 
每 10899 10900 10901 10902 10903 10904 10905 10906 10907 10908 
毒 3437 7849 10909 10910 
毓 10911 
比 847 1240 2053 2132 3534 4343 4911 4912 5394 7062 7063 8897 8898 9689 10912 10913 10914 10915 10916 10917 10918 10919 10920 10921 10922 10923 10924 10925 10926 10927 10928 10929 10930 10931 10932 10933 10934 10935 10936 10937 10938 10939 12647 12819 13661 13662 14854 17354 
毕 1406 10940 10941 10942 10943 10944 10945 10946 10947 
毛 397 5622 10948 10949 10950 10951 10952 10953 12012 16159 17842 
毡 10954 
毫 886 9855 10955 10956 10957 10958 10959 10960 10961 13248 
氏 4729 10324 10728 10962 10963 10964 14932 17143 
氐 10965 
民 327 462 997 1013 1121 1479 1705 1706 1707 1708 1746 2556 2634 2674 3005 3350 3846 4518 4585 4700 5202 5203 5204 5205 6314 6731 6766 6882 7080 7190 7191 7474 7766 9232 9529 9530 10294 10872 10873 10874 10875 10966 10967 10968 10969 10970 10971 10972 10973 10974 10975 10976 10977 10978 10979 10980 10981 10982 10983 10984 10985 10986 10987 10988 10989 10990 10991 10992 10993 10994 10995 10996 10997 10998 10999 11000 11001 11002 11003 11004 11005 11006 11007 11008 11009 11111 11127 11462 11603 12854 13331 14719 
氓 11415 
气 1709 1829 2302 3172 3652 4666 5775 5776 6029 6294 7767 8030 8274 8275 10121 10214 10997 11010 11011 11012 11013 11014 11015 11016 11017 11018 11019 11020 11021 11022 11023 11024 11468 11868 12408 13120 13160 13183 13375 14791 16599 16690 16999 17053 17555 
氛 9356 11017 11025 11026 
氧 11027 16204 
水 1450 3584 6931 6939 10420 11028 11029 11030 11031 11032 11033 11034 11035 11036 11037 11038 11039 11040 11041 11042 11043 11044 11045 11046 11047 11048 11049 11050 11051 11052 11053 11054 11055 11056 11057 11058 11124 11218 11374 11416 11545 11692 12624 13249 14700 15055 16118 16768 16819 16820 17763 17811 17812 
氵 11059 
永 110 7544 11060 11061 11062 11063 11064 11065 11066 11067 11068 11069 11070 11071 11072 11073 11074 11075 17190 
汀 11076 
汁 4082 4083 
求 687 1885 2254 2255 3434 3529 3597 4402 4492 4786 6243 6452 6668 7115 8908 9731 10740 11077 11078 11079 11080 11081 11082 11083 11084 11085 11086 11087 11088 11089 11090 11091 11092 11093 11094 11095 11096 11097 11098 11099 11697 12003 12820 13699 15218 15432 15744 16468 17290 17291 
汇 1593 1594 8055 11100 11101 11102 11103 15523 15609 15904 
汉 875 922 2809 9970 10843 11104 11105 11106 11107 11108 11109 11110 11111 11112 11113 11114 11115 11419 13301 16683 
汗 11116 11117 14999 
汝 11118 
江 4635 5777 5778 10695 11119 11120 11121 11122 11123 11124 11125 11126 11127 11128 11129 11130 11131 11460 11461 11462 11646 16955 16956 
池 11132 
污 3173 4637 11133 11134 11135 11136 11137 11138 11139 
汤 4481 11140 11141 
汩 11142 11754 
汪 205 11143 11144 11145 11146 
汰 11564 
汲 11147 11148 11149 
汴 11150 
汶 5779 11151 
汹 11152 11153 
沂 11154 
沃 11155 11156 11157 14357 
沈 11158 11159 11160 11161 11162 
沉 5902 5903 11163 11164 11165 11166 11167 11168 11169 11170 11171 11172 11173 11174 11175 11176 11177 11178 11179 11180 11610 
沌 11447 11448 11630 
沙 222 5851 9276 11181 11182 11183 11184 11185 11186 11187 11188 11189 16957 
沛 11190 
沟 876 877 1845 11191 11192 11193 
没 1811 1813 3174 10169 11194 11195 11196 11197 11198 11317 11631 
沦 11166 11199 11200 11201 11202 11203 
沧 11204 11205 
沪 11206 
沫 11207 
沮 11208 
河 419 459 2557 3965 4024 5464 5465 5649 6738 6835 7267 7347 8074 9488 11125 11209 11210 11211 11212 11213 11214 11215 11216 11217 11218 11219 11220 11221 11222 11223 13826 16958 17874 17875 
油 8561 8562 11224 11225 11226 11227 
治 688 1299 5291 5529 9188 9189 9190 9191 9192 9193 9194 9195 9196 9197 9874 9875 10875 11228 11229 11230 11231 11232 11233 11234 11235 11236 11237 11238 11239 14014 14015 14016 14017 14543 14544 15143 
沾 11240 
沿 11219 11241 11242 16238 
泄 4212 6523 11243 11695 
泉 326 10482 10483 11244 11245 11246 11542 11732 
泊 11247 11773 17579 
泐 11248 
法 359 1241 1348 2183 2213 2443 2852 2983 3237 3238 3328 3543 4167 4168 4169 4252 4293 4294 4560 4561 5242 6396 6428 7105 7725 8221 8523 8524 8629 9007 9575 9576 9690 9691 9692 9919 10473 10822 11249 11250 11251 11252 11253 11254 11255 11256 11257 11258 11259 11260 11261 11262 11263 11264 11265 11266 11267 11268 11269 11270 11271 11272 11273 11274 12524 12880 13487 14784 15111 15321 15460 15495 15610 15650 15668 15689 16234 16634 16739 
泛 7289 7290 11275 11276 11277 11278 11279 11280 11281 11282 11481 13376 
波 3025 9399 9577 11041 11042 11058 11283 11284 11285 11286 11287 11288 11289 11290 11291 11292 11293 11294 11295 11296 11297 11298 11299 11647 17085 17556 
泣 6092 11300 
泥 1482 3173 11135 11301 11302 
注 2394 2402 2810 3778 7497 7498 10560 11303 11304 11305 11306 11307 11308 11309 11310 11311 11312 11313 11841 12055 15092 16723 17250 
泪 11314 11315 11771 12924 
泯 11316 11317 
泰 1950 7064 8572 11318 11319 11320 11321 11322 11323 11324 12110 14632 
泳 11708 
泻 206 2403 11325 
泼 11326 11327 11375 11376 12375 
泽 10382 10952 11126 11127 11328 14671 
泾 11329 11330 
洁 11331 13600 13816 15805 17764 
洄 11332 
洋 878 3906 5817 5899 6972 11144 11145 11146 11333 11334 11335 11336 11337 11338 11339 15198 
洒 11340 11341 11342 11343 11800 
洗 11344 11345 
洛 2184 7528 7529 7530 7531 11292 11346 11347 11348 11349 11350 11351 11352 11353 11354 11355 12076 12077 17666 
洞 3393 6932 6942 6943 11356 11357 11358 11359 11360 11361 11362 11363 13377 16978 
津 5869 12013 12014 
洪 11364 11365 11366 
洲 1526 1561 5780 10729 10730 11213 14184 17355 17897 
活 2144 2214 2534 2899 6165 6235 6497 7856 7936 9423 9753 10857 11367 11368 11369 11370 11371 11372 11373 11374 11375 11376 11377 11378 11379 11380 11381 11382 11383 11384 11385 11386 11584 11830 11869 11870 12261 12375 12409 12410 12411 12412 12413 13112 13113 14001 17828 
洼 11387 
派 207 923 1054 1163 1534 1997 2570 2636 3377 3397 3979 4333 4524 4562 4922 4925 6171 6287 6305 6739 7012 10255 10793 10801 11018 11334 11388 11389 11390 11391 11392 11393 11394 11395 11396 11417 11473 12087 12246 12525 13432 14058 14249 14569 14701 15790 16837 17455 
流 208 388 398 507 836 1055 1162 1163 1242 1318 1595 1596 1621 1794 4563 4636 4637 4925 5584 5781 6646 7514 9158 10022 11043 11220 11366 11397 11398 11399 11400 11401 11402 11403 11404 11405 11406 11407 11408 11409 11410 11411 11412 11413 11414 11415 11416 11417 11418 11419 11420 11421 11422 11423 11424 11425 11426 11427 11428 11429 11430 11733 11736 11815 11831 11839 12230 12274 12745 14545 14701 15055 16404 16859 16959 17338 17557 17558 
浅 11431 11432 11433 11434 11435 11436 11611 13671 14354 14886 
浇 2382 11437 11438 
浊 11136 11648 
测 1178 8958 10637 11439 12170 13168 14484 14865 
济 3318 4199 5205 7079 9196 9197 9977 11161 11440 11441 11442 11443 11444 12821 13912 13927 13928 13929 13930 13931 13932 13933 13934 13935 13936 13937 15372 15682 
浏 11445 
浑 11446 11447 11448 11449 11450 11451 
浒 11044 11045 
浓 7734 8177 11452 11453 11454 11455 11456 11457 11458 
浙 11459 11460 11461 11462 
浣 11463 
浩 3791 11464 11465 11466 11467 11468 11469 
浪 1710 5782 8196 9173 9531 11204 11418 11419 11470 11471 11472 11473 11474 11475 17559 17696 
浮 460 508 3949 11476 11477 11478 11479 11480 11481 11482 11483 11484 11485 
浴 11486 11487 11488 
海 461 462 463 464 1056 1349 3059 5298 5783 6933 6934 7598 9906 10393 11128 11145 11241 11489 11490 11491 11492 11493 11494 11495 11496 11497 11498 11499 11500 11501 11502 11503 11504 11505 11506 11507 11508 11509 11986 12656 16794 17076 
浸 11167 11168 11510 11511 11512 11513 
涂 11514 11515 11516 
消 689 690 2675 4111 4253 10823 11517 11518 11519 11520 11521 11522 11523 11524 11525 11526 11527 11528 11529 11530 11531 11532 11533 11534 11535 11536 
涉 2811 3351 7171 8482 8826 9693 10692 11537 11538 11539 11540 12047 
涌 671 1483 11153 11245 11541 11542 11543 11544 17568 
涑 11545 
涓 11546 
涛 8195 8196 11293 11547 13010 
涟 11548 
涡 9605 11046 11549 11791 
涣 11550 
涤 11551 
润 3378 4983 10383 10521 11552 11553 11688 13815 
涨 17765 
涩 9967 11554 12414 14660 14771 
涯 5870 12415 
涵 2929 11555 11556 11557 11558 11559 
淀 11169 13313 
淋 11560 11561 
淑 11562 
淘 11563 11564 
淙 11565 
淡 3054 7192 8088 8089 8984 11432 11566 11567 11568 11569 11570 11571 11572 11573 16162 
淫 1280 6609 11512 11574 15637 15638 
淮 11575 11576 
深 672 2926 3585 4190 4191 7270 8257 10063 10256 10582 11047 11577 11578 11579 11580 11581 11582 11583 11584 11585 11586 11587 11588 11589 11590 11591 11592 11593 11594 11595 11596 11597 11598 11599 11600 11601 11602 11603 11604 11605 11606 11607 11608 11609 11610 11611 11612 11613 11614 11615 11616 11617 11618 11619 11620 11621 13696 13833 14661 15908 16017 16889 17499 17812 
淳 11622 
混 4751 4752 11623 11624 11625 11626 11627 11628 11629 11630 
淹 11631 14795 
添 3586 5481 7193 10064 11632 16925 
清 465 4752 9038 9039 9296 9876 9877 10323 10686 11633 11634 11635 11636 11637 11638 11639 11640 11641 11642 11643 11644 11645 11646 11647 11648 11649 11650 11651 11652 11653 11654 11655 11656 11657 11658 11659 11817 15388 15389 
渊 1122 6299 6553 11660 11661 11662 17145 
渎 1655 
渐 11663 11664 11665 11666 11667 11668 11669 11670 16538 
渔 11671 11672 
渗 11673 11674 11675 11676 11677 
渚 11678 
渝 6130 
渠 11679 11680 
渡 11216 16283 
渥 11681 
温 7982 11682 11683 11684 11685 11686 11687 11688 11689 11690 11691 15719 16727 16728 
渭 11329 11330 11692 
港 4434 11693 16414 
渲 11694 11695 
渴 6096 11696 11697 
游 466 509 978 1597 5671 9601 9778 10634 11482 11698 11699 11700 11701 11702 11703 11704 11705 11706 11707 11708 11709 11710 11711 11712 11713 11714 11715 11716 11796 13161 15199 15200 16405 16524 16657 16700 16956 17100 
渺 11717 
湃 11819 
湍 11718 
湖 11719 11720 11721 
湘 11722 
湛 11723 11724 
湾 1009 1010 4435 4436 
湿 11725 
溃 6980 11726 
溉 11727 
源 326 4213 4214 4638 5784 6553 6676 7010 7445 8909 10170 10295 10411 10412 10583 10794 11205 11246 11662 11728 11729 11730 11731 11732 11733 11734 11735 11736 12590 14421 14561 15909 15981 
溟 10626 11737 
溢 10696 11337 11405 11738 11739 11740 11741 
溪 3721 6740 11742 
溯 467 5122 16469 16470 
溶 11743 11744 12822 
溺 11170 11171 
滋 11745 11746 11747 11748 
滑 510 5251 7194 11749 11750 11751 11752 
滔 11753 11754 
滕 11755 
滞 2446 2447 2482 3086 11756 11757 11758 17066 
满 691 1095 2533 2534 5252 6376 11759 11760 11761 11762 11763 11764 11765 11766 11767 14546 
滤 16284 
滥 11279 11280 11768 11769 13668 
滩 11721 
滴 209 11770 11771 
漂 11772 11773 
漆 11774 
漏 12572 14115 
漓 11560 11561 
演 376 468 6677 6691 8241 8604 8605 8959 9424 11775 11776 11777 11778 11779 11780 11781 11782 11783 11784 11785 11786 11787 11788 11789 14422 15103 15104 15433 15434 17473 
漠 3055 11183 11184 11569 14826 
漩 11790 11791 
漪 11548 
漫 5875 7547 9277 11117 11471 11472 11473 11792 11793 11794 11795 11796 11797 11798 11799 11900 16064 
漱 10626 
漾 14832 
潇 11800 
潜 7078 11159 11801 11802 11803 11804 11805 11806 11807 11808 11809 11810 11811 17146 
潞 11812 
潭 10630 11302 
潮 836 1164 5785 6093 7983 9532 11474 11504 11813 11814 11815 17560 17766 
澄 11816 11817 11818 
澈 11818 
澎 11819 
澜 11294 11820 12105 
澡 11821 
澹 11822 
激 2424 3424 3425 8315 8345 9766 11823 11824 11825 11826 11827 11828 11829 11830 11831 11832 11833 11834 11835 11836 16285 
濂 11837 
濒 11838 
濯 11345 
瀑 11839 
瀚 11466 
瀛 11840 
灌 11841 
火 1740 5910 11048 11049 11050 11842 11843 11844 11845 11846 11847 11848 11849 11850 11851 11856 11908 13634 16286 
灭 8595 10884 11524 11852 11853 13074 
灯 6253 7261 7262 11854 11855 11856 17304 
灰 11857 11858 11859 11860 11861 14955 14956 17316 17317 
灵 329 692 4823 7850 8031 10065 11862 11863 11864 11865 11866 11867 11868 11869 11870 11871 11872 13162 13378 13697 17797 17819 
灶 11873 
灾 5786 5787 8390 11280 11874 11875 16821 
灿 2594 11876 11877 
炎 828 11878 11879 11880 11881 17460 
炙 11882 11883 14434 14435 
炫 11884 
炬 11885 
炭 10234 10235 11886 13011 17272 
炯 11887 
炳 11888 13470 
炸 11967 
点 210 592 924 972 1107 1451 1816 1971 2709 2710 3116 3155 3260 3530 3922 4215 4522 4639 5099 5322 5428 6126 7558 9113 9805 9960 10171 10172 10638 10989 11137 11310 11889 11890 11891 11892 11893 11894 11895 11922 11932 12078 12731 12881 12933 12942 13446 13544 14926 15255 15284 15461 15506 15738 15982 16351 16362 16822 
炼 8809 9008 11896 11897 11898 11899 13075 16930 
烁 16983 16984 
烂 2594 5875 11876 11900 11901 14471 
烈 3497 7577 7578 7579 8241 9766 11455 11832 11902 11903 11923 
烙 11904 
烛 11905 15020 
烟 1740 11906 11907 11908 11909 17891 
烤 11910 11913 
烦 693 11911 17862 
烧 11912 11913 11914 11962 
烨 11915 
热 4216 5949 11883 11916 11917 11918 11919 11920 11921 11922 11923 11924 11925 12106 12625 
焉 3562 11926 14862 
焕 11927 
焚 11928 11929 11930 
焦 11931 11932 
焰 11845 
然 683 1611 1658 1781 2240 2265 2266 2456 2457 2676 2677 2832 3048 3640 3644 3877 5029 5116 5809 5871 6439 6582 7047 7888 7889 7890 7891 7892 8116 8342 8443 8444 9467 9835 9934 10474 11226 11323 11324 11449 11450 11467 11468 11550 11570 11637 11724 11933 12307 12684 12698 13404 13817 14002 14547 14548 14549 14550 14551 14552 14553 14554 14555 14556 14557 14558 14559 14560 14561 14562 14809 14833 14834 14911 15773 15774 15886 15998 15999 16005 16431 16432 17179 17437 17438 17580 17582 
煌 9283 9284 11934 16194 16195 
煎 11935 
煞 11936 
煦 11689 
照 2034 2586 2812 2984 4104 4105 4170 6647 9865 11905 11937 11938 11939 11940 11941 11942 11943 14922 15256 16666 
煽 11944 
熊 11945 
熏 11946 
熔 11947 
熙 11948 11949 
熟 694 6166 7735 8391 9798 11605 11901 11950 11951 11952 11953 11954 11955 11956 11957 11958 14288 14289 
熠 11959 11960 
熬 11935 
熵 11961 
熹 10321 
燃 11962 11963 
燕 11964 
燥 10499 
爆 11965 11966 11967 
爱 2425 2847 4403 4521 5023 5616 6707 8483 9290 10715 11093 11505 11924 11925 11968 11969 11970 11971 11972 11973 11974 11975 11976 11977 11978 11979 11980 11981 11982 11983 11984 11985 11986 11987 11988 16752 
爵 2065 11989 
父 1243 2868 7491 11671 11990 11991 11992 
爽 11993 15791 
片 211 2474 4581 7262 7648 8424 9204 9848 10839 10868 11448 11939 11981 11994 11995 11996 11997 11998 11999 12000 12001 12002 12003 12526 13062 17147 
版 462 463 464 1014 1479 1706 1707 2959 3175 3176 3177 3178 3179 3180 3181 3182 3183 3712 4585 6314 9401 9547 9548 11130 11462 12004 12005 12247 12671 13273 17771 
牌 12206 12848 
牙 12006 12007 12008 15201 15783 15784 
牛 5622 10919 12009 12010 12011 12012 12013 12014 12015 16839 
牡 12016 
牢 12017 12018 12019 12020 12021 
牧 11709 12022 12023 12024 
物 212 318 328 329 1407 1622 1711 1712 1713 1714 1902 2160 2568 3180 3220 3221 3280 3341 3616 3617 3928 3929 4011 4043 4084 4933 4967 4968 4969 4970 5057 5190 5548 5585 5858 6234 6444 6473 6506 6714 6798 7334 8027 8480 8769 8930 9400 9401 9685 9694 9991 10165 10340 10424 10654 10999 11052 12025 12026 12027 12028 12029 12030 12031 12032 12033 12034 12035 12036 12037 12038 12039 12040 12041 12042 12043 12093 12161 12222 12416 12417 12418 13888 14081 14165 14788 15126 15341 15342 15690 15999 16151 16231 16232 16233 16593 16594 16650 16823 16960 17170 17333 17334 17357 17558 17561 17587 17596 17611 17930 
牲 648 12084 14531 
牵 12044 12045 12046 12047 12048 
特 847 971 972 1562 1932 1940 1945 2227 2599 2613 2616 2622 2770 2884 3379 3389 4522 4584 4901 4902 4912 4916 4917 5206 5425 5924 5971 5991 6155 6774 6831 7058 7116 7117 7818 7953 8083 8392 9489 9490 9491 9492 9493 9533 9593 9594 9805 9806 10296 10306 10600 10606 10925 10989 11185 11186 12049 12050 12051 12052 12053 12054 12055 12056 12057 12058 12059 12060 12061 12062 12063 12064 12065 12066 12067 12068 12069 12070 12071 12072 12073 12074 12075 12076 12077 12078 12079 12080 12081 12082 12083 12127 12143 12144 12214 12958 13293 14047 14127 14185 14875 15950 16793 16795 17084 17554 
牺 648 12084 14531 
牾 12085 
犬 12086 12087 
犯 12088 12089 
状 4667 7668 8032 8178 9643 10341 10402 11295 12090 12091 12092 12093 12268 12592 13415 13712 13730 14119 15303 
犹 12094 12095 12096 12097 12098 12099 
狂 12100 12101 12102 12103 12104 12105 12106 12107 16458 
狃 12108 
狄 12109 12110 12111 12112 
狐 12113 16684 
狗 12114 12115 
狠 7851 7852 12116 12117 12118 
狡 12119 
狩 12120 12121 12122 
独 2927 6254 6255 7756 12123 12124 12125 12126 12127 12128 12129 12130 12131 12132 12133 12134 12135 12136 12137 12138 12139 12140 12141 12142 12143 12144 12145 12146 12147 12148 12149 12150 12151 12152 16640 
狭 2426 12153 12154 12155 12156 
狱 5323 9369 
狸 12113 
猎 8563 11540 11672 12121 12122 12157 12158 12159 12160 12161 12162 12163 
猖 12164 
猛 12165 12166 12167 12168 16266 16267 
猜 4915 6769 12169 12170 
猪 12171 12172 16840 
猫 12173 
献 2197 2808 4018 4110 4349 5979 9402 9403 9404 9707 12174 12175 12176 12177 12178 15819 15820 16385 
猿 1715 3714 12179 13654 
獗 12164 
玄 12180 12181 12182 12183 12184 12185 12186 12187 16704 
率 9214 9215 10926 12188 12189 12190 12191 12192 12746 14018 16166 17504 
玉 8682 12193 12194 12195 12196 17301 
王 2558 4734 7130 7131 8787 9405 9494 12197 12198 12199 12200 12201 12202 12203 12204 12205 12206 12207 12208 12286 13320 
玛 12209 12210 12211 12212 12213 12214 
玩 8636 12215 12216 12217 12218 12219 12220 12221 12222 12223 12224 12482 
玫 12225 12226 
环 213 1057 2823 4501 5123 7777 7778 7786 12227 12228 12229 12230 12231 12232 12233 12234 12235 14553 14656 16419 16420 17137 
现 671 1814 2124 2125 2521 2881 2960 3140 3184 4217 4218 4701 4702 4791 4792 5065 5558 6474 6511 6901 6902 9910 9935 9936 10943 11483 11543 11544 12236 12237 12238 12239 12240 12241 12242 12243 12244 12245 12246 12247 12248 12249 12250 12251 12252 12253 12254 12255 12256 12257 12258 12259 12260 12261 12262 12263 12264 12265 12266 12267 12268 12269 12270 12271 12272 12273 12274 12382 13081 13400 14456 14529 14532 14554 15050 15105 15106 15107 15108 15109 15110 15111 16000 16001 16334 16824 17235 
玻 7686 12275 
珀 12276 12277 
珂 12278 
珊 14751 14752 
珍 12279 12280 
珠 6741 6742 11315 12281 12282 17269 
班 12283 12284 15201 
球 863 2678 3847 5324 5325 5326 9106 12285 12286 15178 16038 16039 
理 695 767 777 1132 1209 1408 1716 1719 1846 2054 2055 2056 2057 2058 2351 3239 4085 4270 4539 4556 4564 4565 4640 4926 4930 4931 4971 5327 5422 5530 5531 5788 5872 6111 6288 6362 7779 7837 7853 7854 7855 7856 7857 7984 8020 8033 8056 8179 8334 8960 8961 9036 9253 9308 9332 9378 9406 9425 9578 9878 10173 10342 10635 10797 11239 11265 11591 11649 11940 12036 12037 12287 12288 12289 12290 12291 12292 12293 12294 12295 12296 12297 12298 12299 12300 12301 12302 12303 12304 12305 12306 12307 12308 12309 12310 12311 12312 12313 12314 12315 12316 12317 12318 12319 12320 12321 12419 12420 12421 12907 12908 13214 13280 13618 13619 13620 13621 13622 13623 13624 13942 14019 14166 14343 14615 15340 15462 15463 15507 15651 16332 16635 17356 17445 
琉 17070 
琐 12322 12323 
琢 17264 
琦 12324 
琪 13647 
琳 3945 12325 
琴 11505 11985 11986 12326 12327 12328 16883 16884 
瑕 6378 9695 12329 12330 
瑙 5649 
瑜 4818 12329 12331 
瑞 12332 12333 13189 
瑟 12327 12334 12335 17915 
瑰 12225 12226 12336 12337 12338 
璃 7686 12275 
璋 12339 
璧 12340 14320 
璩 12341 
瓜 14772 
瓢 214 
瓣 14736 
瓦 3944 3950 6012 7527 8741 9747 12342 12343 12344 12345 12346 
瓯 12347 
瓶 9779 12348 12349 16860 
瓷 17148 
甚 12350 12351 12352 12353 12354 12355 12356 12837 12964 
甜 12357 12358 12359 12360 
生 215 399 854 1123 1468 1623 1717 1718 1719 1720 1721 1722 1963 1998 2144 2468 2494 2559 2739 2790 2961 2962 2985 3185 3220 3221 3391 3587 3704 3705 3886 3923 4086 4219 4220 4221 5789 5873 5958 5959 6289 6326 6648 6724 6743 7106 7157 7195 7339 7580 7858 8033 8931 9534 9535 9753 9977 10174 10175 10562 10697 10708 10858 10998 11051 11052 11074 11378 11379 11394 11506 11584 11747 11941 11960 12231 12261 12361 12362 12363 12364 12365 12366 12367 12368 12369 12370 12371 12372 12373 12374 12375 12376 12377 12378 12379 12380 12381 12382 12383 12384 12385 12386 12387 12388 12389 12390 12391 12392 12393 12394 12395 12396 12397 12398 12399 12400 12401 12402 12403 12404 12405 12406 12407 12408 12409 12410 12411 12412 12413 12414 12415 12416 12417 12418 12419 12420 12421 12422 12423 12424 12425 12426 12427 12428 12429 12430 12431 12432 12433 12434 12760 12823 13906 14203 14563 14744 14899 15075 15585 15785 15856 16421 16759 17110 17111 17112 17137 17357 17381 
用 696 697 807 925 988 1058 1244 1331 1350 1577 1631 1824 1920 2126 2161 2215 2241 2338 2379 2523 3240 3316 3380 3381 3557 4207 4370 4404 5011 5650 5675 5790 6004 6475 6476 6477 6478 6561 7023 7158 7244 7290 7335 7482 7515 7642 7775 8222 8275 8310 8484 8580 8817 8848 9095 9216 9696 9760 10176 11242 11389 11870 12435 12436 12437 12438 12439 12440 12441 12442 12443 12444 12445 12446 12447 12448 12449 12450 12451 12452 12453 12454 12455 12456 12457 12458 12765 13083 13913 13934 14564 14616 15219 15891 15983 16308 16502 16569 16769 16825 17597 
甩 12459 
甫 10395 
田 7291 10377 12460 12461 12462 12463 12464 12465 14281 
由 698 3331 8180 12310 12466 12467 12468 12469 12470 12471 13938 14091 14565 14566 14567 14568 14569 14570 14571 14572 16087 
甲 12472 12473 
申 3635 7516 12474 12475 12476 12477 12478 
电 3186 4437 5207 7859 7860 8393 8889 9712 12479 12480 12481 12482 12483 12484 12485 12486 12487 12488 12489 12490 12491 12492 12493 12494 12495 12496 12497 12498 12499 12500 12501 12882 14438 16287 
男 12502 12503 12504 12505 12506 12507 12508 12509 12510 
画 1351 1822 3438 3890 4087 4668 5208 5209 5236 5490 6044 6516 6954 7281 7683 8485 8985 10235 10434 11038 11227 11886 12005 12511 12512 12513 12514 12515 12516 12517 12518 12519 12520 12521 12522 12523 12524 12525 12526 12527 12528 12529 12530 12531 12532 12533 13841 13862 13975 13976 14347 14573 15554 16937 17334 17550 
畅 9955 11420 12534 14633 17446 
界 400 831 832 833 834 835 836 837 1106 1107 1447 2651 2925 3617 5275 5328 5469 5586 6281 6290 6383 7617 7619 7789 8169 8612 9426 12304 12319 12490 12535 12536 12537 12538 12539 12540 12925 13163 13522 13541 13708 13713 14181 14555 14689 14702 14708 15285 15509 15959 16018 16239 17375 
畏 699 1861 9291 9697 12541 12542 14780 
畔 5465 11221 
留 700 2317 2448 4094 7092 12543 12544 12545 12546 12547 12548 12549 12550 12551 12552 12553 12554 16651 16652 16653 
畛 12555 
略 1409 2032 2082 2279 2280 3382 5791 7946 7947 8438 8439 10007 12556 12557 12558 12559 12560 12561 12562 12855 13586 13672 13673 13799 14369 15220 15745 17490 17491 
番 216 12563 
畴 4927 14803 
畸 12564 12565 12566 
疆 9536 
疏 12567 12568 12569 12570 12571 12572 12573 12574 12575 
疑 7954 7955 9698 10960 10961 12099 12576 12577 12578 15847 
疗 12579 
疠 12580 
疥 12581 
疮 12581 
疯 12582 
疲 1276 12583 12584 12585 
疵 12330 
疾 7861 12586 12587 12597 16210 16268 
病 5792 7486 12588 12589 12590 
症 4716 12591 12592 12607 
痒 12598 
痕 2049 3971 12593 12594 
痛 5945 8153 11172 12595 12596 12597 12598 12599 12600 14773 
痴 4222 12601 12602 12603 12604 
瘀 12605 
瘠 15859 
瘴 12606 
癌 12607 
登 201 3281 9067 11507 12608 12609 12610 12611 12612 12613 12614 12615 
白 2927 5904 6397 9407 9879 9880 10384 11433 12146 12616 12617 12618 12619 12620 12621 12622 12623 12624 12625 12626 12627 12628 12629 12630 12631 12632 12633 12634 12747 13379 14747 15112 16903 17584 17876 17892 
百 217 218 219 220 401 402 403 469 926 927 928 1319 1414 1415 1452 1453 1535 1536 1537 1538 3117 3118 3119 3120 3121 3820 3821 3822 3823 4137 4138 5100 5101 5102 12635 12636 12637 12638 12639 12640 12641 12642 12643 12644 12645 12646 12647 12648 12649 12650 12651 12652 12653 12654 12655 12656 12657 12658 12659 12660 12661 12662 12663 12664 12665 12666 12667 12668 12669 12670 12671 12672 12673 12674 14250 15539 15667 16335 16336 
的 1124 2393 5635 6595 6726 7768 8057 9537 9699 9710 11568 12424 12727 12728 12729 12909 12958 12996 13473 14083 14186 16972 
皆 10924 12675 
皇 1818 5440 6127 6195 12676 12677 12678 12679 12680 12681 13299 13300 
皈 12682 
皋 12683 
皎 12684 
皙 12685 
皮 912 5563 6187 10554 10623 11326 11861 12686 12687 
皿 5058 
盆 12688 
盈 1096 2535 12689 12690 12691 12692 12693 14587 15000 15001 17358 
益 3383 4271 7769 7770 8870 8871 9217 9254 9700 9761 9762 10177 10178 12694 12695 12696 12697 12812 13111 13698 13699 13935 14885 14886 15159 16137 
盎 2832 12698 
盏 1539 
盐 12699 
监 12700 
盖 5946 5947 8973 11558 11559 12701 12702 13650 15229 15230 16909 
盗 11508 15638 15639 
盘 221 222 2587 2679 2680 2681 8790 10642 12703 12704 12705 12706 12707 12708 
盛 1097 2841 3859 3860 9834 9841 10795 12709 12710 12711 12712 12713 12714 12715 12716 12717 13778 17908 17909 
盟 12718 13966 14321 15202 
目 1721 2578 3400 3401 3498 4669 5836 5962 5987 6758 7498 7499 7862 8050 8784 8785 9427 10179 10293 10455 11308 12500 12719 12720 12721 12722 12723 12724 12725 12726 12727 12728 12729 12732 12733 12926 12951 14061 14078 14290 14291 14720 17382 17518 
盲 4139 12730 12731 12732 12733 14672 
直 223 3130 5329 5386 7721 8002 12498 12734 12735 12736 12737 12738 12739 12740 12741 12742 12743 12744 12745 12746 12747 12748 12749 12750 12751 12752 12753 12754 12755 12756 12757 12758 12759 12760 13488 13601 
相 245 623 701 702 703 787 788 1382 1488 1497 1498 1499 1500 1501 1598 1834 2127 2791 3318 3401 3887 4171 4499 4842 4889 5426 5651 5793 5811 6369 6429 6479 6536 6591 6702 7131 7231 7650 7651 8034 8094 8095 8525 9344 9579 9616 9701 10297 11049 11050 12425 12761 12762 12763 12764 12765 12766 12767 12768 12769 12770 12771 12772 12773 12774 12775 12776 12777 12778 12779 12780 12781 12782 12783 12784 12785 12786 12787 12788 12789 12790 12791 12792 12793 12794 12795 12796 12797 12798 12799 12800 12801 12802 12803 12804 12805 12806 12807 12808 12809 12810 12811 12812 12813 12814 12815 12816 12817 12818 12819 12820 12821 12822 12823 12824 12825 12826 12827 12828 12829 12830 12831 12832 12833 12834 12835 12836 12837 12838 12839 12840 12841 12842 12843 12844 12845 12846 14673 15045 15720 16102 16874 17231 17383 
盼 1928 12847 
盾 1173 2939 4703 12848 12956 12957 12958 
省 2682 2930 4172 4191 4525 5092 11614 12168 12849 12850 12851 12852 12853 12854 12855 
眇 12856 
眉 12857 12858 16441 17449 
看 778 1896 3401 4405 4406 4721 5286 6744 6804 9125 10413 12467 12824 12859 12860 12861 12862 12863 12864 12865 12866 12867 12868 12869 12870 12871 12872 12873 12874 12875 12876 12877 12878 12879 12880 12881 12882 12883 12884 12885 12886 12887 12888 12889 12927 13873 15257 15302 17207 
真 2318 2323 2986 5874 5875 7599 8394 10298 11094 12890 12891 12892 12893 12894 12895 12896 12897 12898 12899 12900 12901 12902 12903 12904 12905 12906 12907 12908 12909 12910 12911 12912 12913 12914 15390 15391 15392 15393 16342 16603 16604 
眠 12915 16961 
眷 12916 
眺 12917 
眼 1639 1647 1648 1723 6220 8340 8540 9104 9937 12918 12919 12920 12921 12922 12923 12924 12925 12926 12927 12928 12929 12930 12937 12938 14232 
着 704 705 3090 5158 5652 6236 6649 7555 8258 8583 8605 9069 9911 10180 11173 11380 11785 11914 12233 12435 12931 12932 12933 12934 12935 12936 12937 12938 12939 12940 12941 12942 13392 13562 14968 15298 16052 16138 17000 
睐 2364 17318 
睛 9104 12928 
睡 6346 12943 12944 
睢 12945 
督 5429 5430 5431 12700 12946 16725 
睫 12858 16441 
睹 1649 2792 10179 12947 
睿 12948 
瞄 12949 
瞥 12950 
瞩 7499 12951 
瞬 224 12952 12953 16139 16140 
瞻 3465 3466 12954 
矛 1173 2939 12955 12956 12957 12958 
矜 12959 12960 
矢 9174 9699 11421 12961 12962 
知 391 706 707 708 1692 1960 3309 4407 4819 6946 7048 7276 7771 8316 8486 9210 9580 9702 9881 10257 11095 11615 11926 11952 12963 12964 12965 12966 12967 12968 12969 12970 12971 12972 12973 12974 12975 12976 12977 12978 12979 12980 12981 14574 14657 15394 17474 
矫 12982 12983 12984 12985 12986 12987 12988 
短 4258 10015 12989 12990 12991 12992 12993 12994 12995 12996 12997 12998 12999 13000 14103 15093 16962 
矮 13001 13002 
石 3706 5361 6935 9538 9539 9780 9781 11056 13003 13004 13005 13006 13007 13008 13009 13010 13011 13012 13013 13014 13015 13016 13017 13018 13874 14845 14923 
矿 6606 
码 6597 13019 14079 15984 
研 975 1016 1059 6282 9255 9256 10181 11585 11806 13020 13021 13022 13023 13024 13025 13026 13027 13028 13029 13030 13031 13279 13294 16894 
砖 8681 8682 
砚 14427 
破 8564 11895 13012 13013 13032 13033 13034 13035 13036 13037 13038 13039 13405 15652 
砸 13040 
础 5432 10818 
硕 13041 13042 13043 
硬 2483 7581 13044 13045 
确 1724 3069 3070 3071 9882 9883 9884 10796 10797 10798 13046 13047 13048 13049 13050 13051 13052 13053 13054 13055 13056 13057 13058 13059 13700 13701 13702 17197 
碍 6117 8807 9674 9675 9703 10182 10183 11758 13060 13061 17067 17187 17188 17189 
碎 12323 13036 13062 17279 
碑 1098 13063 13064 13065 
碓 13066 
碗 5794 
碧 13067 
碰 13068 13069 
磊 13070 
磨 8672 13071 13072 13073 13074 13075 13076 
示 1886 2246 3482 4765 4766 4793 5038 5237 6903 6904 8827 9009 9027 9921 9938 10023 10543 11786 13077 13078 13079 13080 13081 13082 13083 15113 15364 
礻 13084 
礼 1893 2606 2889 3228 4820 6173 6204 10766 12971 13085 13086 13087 13088 13089 13090 13091 13092 13093 13094 
社 462 463 464 1014 1479 1706 1707 2683 2740 2998 3007 3181 3241 3712 4073 4585 6055 6291 6314 6689 9401 10358 10964 11130 11462 12671 13095 13096 13097 13098 13099 13100 13101 13102 13103 13104 13105 13106 13107 13108 13109 13110 13111 13112 13113 13114 13115 13116 13117 13118 13119 13120 13121 13122 13123 13124 13125 13126 13273 13372 15558 17376 17771 
祀 13194 
祁 13127 
祈 13128 13129 
祖 2185 2765 6128 11114 11365 11925 11987 13130 13131 13132 13133 13134 13135 17767 17921 
祝 13136 13137 13138 
神 1133 1701 1862 2033 2034 2314 2648 2900 3848 4353 4519 5795 5876 6045 6690 6691 6974 7123 7669 7863 7873 9287 9293 9294 9704 9705 9807 10184 11096 11281 13139 13140 13141 13142 13143 13144 13145 13146 13147 13148 13149 13150 13151 13152 13153 13154 13155 13156 13157 13158 13159 13160 13161 13162 13163 13164 13165 13166 13167 13168 13169 13170 13171 13172 13173 13174 13175 13176 13177 13178 13179 13180 13181 13182 13183 13184 13185 13186 13187 13703 13704 13705 13706 13707 13708 13709 13710 13711 13712 13713 13714 13715 13716 15798 16979 17562 17792 
祥 13188 13189 
票 14352 
祭 13190 13191 13192 13193 13194 
祷 13137 
祸 13195 13196 
禀 13197 13198 13199 
禁 709 733 8157 13200 13201 13202 13203 13204 13205 13206 13207 14575 
禄 3384 3553 4051 17746 
禅 4106 5356 13208 13209 13210 13211 13212 13213 13214 
福 4903 7256 11253 13138 13196 13215 13216 13217 13218 13219 13220 13221 13755 
禹 13222 
离 710 1302 2427 2581 3242 3243 3364 3488 8152 11710 12574 13223 13224 13225 13226 13227 13228 13229 13230 13231 13232 13233 13234 13235 14377 14455 14456 15798 16051 16338 16406 16504 17101 17185 
禽 13236 
禾 13237 
秀 1972 1973 1974 1975 4710 4727 13164 13238 13239 13240 
私 152 5140 5698 7724 7725 9706 9707 13241 13242 13243 13244 13245 13246 
秋 2173 3824 4520 4729 9855 9916 9917 9918 9919 13247 13248 13249 13250 
种 225 404 902 929 1454 1540 1725 2162 2711 3122 3127 3499 3774 3782 3796 3814 4526 4527 4890 5078 5103 5653 5654 5655 9309 10185 10299 10352 10510 10511 10512 10824 10907 11846 12038 12626 13251 13252 13253 13254 13255 13256 13257 13258 13259 13260 13261 13518 13529 13545 13559 14282 15669 16363 16685 
科 1014 1015 1583 1699 1700 3697 4508 6292 6832 6833 8628 9257 9258 9408 9502 10280 10317 10381 10651 12248 12311 12383 12666 12667 12668 13114 13125 13262 13263 13264 13265 13266 13267 13268 13269 13270 13271 13272 13273 13274 13275 13276 13277 13278 13279 13280 13281 13282 13283 13284 13285 13286 13287 13288 13289 13290 13291 13292 13293 13294 13622 13623 14556 14557 14864 16152 16241 17768 
秘 6024 13165 13166 13167 13168 13295 13296 13297 
秦 1793 2560 2561 13298 13299 13300 13301 13302 
秩 13303 
积 6568 13304 13305 13306 13307 13308 13309 13310 13311 13312 13313 13314 13315 13770 14950 
称 1726 3669 4119 4566 4670 5442 5513 8058 8487 12825 13316 13317 13318 13319 13320 13321 13322 13323 13324 13325 
移 2091 2428 8849 8962 9826 11711 11712 11808 11809 13326 13327 13328 13329 13330 13331 16141 
秽 11138 11139 
稀 2267 13332 13333 
程 1455 1507 2688 3467 4023 4031 5531 5796 5797 7002 7718 7857 9099 9581 9582 9763 9764 10512 11422 11780 13334 13335 13336 13337 13742 15413 15698 16288 16386 16543 16645 
稍 13338 13339 13340 13341 
税 10361 13342 14759 
稚 7268 
稠 13343 
稣 14295 
稳 7196 13344 13345 13346 13347 13348 16002 
稷 4704 
稹 13349 
稻 13350 
稿 4088 9126 
穆 13302 13351 17335 
穗 8792 
穴 11362 13352 13353 13354 13355 
究 975 1016 6282 6293 6294 8910 8963 11585 11616 11806 13021 13022 13023 13024 13025 13026 13027 13028 13029 13030 13279 13356 13357 13358 15435 16471 
穷 2854 6870 9708 9709 9710 13359 13360 13361 13362 13363 13364 13365 15860 
空 409 1304 3062 3131 3201 4482 4483 4723 5877 5905 5906 6480 7772 7864 8709 9821 10186 10698 10699 11650 12390 12411 12910 13366 13367 13368 13369 13370 13371 13372 13373 13374 13375 13376 13377 13378 13379 13380 13381 13382 13383 13384 13385 13386 13387 14048 14570 14924 15002 16612 
穿 3588 8719 13388 13389 13390 13391 13392 13393 13394 13395 13396 15653 15871 
突 3027 7459 9762 13397 13398 13399 13400 13401 13402 13403 13404 13405 13406 13407 
窃 13408 
窄 12155 13409 
窈 13410 
窑 17659 
窒 13411 
窕 13410 
窗 5878 13412 13413 13414 
窘 13415 13416 
窝 13417 
窟 6445 13418 
窠 13419 
窥 13420 13421 13422 
立 930 2504 3333 3638 6256 6352 6650 6651 6652 7245 7404 7411 7412 7641 8395 9195 10322 10484 10555 12147 12148 13035 13057 13423 13424 13425 13426 13427 13428 13429 13430 13431 13432 13433 13434 13435 13436 13437 13438 13439 13440 13441 13442 13443 13444 13445 13446 13447 13448 13449 13453 15484 16640 17910 
站 13450 13451 13452 13453 16119 
竞 2133 7198 8111 13454 13455 13456 13457 
竟 10944 13358 13458 13459 13460 13461 
章 226 330 808 931 1456 1541 2741 3743 3761 5768 7413 8396 8693 9409 13462 13463 13464 13546 13550 13632 13633 15559 16216 17445 
童 2501 2502 12024 13465 13466 13467 13468 13469 13470 16343 
竭 711 12437 13471 
端 932 7446 7475 7487 10456 10457 13472 13473 13489 
竹 8397 8398 13474 13475 13476 14217 14401 
竿 12654 13477 
笃 12355 
笆 13636 
笋 13478 
笏 13479 
笑 4408 4896 5048 6188 6189 7138 13480 13481 13482 
笔 227 511 8261 8526 9410 9411 9919 12528 13483 13484 13485 13486 13487 13488 13489 13490 13491 13492 13493 13494 13495 15836 17001 17171 
笛 13496 13497 
符 712 4671 6221 8685 11160 12826 12827 13498 13499 13500 13501 13502 13503 17418 
第 2369 3972 3973 5842 10709 13504 13505 13506 13507 13508 13509 13510 13511 13512 13513 13514 13515 13516 13517 13518 13519 13520 13521 13522 13523 13524 13525 13526 13527 13528 13529 13530 13531 13532 13533 13534 13535 13536 13537 13538 13539 13540 13541 13542 13543 13544 13545 13546 13547 13548 13549 13550 13551 13552 13553 13554 13555 13556 13557 13558 13559 15851 
笼 13560 13561 13562 
等 228 713 2163 3289 4641 6090 7197 7198 10825 13002 13563 13564 13565 13566 13567 13568 13569 13570 13571 13572 13573 13574 17769 17770 17771 
筋 3621 7426 13575 13576 14439 
筌 13577 
筑 7414 7415 7416 10470 13578 
筒 333 2019 14737 
答 2216 5124 13579 13580 13581 13582 13583 13584 15322 16991 16995 
策 3040 3041 5210 8431 9198 13585 13586 15365 
筛 13587 
筵 12713 13588 
筹 229 12562 16309 16310 17729 
签 10544 13589 13590 13591 
简 1815 2218 4409 10936 12627 13592 13593 13594 13595 13596 13597 13598 13599 13600 13601 13602 13603 
箔 13604 
算 714 3042 3043 3381 3932 3933 4567 5073 8565 12486 12487 13605 13606 13607 13608 13609 13610 13611 13612 13613 15374 15375 15376 15377 15378 16311 
管 715 716 1165 1166 1167 1999 4140 4141 11053 13280 13614 13615 13616 13617 13618 13619 13620 13621 13622 13623 13624 13942 15041 
箪 230 13625 
箫 13626 
箭 13627 
箱 13628 17893 
篇 231 933 1542 2174 2684 2931 3123 3764 4642 4672 5656 7447 12669 12997 12998 13629 13630 13631 13632 13633 15560 16963 16964 17843 17844 
篝 13634 
篡 13635 
篮 9059 
篱 10676 13636 14981 
簏 13637 
籍 797 1352 2890 4354 13638 14187 14188 14204 
米 4047 5457 9979 9980 11054 12079 13639 13640 13641 13642 13643 13644 13645 13646 13647 13648 13649 13650 
类 232 934 1727 1728 1729 2654 3187 3244 4321 4528 4643 5798 7476 7600 10513 10826 12828 13259 13651 13652 13653 13654 13655 13656 13657 13658 13659 13660 13661 13662 13663 14703 15665 16364 16980 17813 
粉 13664 
粒 13665 
粗 13666 13667 13668 13669 13670 13671 13672 13673 13674 13675 13676 13677 
粟 13678 
粪 13679 
粮 13716 17598 
粹 5211 13818 
精 1133 1701 1730 2658 5330 6974 9287 9412 9807 11871 13680 13681 13682 13683 13684 13685 13686 13687 13688 13689 13690 13691 13692 13693 13694 13695 13696 13697 13698 13699 13700 13701 13702 13703 13704 13705 13706 13707 13708 13709 13710 13711 13712 13713 13714 13715 13716 13717 13718 13719 13720 13721 13722 13723 13724 13725 13726 13727 13728 
糅 13729 
糊 10685 10686 10687 10688 13730 13734 
糕 13733 
糙 13674 13731 
糜 13732 
糟 10091 13733 
糨 13734 
系 233 234 675 1044 1500 1742 2128 2129 2255 2813 2814 2920 3900 4019 4105 5799 6199 6295 6590 6592 7412 7440 7971 8007 9379 10896 11395 12314 12768 13100 13170 13171 13619 13735 13736 13737 13738 13739 13740 13741 13742 13743 13744 13745 13760 14049 14322 14527 15611 15768 16230 17412 
素 414 1176 2514 4527 5141 5427 8412 10187 10909 13746 13747 13748 13749 13750 13751 13752 15221 15410 
索 545 4786 7526 7527 7985 8911 9070 10942 11097 13753 13754 13755 13756 13853 14133 
紧 2815 9637 13757 13758 13759 13760 13761 13762 13763 13764 13765 14595 
紫 10024 11434 13766 13767 13768 
累 717 3636 7815 8756 12048 13314 13769 13770 13771 
綮 13772 
繁 6212 10494 10937 13773 13774 13775 13776 13777 13778 13779 13780 13838 13839 16186 17505 
纟 13781 
纠 13782 13783 13784 13785 
红 6046 11338 11339 11571 11572 13664 13786 13787 13788 13789 13790 13791 13792 13793 
纤 13794 
约 718 719 1498 3417 4865 5800 5997 6170 6171 9782 13795 13796 13797 13798 13799 13800 13801 13849 15272 
级 235 405 406 407 2099 2100 3100 3352 3353 3486 4098 4529 5311 7081 9625 9907 10102 13568 13569 13802 13803 16539 17063 17064 17772 
纩 13804 
纪 838 839 981 1310 1430 2696 2749 3321 3745 3749 3753 3758 3767 3770 9497 10264 10265 10300 13805 13806 13807 13808 13809 13810 13811 
纫 14096 
纬 13939 
纯 3888 13812 13813 13814 13815 13816 13817 13818 13819 
纲 13820 13821 13822 
纳 5463 5464 5465 6569 7601 7816 8932 10393 11509 11609 13823 13824 13825 13826 14038 14050 14051 16770 
纵 9101 9175 13341 13827 13828 13829 13830 13831 13832 13833 13834 13835 
纷 1533 7467 13836 13837 13838 13839 13840 14099 
纸 3505 5475 6222 8556 8694 11355 13841 13842 
纹 7143 11296 13843 13844 13845 13846 14120 14738 14984 17814 
纽 13847 13848 13849 
线 236 2588 3072 7398 7977 8440 9711 9712 10038 10039 12538 12748 13675 13676 13850 13851 13852 13853 14009 15286 15987 16065 16149 16872 16965 
练 7172 8899 11953 11954 13076 13602 13854 13855 15409 15410 
组 74 237 1970 5144 5145 6598 9310 10343 13123 13693 13856 13857 13858 13859 13860 13861 13862 13863 14576 
绅 13864 
细 1819 13717 13718 13727 13865 13866 13867 13868 13869 13870 13871 13872 13873 13874 13875 13876 13877 13878 13879 13880 13881 13882 13883 13884 15595 
织 1599 5145 6598 13123 13693 13829 13863 13885 13886 13887 13888 14080 14081 
终 1108 6129 6130 6131 9713 10092 10125 13889 13890 13891 13892 13893 13894 13895 13896 13897 13898 13899 13900 13901 13902 13903 13904 13905 13906 13907 13908 14512 
绊 14152 
绍 1778 13909 15132 
绎 13910 
经 188 238 720 721 813 855 961 1060 1653 2766 2932 3329 4032 4199 5205 5273 5376 5879 6489 6934 7049 7079 7246 7893 8035 8488 9196 9197 10075 10258 10799 11793 11794 12269 13169 13170 13171 13172 13173 13174 13911 13912 13913 13914 13915 13916 13917 13918 13919 13920 13921 13922 13923 13924 13925 13926 13927 13928 13929 13930 13931 13932 13933 13934 13935 13936 13937 13938 13939 13940 13941 13942 13943 13944 13945 13946 13947 13948 13949 13950 14829 15068 15372 15436 15561 15682 15691 15721 16103 16851 17450 17616 17617 17871 
结 512 3273 5146 6599 6875 7595 7596 7602 7603 7604 7752 7865 7890 8059 8060 8181 9278 10584 11651 12829 13759 13907 13951 13952 13953 13954 13955 13956 13957 13958 13959 13960 13961 13962 13963 13964 13965 13966 13967 13968 13969 14068 14323 16698 
绕 5159 9606 12232 12233 13970 14106 
绘 7684 8986 8987 8988 8989 9075 11516 13971 13972 13973 13974 13975 13976 
给 1600 1826 2256 2987 3589 7606 8795 12175 12176 13977 13978 13979 13980 13981 16347 
绚 13982 13983 13984 
络 2335 13173 13940 13985 14121 14432 
绝 3044 3812 5972 8749 9468 11853 13986 13987 13988 13989 13990 13991 13992 13993 13994 13995 13996 13997 13998 13999 14000 14001 14002 14003 14004 
绞 14005 
统 239 240 1979 2035 2036 2037 6199 6651 7364 7440 8061 8880 10800 10801 10875 13171 13560 13739 13740 13741 13742 13743 13744 14006 14007 14008 14009 14010 14011 14012 14013 14014 14015 14016 14017 14018 14019 14020 14021 14022 14023 15143 16636 
继 4705 4706 4707 12830 14024 14025 14026 14027 14028 17105 17195 
绩 856 14029 14388 
绪 3398 7986 8182 8183 13233 13756 14030 
续 7395 7396 7722 8802 8803 9465 9469 12831 14027 14028 14031 14032 14033 14767 16422 16423 16424 16425 
绮 14034 
绳 3073 14035 14036 
维 69 241 408 409 4071 4294 5657 5658 6025 7987 9875 12207 12665 14037 14038 14039 14040 14041 14042 14043 14044 14045 14046 14047 14048 14049 14050 14051 16796 
绵 14052 14053 14054 14098 
综 14055 14056 14057 14058 14059 14060 14061 
绽 13037 14062 
绿 14063 14064 14065 17829 17830 
缀 16426 
缓 4866 7742 14066 14067 
缔 14068 
缕 331 3804 10401 14069 
编 1168 9142 9540 11102 14070 14071 14072 14073 14074 14075 14076 14077 14078 14079 14080 14081 14082 14083 14084 14085 14086 14087 15830 15831 15904 
缘 747 1650 5142 5587 6142 9714 10188 14088 14089 14090 14091 14092 14093 15042 16240 16241 16763 
缚 10398 14094 
缜 14095 
缝 14096 15149 
缠 13784 14097 14098 
缤 1533 14099 
缩 4041 11456 12335 14100 14101 14102 14103 14901 
缪 14104 
缭 14105 14106 
缺 582 5973 8419 10869 10870 13380 14107 14108 14109 14110 14111 14112 14113 14114 
罅 14115 
罐 9898 14116 
网 2334 2335 5880 13172 13173 14117 14118 14119 14120 14121 
罕 13333 14122 14123 14124 
罗 2186 2187 2614 2615 2616 3682 4355 5563 6830 6834 6835 7065 7066 7093 7094 7118 7119 7817 9978 9979 9980 10601 11297 12111 13266 13647 14125 14126 14127 14128 14129 14130 14131 14132 14133 14134 14135 14136 14137 17085 17402 17662 
罢 14138 
罩 13561 13562 
罪 14139 14140 14141 14142 15916 
置 2092 5532 6347 7247 7481 7482 9279 13399 14143 14144 14145 14146 14147 14148 14149 15153 15485 16740 17198 
署 3182 9548 13029 13590 16715 
罴 14150 
羁 14151 14152 
羊 2742 2743 14153 14192 14193 
美 1061 1099 1210 1278 1668 1976 2130 2453 3910 4972 4973 5212 6039 6377 6378 6496 6497 6498 6499 8742 9411 10093 10522 10731 10732 10927 11741 11988 12894 13819 14114 14154 14155 14156 14157 14158 14159 14160 14161 14162 14163 14164 14165 14166 14167 14168 14169 14170 14171 14172 14173 14174 14175 14176 14177 14178 14179 14180 14181 14182 14183 14184 14185 14186 14187 14188 14189 14190 14191 14558 14704 14753 14785 15935 17052 17665 
羚 14192 14193 
羡 14194 14195 14677 
群 242 1731 1747 4568 5801 7283 8399 9610 11877 14153 14196 14197 14198 14199 14200 14201 14202 14203 14204 14205 14206 14207 15693 16003 
羲 1951 1952 14208 
羹 14891 
羽 2816 4581 6857 14209 17433 
翁 14210 14211 14855 16760 
翅 14212 
翌 14213 
翔 14214 17585 
翘 14215 14216 
翠 14217 17319 
翩 14218 14219 14220 
翰 13800 13801 14221 
翻 8964 14222 14223 14224 14225 14226 14227 14228 
翼 935 6734 14229 14230 
耀 2589 11884 14231 14232 
老 410 2188 4356 5125 11266 14233 14234 14235 14236 14237 14238 14239 14240 14241 14242 14243 14244 14245 14246 14247 14248 14249 14250 14251 14252 14253 15960 16343 16966 
考 583 1169 1170 1847 4107 4108 4109 4110 4111 4410 6459 7336 7988 14254 14255 14256 14257 14258 14259 14260 14261 14262 14263 15392 16570 
者 243 411 803 857 936 1134 1166 1279 1457 1624 1698 1755 1756 2107 2125 2175 2217 2218 2280 2495 2778 3041 3330 3342 3548 3653 4211 4268 4272 4699 5213 5756 6296 6970 6994 7512 7517 7559 7582 7633 7634 7717 8285 8420 8493 8515 8779 8925 9117 9420 9550 9624 9885 10008 10009 10414 10723 10758 10859 11233 12122 12162 12208 12368 12453 12965 12972 13026 13490 13624 13942 14016 14026 14082 14083 14694 15139 15143 15258 15423 15464 15510 15692 15693 15820 15834 15902 16478 16576 16577 16594 16774 17248 17487 17655 
耆 14264 
而 174 197 251 268 638 719 749 757 1280 2080 2458 2459 2553 2879 2909 3173 4146 4254 4569 4627 4691 4786 4882 5036 5133 5143 5440 5802 6808 7050 7339 7670 7671 7672 7948 8051 8136 8937 9293 9294 9322 9744 9822 9939 9940 10145 10667 10938 11767 12468 13175 13361 13570 14265 14266 14267 14268 14269 14270 14271 14272 14273 14274 14275 14276 14325 14378 14463 14508 15287 16142 16167 17159 
耐 14277 14278 14279 
耒 14280 
耕 3006 3007 14281 14282 16107 
耗 2933 11525 14283 
耦 14284 
耳 4468 7013 8132 8541 13393 14285 14286 14287 14288 14289 14290 14291 14292 14304 
耶 14293 14294 14295 14296 
耷 14297 
耸 14298 17773 17774 
耻 722 723 8688 14299 14300 17275 
耽 14301 
耿 14302 14303 
聂 14304 
聊 9715 14305 14306 14307 14308 
职 809 1174 1921 2869 4505 5935 6403 8808 8809 14309 14310 14311 14312 15222 15323 
联 412 413 1012 1102 1500 2817 2818 2920 6592 7412 9413 9549 12782 12832 13760 14313 14314 14315 14316 14317 14318 14319 14320 14321 14322 14323 14324 14325 14326 14754 16039 
聘 14327 
聚 3087 3088 9266 13663 14328 14329 14330 14331 
聪 14332 14333 14334 
肃 948 14335 17820 
肆 5803 5804 8078 9176 11146 
肇 14336 
肉 391 708 10189 12172 14337 14338 14339 14340 14341 14342 14344 15043 16967 17599 
肌 14343 14344 
肓 14478 
肖 724 14345 14346 14347 16605 
肘 8862 
肚 14348 14349 
肝 14350 14351 
股 244 4112 8763 14352 
肢 14353 
肤 14354 
肥 14355 14356 14357 16170 
肩 10928 14358 14359 
肪 14428 
肯 725 1062 2525 14360 14361 14362 14363 14364 14365 16675 17637 
育 2131 2132 2133 3707 4223 4934 5204 5408 5409 6214 6558 9259 9260 9261 9262 9355 11130 11976 14189 14366 17770 17771 
肺 14367 
胀 14481 
胃 14368 
胆 5805 14369 
背 1442 4020 9357 10209 14370 14371 14372 14373 14374 14375 14376 14377 14378 14379 16412 17434 17775 
胎 14380 14381 14382 14383 14457 14458 
胚 14383 
胜 726 727 1977 3045 4255 4673 7496 7673 8441 10866 12561 12562 14384 14385 14386 14387 14388 16144 
胞 10999 13877 13878 13879 
胡 14389 14390 14391 14392 14740 
胧 10225 
胶 14393 14394 
胸 7866 8398 14395 14396 14397 14398 14399 14400 14401 14402 14403 
能 728 729 730 1245 1808 2093 2134 2371 2948 3033 3339 3527 3558 3559 3560 3618 4371 4411 4412 5421 6404 6430 6608 6609 6790 6843 7248 7894 7960 7961 8013 8489 9583 9716 10259 10301 10344 10345 12973 13988 14289 14311 14404 14405 14406 14407 14408 14409 14410 14411 14412 14413 14414 14415 14416 14417 14418 14419 14420 14421 14422 14423 14424 14425 14426 15223 15862 
脂 14427 14428 
脆 7173 14429 
脉 245 3619 14430 14431 14432 15044 15045 17336 
脊 6893 14433 
脍 14434 14435 
脏 7867 14351 
脑 3620 3621 4469 5806 5948 5949 7426 11763 12492 14436 14437 14438 14439 14440 14441 16872 17638 
脓 14442 14443 
脚 8527 13452 14444 14445 14446 14447 14448 14449 14925 14926 15946 
脱 731 8843 9051 9052 11342 11381 11382 14450 14451 14452 14453 14454 14455 14456 14457 14458 14459 14460 14461 14462 14463 15324 15992 16004 
脸 741 890 5050 14464 14465 15224 
腊 4344 7120 7121 7122 7123 14466 14467 
腐 14468 14469 14470 14471 
腑 14367 
腕 5807 8528 14472 
腰 7555 
腹 5808 8879 10897 14473 14474 
腻 13880 
腾 5238 5239 6000 14226 14475 
腿 14476 14477 
膀 14212 
膏 14478 
膜 14479 17186 
膝 14480 
膨 14481 
膺 14840 
臂 1601 5927 
臆 1178 14482 14483 14484 
臣 3561 4735 10628 14485 14486 14487 15746 
自 470 730 732 733 1651 1658 2038 2380 3188 3316 3331 4218 4224 4225 4251 4256 5005 5116 5673 5809 6132 7518 8157 9158 10323 11324 11637 11734 11942 12149 14092 14306 14488 14489 14490 14491 14492 14493 14494 14495 14496 14497 14498 14499 14500 14501 14502 14503 14504 14505 14506 14507 14508 14509 14510 14511 14512 14513 14514 14515 14516 14517 14518 14519 14520 14521 14522 14523 14524 14525 14526 14527 14528 14529 14530 14531 14532 14533 14534 14535 14536 14537 14538 14539 14540 14541 14542 14543 14544 14545 14546 14547 14548 14549 14550 14551 14552 14553 14554 14555 14556 14557 14558 14559 14560 14561 14562 14563 14564 14565 14566 14567 14568 14569 14570 14571 14572 14573 14574 14575 14576 14577 14578 14579 14580 14581 14582 14583 14584 14585 14586 14587 14588 14589 14590 16005 17437 17438 
臭 14591 
至 471 513 1246 3245 5482 8937 9823 12749 13460 13908 14325 14512 14592 14593 14594 14595 14596 14597 14598 14599 14600 14601 14602 14603 14604 14605 14606 14607 
致 246 247 734 735 2316 2842 3399 4870 5417 5810 5811 6367 6678 6853 8490 8764 9553 9992 10458 11561 12762 13719 13881 13882 13913 14608 14609 14610 14611 14612 14613 14614 14615 14616 14617 14887 16659 16889 17563 17776 
臻 14618 
臾 17451 
舆 9584 13115 14619 14620 14621 14622 
舌 4937 14623 
舍 4257 6615 12464 13365 14624 14625 14626 14627 14628 14629 17208 
舒 4473 14630 14631 14632 14633 14634 
舜 6800 
舞 1281 4021 4074 4979 8846 10759 14220 14635 14636 14637 14638 14639 14640 14641 15985 16069 17916 
舟 8505 11282 14642 
航 1013 11000 14643 14644 
舫 14645 
般 248 249 250 251 252 2516 13180 14646 14647 
舱 4042 4043 
船 10661 11222 11713 14227 14648 14649 14650 14651 
艘 253 
良 1978 1979 5012 13720 14652 14653 14654 14655 14656 14657 16606 
艰 14658 14659 14660 14661 14662 14663 
色 570 1185 1503 2021 3189 3389 3889 3890 4181 5514 7348 7665 7674 7685 7686 8012 8036 9806 9993 10024 10107 10302 10362 11339 11424 11434 11572 11573 11859 12039 12080 12127 12226 12454 13766 13768 13792 14064 14664 14665 14666 14667 14668 14669 14670 14671 14672 14673 14674 14675 14678 14850 14956 14957 15069 15094 15164 15304 15722 16522 16861 16899 16904 17317 17525 17564 17830 17877 17894 17895 
艳 14676 14677 14678 
艺 463 873 1016 1282 2039 2219 2399 3500 4334 5638 5812 6297 7003 7004 7393 7622 8529 8530 8536 8886 9380 9414 9415 9416 9417 9418 9419 9420 9421 9422 9423 9424 9425 9426 9427 9428 9429 9524 10040 10760 11006 11007 11098 11787 12223 12671 14059 14060 14061 14639 14679 14680 14681 14682 14683 14684 14685 14686 14687 14688 14689 14690 14691 14692 14693 14694 14695 14696 14697 14698 14699 14700 14701 14702 14703 14704 14705 14706 14707 14708 15104 15161 15290 15465 15562 15616 16589 17359 
艾 14709 14774 
节 254 2242 2823 4501 4674 5813 6745 8184 9203 9427 10495 10496 11019 12234 12412 12499 12500 13091 13464 13883 14061 14710 14711 14712 14713 14714 14715 14716 14717 14718 14719 14720 14721 14722 15723 
芑 14723 
芒 2590 9160 14724 16918 
芙 14725 14726 
芜 14727 
芝 879 14728 
芬 14729 14730 15802 16256 
芭 14731 
花 332 333 1543 1544 9541 10025 10535 11847 11909 12670 12671 13260 13793 14732 14733 14734 14735 14736 14737 14738 14739 14740 14741 15025 16925 17565 17878 
芳 14742 
芸 14743 14744 
芹 10072 
芽 14900 
苇 14745 
苍 14746 14747 
苏 6746 10415 11129 11130 14748 14749 14750 14751 14752 14753 14754 14755 14756 
苑 9430 
苛 14757 14758 14759 
苟 667 14760 14761 
若 6628 11324 11877 14577 14647 14762 14763 14764 14765 14766 14767 
苦 3663 6257 8154 8232 12360 12587 12599 13362 14662 14768 14769 14770 14771 14772 14773 14774 14775 14776 14777 16753 
英 10951 13721 14778 14779 14780 14781 14782 14783 14784 14785 14786 14787 14788 14789 14790 14791 
茂 4474 10494 14792 14793 
范 2135 2891 3713 4927 6809 7107 7108 13082 13083 13116 14794 14795 14796 14797 14798 14799 14800 14801 14802 14803 15051 15273 15274 16633 17038 17566 17641 
茅 421 14804 14805 14806 
茎 5362 
茧 14807 
茨 7089 14261 14808 14877 
茫 14809 14810 
茶 14811 
茹 14812 
荀 14813 14814 
草 255 2901 6747 14065 14805 14815 14816 14817 14818 14819 14820 17320 
荐 8965 14821 
荒 14822 14823 14824 14825 14826 14827 14828 14829 14830 
荟 14831 
荡 3028 3622 5381 5382 8857 11469 11551 11833 14400 14832 14833 14834 14835 16049 17298 
荣 2591 2592 2786 6610 10721 10937 13777 13778 13779 14836 14837 14838 14839 14840 14841 15003 
荦 14842 
荧 14843 
药 3737 3738 14844 14845 
荷 14846 14847 14848 14849 14850 14851 14852 14974 15810 
莉 14853 
莎 9484 14854 14855 
莫 3562 10210 13168 14856 14857 14858 14859 14860 14861 14862 14863 14864 14865 14866 14867 14868 14869 14870 14871 
莱 2617 2618 2619 3861 7095 7111 7532 7533 7534 14872 14873 14874 14875 14876 14877 14878 14879 14880 17276 17816 
获 4413 12163 14881 14882 14883 14884 14885 14886 14887 
莹 14888 
莺 6976 14889 17879 
莽 10485 
菊 14890 
菜 14891 14903 17321 
菩 14892 
菲 4904 14893 14894 14895 
萃 3187 8754 
萌 14896 14897 14898 14899 14900 
萎 10500 14901 
萝 14902 14903 
营 1063 6019 13941 13942 14904 14905 14906 14907 14908 14909 17057 17240 
萧 14910 14911 
萨 2187 8743 8744 12345 14912 14913 14914 
落 736 3056 5441 5936 8660 11055 11056 11174 11198 11201 11343 11752 12939 14205 14915 14916 14917 14918 14919 14920 14921 14922 14923 14924 14925 14926 14927 15128 15305 15306 15393 16716 
著 810 3878 4089 4570 4675 5165 6283 7026 8584 9091 9941 12284 14084 14928 14929 14930 14931 15466 
葛 13785 14932 15670 15671 15672 15673 
董 14933 
葬 956 5473 10863 11848 11849 14934 14935 
蒂 7596 10582 11353 14936 14937 14938 14939 17671 
蒋 14940 
蒙 4767 14132 14133 14941 14942 14943 14944 14945 14946 14947 
蒸 14948 14949 
蓄 2907 4753 14950 
蓉 14725 14726 14951 
蓍 14952 
蓝 14953 14954 14955 14956 14957 
蓬 14958 14959 14960 
蔑 14961 16168 
蔓 14962 
蔡 14963 
蔽 261 262 4095 5493 14964 17180 
蕞 14965 
蕴 2934 7349 14966 14967 14968 14969 14970 
蕾 14731 
薄 737 1171 3891 4049 4050 5035 5036 11435 14971 14972 14973 14974 
薛 14975 
藉 8343 14969 
藏 1064 6446 9127 9128 9129 10010 11810 13296 14970 14976 14977 14978 14979 15070 17181 
藩 14980 14981 
藻 14982 
虎 5491 14983 14984 
虐 14578 
虑 2164 7929 11605 11955 14262 14985 
虔 14986 
虚 12186 12693 13381 14987 14988 14989 14990 14991 14992 14993 14994 14995 14996 14997 14998 14999 15000 15001 15002 15003 
虞 15004 
虫 7325 9840 11187 15005 
虹 15006 17303 17304 
虽 15007 15008 15009 
蚀 11526 
蚕 15010 
蛆 15011 
蛇 15012 15022 
蛙 15013 
蛮 14827 15014 15015 16841 
蛾 15016 
蜀 15017 
蜕 15018 15019 
蜜 12357 
蜡 472 15020 
蜩 15021 
蝮 15022 
蝴 15023 
蝶 4998 15023 15024 15025 
融 1602 5253 8174 11029 11527 15026 15027 15028 15029 15030 15031 15032 15033 15034 15035 
螺 15036 15037 15038 
蟒 7027 
蠢 15039 
血 281 10189 11487 11488 14443 15040 15041 15042 15043 15044 15045 16205 17607 
行 267 473 514 738 840 1065 1193 1247 2562 2563 2767 2935 3177 3190 3468 3531 3911 3974 4146 4226 4227 4414 4644 5659 5814 5881 5907 5908 6225 6481 6810 7199 7200 7201 7249 7539 8037 8038 8113 8411 8412 8585 9595 9602 9603 10700 11423 11424 11425 12627 12714 12715 14423 14579 14644 15046 15047 15048 15049 15050 15051 15052 15053 15054 15055 15056 15057 15058 15059 15060 15061 15062 15063 15064 15065 15066 15067 15068 15069 15070 15071 15072 15073 15347 15348 16093 16312 16313 16387 16388 16389 16666 17440 17586 17587 
衍 8966 11798 13780 14962 15074 15075 
衔 15076 
街 15077 15078 
衡 3418 3612 5345 5937 7202 7203 8665 10373 12396 15079 15080 
衣 5588 10641 15081 15082 15083 15084 15085 
补 1502 1503 4258 7548 9948 15086 15087 15088 15089 15090 15091 15092 15093 15094 15095 
表 474 1066 1848 1849 1850 1851 1852 2136 2880 2881 3043 3147 3246 4228 5240 5326 5331 5589 6223 7222 7744 8276 8695 8871 9764 11739 12470 13400 14532 15050 15096 15097 15098 15099 15100 15101 15102 15103 15104 15105 15106 15107 15108 15109 15110 15111 15112 15113 15114 15115 15116 15117 15118 15119 15120 15121 15349 15373 17384 
衬 4173 9912 12833 15122 15123 15124 15125 15126 17138 
衰 739 2843 12716 13915 15127 15128 
衷 3354 8673 8674 12471 
衽 15129 
衿 17322 
袁 15130 15131 15132 
袂 5988 14324 14325 
袅 15133 
袋 14440 
袖 13715 15134 17492 
被 5332 15084 15135 15136 15137 15138 15139 15140 15141 15142 15143 15144 15145 
袭 841 842 15146 15147 
裁 2137 3419 3506 7868 12129 15148 
裂 3247 3513 13878 15149 
装 1067 3683 10844 10845 10846 15150 15151 15152 15153 15154 15155 15203 
裕 2536 10379 
裘 16169 16170 
裙 15156 15157 
裤 17672 
裨 15158 15159 
裸 15160 15161 15162 15947 15948 
裹 15163 
褐 15164 
褒 15165 15166 15167 
襄 10324 15168 15169 
襟 5815 8862 10802 14402 15170 
襦 15171 
西 880 881 882 988 1068 1069 1070 1071 1887 2681 3912 3946 3947 4168 4169 5816 5817 6301 6836 6936 7067 7292 8542 10929 11267 11268 11269 11270 11288 13221 14134 15172 15173 15174 15175 15176 15177 15178 15179 15180 15181 15182 15183 15184 15185 15186 15187 15188 15189 15190 15191 15192 15193 15194 15195 15196 15197 15198 15199 15200 15201 15202 15203 15204 16246 17123 
要 256 414 639 641 740 741 1172 1173 1174 1782 2087 2564 2923 3274 3598 3777 3993 5427 6094 6368 6431 6703 7232 7250 7895 7896 8062 8491 8783 9010 9062 9637 9745 9942 10049 10438 10443 10668 10710 10803 11765 12421 13461 13603 13765 13820 14273 14595 14596 14605 15205 15206 15207 15208 15209 15210 15211 15212 15213 15214 15215 15216 15217 15218 15219 15220 15221 15222 15223 15224 15225 15226 15227 16199 16439 16826 16827 17292 17360 17452 17639 17777 
覆 2404 15228 15229 15230 17529 17530 
见 281 602 742 743 1236 1283 1332 1648 1756 1877 2429 3334 3355 3356 4113 4372 4483 4515 5025 6432 6669 6770 6916 6917 7038 7159 7477 8223 8277 8286 8400 8492 8493 8862 9280 9858 9899 9940 10009 11363 11943 12864 12874 12929 13382 13421 14124 14580 15231 15232 15233 15234 15235 15236 15237 15238 15239 15240 15241 15242 15243 15244 15245 15287 15516 16977 17109 17162 17831 
观 837 1072 1147 1175 1176 1177 1178 1284 1285 1722 1906 1907 2058 2203 4022 4114 4174 4415 4455 4928 4969 5505 5818 5974 6320 6382 6383 6394 6498 6499 6504 6505 6506 6507 6508 6509 6510 6511 6512 7284 7788 7789 7978 8155 9143 9323 9358 9428 9527 9783 9994 12469 12750 12751 12808 13572 13834 14020 14060 14171 14190 14559 15246 15247 15248 15249 15250 15251 15252 15253 15254 15255 15256 15257 15258 15259 15260 15261 16257 16572 16632 16637 
规 744 4159 4571 4572 5819 5820 6512 7160 7891 8401 9988 10804 11271 11706 12369 13116 14560 15051 15262 15263 15264 15265 15266 15267 15268 15269 15270 15271 15272 15273 15274 16633 
觅 6670 15275 
视 257 617 1073 2358 2470 3089 3090 4262 4416 4417 5821 6500 6653 7204 7696 7697 7949 8011 8596 9221 9452 9542 9717 10639 10805 10848 11309 11310 11956 12493 12494 12495 12496 12497 12498 12499 12500 12720 12882 12999 13422 13574 15140 15276 15277 15278 15279 15280 15281 15282 15283 15284 15285 15286 15287 15288 15289 15290 15291 15292 16171 16530 16531 16532 16828 
览 5220 6905 10669 11445 13835 15293 
觉 707 745 2565 3130 4758 4827 5039 6622 6623 7263 8317 8318 9585 12752 12753 12944 12974 14581 14582 15288 15289 15290 15294 15295 15296 15297 15298 15299 15335 15366 15367 16920 
角 75 258 415 792 937 1179 4181 4478 5051 5660 5661 6777 8012 8810 10652 14193 15291 15300 15301 15302 15303 15304 15305 15306 17385 17855 
觞 11768 
解 746 747 777 1372 1863 2165 3248 4867 5241 5242 7448 7703 8646 8720 10041 10806 10990 11311 11528 11591 12312 12346 14424 15033 15243 15307 15308 15309 15310 15311 15312 15313 15314 15315 15316 15317 15318 15319 15320 15321 15322 15323 15324 15325 15326 15327 15328 15329 15596 15627 15694 15724 15892 16457 16995 17209 17251 17519 
触 8319 8704 8933 12834 13491 15330 15331 15332 15333 15334 15335 
言 251 259 260 261 262 312 313 334 416 748 749 1248 1471 1545 1732 2784 2870 3469 4229 4230 4418 4429 4676 5655 6524 6619 6679 6808 7161 7308 7519 7762 7790 7791 7913 8051 8494 9177 9322 9382 9431 9470 9718 9886 10416 10667 10807 10827 10889 10938 10992 11272 11735 11739 12177 12477 12754 13383 13582 13967 14488 15336 15337 15338 15339 15340 15341 15342 15343 15344 15345 15346 15347 15348 15349 15350 15351 15352 15353 15354 15355 15439 15542 15563 15612 15613 15614 15615 15616 15848 15922 16781 17210 17475 
詹 15356 15357 
誉 5515 14841 15358 15936 
誓 15359 
警 15360 15361 15362 15363 15364 15365 15366 15367 
讠 15368 
计 750 1074 2000 2067 3381 3820 7869 7947 8052 8880 9311 11383 12455 12486 12487 12672 14021 14182 15369 15370 15371 15372 15373 15374 15375 15376 15377 15378 15379 15380 15486 16420 16992 
订 9130 13591 15381 
认 580 2138 2744 2963 4426 4744 8620 9644 10798 11654 13058 14533 15382 15383 15384 15385 15386 15387 15388 15389 15390 15391 15392 15393 15394 15395 15396 15397 15398 15628 15629 16223 16224 16817 17903 
讥 15399 15400 
讧 2936 
讨 4996 8912 11583 13031 15401 15402 15403 15404 
让 751 1488 7615 10094 12835 15405 15406 
训 5410 9263 10380 13943 13948 15407 15408 15409 15410 
议 581 1383 2001 2387 3046 3868 5098 7417 7478 7989 8999 15379 15411 15412 15413 15414 15415 15416 16719 17361 
记 263 1286 1353 2040 3975 4285 4456 4708 5662 7914 8047 9550 10545 11714 12021 13064 13492 15200 15417 15418 15419 15420 15421 15422 15423 15424 15425 15426 16472 
讲 10417 15427 15428 15429 15430 15431 15432 15433 15434 15435 15436 15437 15438 
讳 10889 15439 
讴 15440 
讶 8197 
许 1323 2506 2844 6095 8421 15441 15442 15443 15444 15445 15446 
论 197 395 396 512 584 752 815 816 1036 1075 1132 1249 1287 1384 1733 2745 3036 4457 4926 4964 4970 4971 6284 6384 6433 6680 6802 7251 7752 7778 7955 8120 8804 8967 9324 9378 9381 9425 9432 9543 9576 9705 9719 9720 9721 10272 10303 10307 10670 11281 12040 12313 12314 12315 12316 12317 12318 12319 12529 12729 12798 12979 13115 13176 13281 13384 13442 13501 13744 13949 13968 13969 14274 14621 14622 14705 15396 15403 15415 15447 15448 15449 15450 15451 15452 15453 15454 15455 15456 15457 15458 15459 15460 15461 15462 15463 15464 15465 15466 15467 15468 15469 15470 15471 15472 15473 15474 15475 15476 15508 15509 15510 15536 15564 15565 15589 15739 15765 15907 16228 16233 16375 16448 
讽 4175 5049 15400 15477 15478 
设 2411 2412 7418 8052 8495 9053 10471 14182 14583 15479 15480 15481 15482 15483 15484 15485 15486 15487 15488 17476 
访 15489 16771 
证 584 2247 2319 2522 3976 6482 6483 6490 7520 9586 9887 10577 13059 14141 14263 15467 15490 15491 15492 15493 15494 15495 16229 16230 16231 16232 16233 16234 
诂 15496 
诃 4586 5435 15497 
评 1354 4115 4891 6070 6434 8063 8609 8610 8611 8612 9377 9381 9520 14884 15468 15498 15499 15500 15501 15502 15503 15504 15505 15506 15507 15508 15509 15510 15511 15512 15513 16449 
识 501 753 2793 6298 6299 7162 8023 8278 8279 8280 9661 10143 10190 10798 10986 11654 11807 11957 12975 12976 12977 12978 12979 12980 13110 14530 14533 15244 15395 15396 15514 15515 15516 15919 16225 16817 
诈 15587 
诉 2405 4798 6092 8944 15517 15518 15519 
词 1208 1839 2824 4358 4489 4677 4952 6224 6363 7661 7943 8774 8856 8976 10761 12456 13476 15350 15520 15521 15522 15523 15524 15566 15617 
译 464 13038 14228 15525 15526 15527 15528 15529 
试 6794 15530 15531 15532 15533 15534 15535 15536 15537 17386 
诗 1261 2139 2220 2659 2988 4304 4357 4358 4458 4678 4951 4952 6364 6605 7739 8185 8562 8645 9275 9341 9544 9847 10593 10953 11982 12249 12631 13000 14572 14852 15469 15538 15539 15540 15541 15542 15543 15544 15545 15546 15547 15548 15549 15550 15551 15552 15553 15554 15555 15556 15557 15558 15559 15560 15561 15562 15563 15564 15565 15566 15567 15568 15569 15570 15571 15658 15695 15914 16772 16968 17470 
诘 15572 15573 
诙 15574 
诚 5383 7449 7921 12911 12912 13722 14606 14986 15575 15576 15577 16856 
诛 15578 
话 204 2232 2303 2304 4459 6654 7123 7205 8876 9722 9723 12628 12629 12630 12631 12913 13177 13178 13179 13180 14083 15437 15567 15579 15580 15581 15582 15583 15584 15654 15740 
诞 14828 14829 15585 
诡 15586 15587 15588 15589 
询 8913 15590 15849 
诣 16595 
该 754 7337 15591 15592 
详 4821 14289 15593 15594 15595 15596 15597 
诨 8566 
诫 4799 
诬 15598 
语 416 755 1357 2305 2783 2784 2794 3628 4316 4317 4359 4460 4627 4800 5005 5214 5215 5590 5655 6627 6775 8724 9312 9382 9471 10318 10991 10992 11735 12457 12530 12531 13962 14584 15078 15204 15351 15470 15511 15524 15583 15599 15600 15601 15602 15603 15604 15605 15606 15607 15608 15609 15610 15611 15612 15613 15614 15615 15616 15617 15618 15619 
误 2430 3071 5938 9724 10191 13493 15620 15621 15622 15623 15624 15625 15626 15627 15628 15629 15630 15766 16921 
诱 7521 15631 15632 15633 15634 15635 15636 
诲 9264 15637 15638 15639 
说 248 252 607 608 690 697 784 843 1188 1250 1322 2041 2304 2413 2526 3249 3539 3668 3996 4014 4305 4419 4420 5243 6078 6089 6091 6300 6748 6749 6750 6751 7737 8057 8420 8496 8881 9433 9723 9824 9877 9888 10920 11715 11788 12755 12797 12998 13178 15225 15352 15471 15472 15512 15518 15640 15641 15642 15643 15644 15645 15646 15647 15648 15649 15650 15651 15652 15653 15654 15655 15656 16450 16481 16552 16964 17211 
诵 2042 15657 15658 15659 
请 9292 15660 15661 
诸 1827 15519 15662 15663 15664 15665 15666 15667 15668 15669 15670 15671 15672 15673 
诺 2507 7126 9483 9484 9970 11112 11113 14132 14133 15674 15675 15676 15677 15678 15679 15680 15681 15682 17086 17087 17284 17285 17286 17667 17668 
读 756 2964 4421 4422 4573 4892 5293 6655 6681 9153 11958 14775 15325 15630 15659 15683 15684 15685 15686 15687 15688 15689 15690 15691 15692 15693 15694 15695 15696 16518 16829 17019 17020 
课 15095 15697 15698 15699 
调 475 1180 2527 3191 3869 3892 4153 4645 4874 4997 4998 5433 5516 5559 5822 6534 6656 6752 7583 8186 9725 10042 10602 12001 12053 13494 14251 14252 14585 14674 15700 15701 15702 15703 15704 15705 15706 15707 15708 15709 15710 15711 15712 15713 15714 15715 15716 15717 15718 15719 15720 15721 15722 15723 15724 15725 15726 15727 15728 15729 15730 16143 16348 17419 17778 
谅 2140 
谆 15731 
谈 3793 4868 7374 7375 7393 8934 11716 13385 13495 13950 14211 15078 15732 15733 15734 15735 15736 15737 15738 15739 15740 15741 
谊 4126 15899 
谋 757 10374 15742 15743 15744 15745 15746 15747 
谐 4869 4870 15574 15748 15749 
谑 8363 
谓 2166 4423 8497 9669 13321 15750 15751 
谕 3540 15752 
谗 15753 
谙 11617 15754 
谛 12914 15755 
谜 1251 
谟 7818 15756 
谠 15757 
谢 1853 8320 9551 15758 
谣 10762 15759 
谦 15760 16289 
谧 6348 
谨 949 15761 
谪 15762 15763 15867 
谬 14830 15764 15765 15766 
谱 5244 12328 15767 15768 
谲 15769 
谴 15770 
谷 1546 6937 6961 13350 15771 15772 17868 
豁 15773 15774 15775 
豆 15776 
象 335 758 1712 2885 2966 3977 3978 3979 4994 5245 5448 5882 6071 6657 6658 7264 7675 7676 8224 8225 8226 8281 8710 8711 9995 10808 11020 11021 12270 12271 12382 13779 14554 14695 14790 15108 15114 15259 15777 15778 15779 15780 15781 15782 15783 15784 15785 16463 16723 17136 17137 17196 
豪 15786 15787 15788 15789 15790 15791 15792 15793 
豸 15794 
貌 2685 7677 13714 15795 15796 15797 15798 17387 17567 
貔 15799 
贝 4905 7312 15679 15680 15681 15682 15800 15801 15802 15803 15804 
贞 7922 7923 12198 15805 
负 8700 11001 13342 14359 14586 14587 15806 15807 15808 15809 15810 15811 15812 15813 15814 15815 16830 
贡 2197 6200 15816 15817 15818 15819 15820 
财 15821 15822 15823 15824 15825 16891 
责 1174 8828 9434 14312 15770 15811 15826 15827 15828 15829 15830 15831 
贤 2566 6707 13092 15832 15833 15834 17873 
败 938 5939 7758 8402 8567 15835 15836 16144 
货 4231 6237 15837 15838 15839 15840 16916 
质 1619 2101 2102 2863 2867 2937 4646 4893 6484 6485 7479 8039 8805 10304 10305 10306 10307 11022 12041 12042 12043 12081 13014 13174 13752 14191 15841 15842 15843 15844 15845 15846 15847 15848 15849 15850 15851 15852 17779 17780 
贩 15853 
贪 15854 15855 15856 
贫 6349 6350 15857 15858 15859 15860 15861 15862 
贬 15144 15167 15863 15864 15865 15866 15867 
购 15868 
贯 87 264 6301 14135 15869 15870 15871 15872 16427 
贱 3871 15861 15862 15873 15880 15885 
贴 6116 8765 8791 15874 15875 15876 15877 
贵 4424 6447 6607 6608 6609 6610 9836 11355 15878 15879 15880 15881 15882 15883 15884 15885 17781 
贸 15886 
费 759 813 1863 11475 11529 11530 11531 13944 14739 15887 15888 15889 15890 15891 15892 17500 
贺 15893 15894 15895 
贼 15896 
贽 10385 15897 
贾 4999 15898 15899 
资 6753 9404 11408 14561 15900 15901 15902 15903 15904 15905 15906 15907 15908 15909 
赋 10763 13199 15568 15910 15911 15912 15913 15914 15943 17170 
赎 15915 15916 
赏 10722 10723 11834 14698 15260 15261 15917 15918 15919 15937 16831 16868 17225 
赐 7132 15920 
赖 2268 2269 2339 4383 9726 10192 10193 12766 15921 
赘 13771 15922 15923 
赚 15924 
赛 2132 2133 5823 6016 7819 10930 13457 14326 15925 15926 15927 16039 16927 17188 17189 17673 
赜 15928 
赞 2043 4980 8198 12717 13093 13322 15929 15930 15931 15932 15933 15934 15935 15936 15937 15938 17754 
赡 1100 
赢 15939 
赤 15940 15941 15942 15943 15944 15945 15946 15947 15948 
赫 4709 4914 4915 7068 7806 9943 15949 15950 15951 17674 17675 
走 920 8839 8935 15952 15953 15954 15955 15956 15957 15958 15959 15960 15961 15962 
赵 15963 15964 15965 
赶 15966 15967 15968 15969 16473 17685 
起 265 1791 1814 2444 2845 2989 4232 4551 4574 4710 4954 4981 5160 5663 5989 6978 7459 7522 8002 8227 8884 8995 9011 9837 10556 10931 11384 11835 11963 12426 12884 12885 13406 13443 13924 14093 14220 15655 15696 15741 15970 15971 15972 15973 15974 15975 15976 15977 15978 15979 15980 15981 15982 15983 15984 15985 15986 15987 15988 16044 16290 16446 17568 17588 17850 
超 5727 5728 10625 15989 15990 15991 15992 15993 15994 15995 15996 15997 15998 15999 16000 16001 16002 16003 16004 16005 16006 16007 16008 16009 17782 
越 1980 1981 1982 5728 6811 16006 16007 16010 16011 16012 16013 16014 16015 16016 16017 16018 16019 16020 16055 
趋 1610 4200 7892 8064 9765 9766 10066 16021 16022 16023 16024 16025 16026 16027 16028 16029 
趣 1288 2100 2846 2847 5883 6112 7907 8187 8282 8291 9727 9788 10194 16030 16031 16032 17569 17621 17622 
足 760 761 762 763 764 1194 1195 2537 3444 3797 4826 5940 7781 8658 9728 11764 11765 13444 13445 13446 14588 16033 16034 16035 16036 16037 16038 16039 16040 16041 16042 
跃 11385 16043 16044 16045 16070 17589 
跋 16046 17520 
跌 515 16047 16048 16049 
跑 15927 15986 15987 17189 17651 
距 7037 12836 12837 16050 16051 16337 16338 
跟 16052 
跨 16053 16054 16055 
路 266 267 1252 3192 3250 5884 6201 7450 7990 10263 12320 12413 12427 14253 15960 16056 16057 16058 16059 16060 16061 16062 16063 16064 16065 16638 
跳 406 407 4979 9078 9079 10716 16066 16067 16068 16069 16070 16071 16072 16073 
践 3326 5280 5281 6486 6487 6488 6489 6490 16074 16954 
跹 14219 14220 
踏 14448 14449 16075 16076 
踪 16474 
踵 8936 8937 
蹄 7750 16077 
蹈 14640 16078 
蹑 16079 
蹙 16080 
蹲 16081 16082 
蹴 268 
躁 8003 11484 16083 16084 
身 269 1652 1653 1734 2352 2353 2354 2686 2687 3193 3275 3276 3470 3623 3708 4176 6351 6352 7039 8659 8684 8685 8712 9435 10809 11273 11451 12136 12178 12272 12428 13447 13845 14148 14149 14342 14628 14629 16085 16086 16087 16088 16089 16090 16091 16092 16093 16094 16095 16096 16097 16098 16099 16100 16101 16102 16103 16104 16105 17700 
躬 16106 16107 
躯 16104 16108 16109 16110 
躲 16111 
车 6202 7937 11850 11851 12220 16112 16113 16114 16115 16116 16117 16118 16119 
轧 2406 
轨 8938 16120 16121 
转 585 1501 4822 4823 6172 6440 6906 9820 10026 11426 13117 16122 16123 16124 16125 16126 16127 16128 16129 16130 16131 16132 16133 16134 16135 16136 16137 16138 16139 16140 16141 16142 16143 16144 16145 16207 16314 16510 
轮 16146 16147 16148 16149 
软 16150 16151 16152 
轰 16153 16154 16155 
轴 16156 
轻 765 1195 3082 7223 7224 9344 9728 12886 15726 16040 16157 16158 16159 16160 16161 16162 16163 16164 16165 16166 16167 16168 16169 16170 16171 16172 
轼 14755 16173 
载 3825 4461 7545 8042 9346 11766 11767 15424 15812 16174 16175 16176 16177 16178 
较 10932 10933 10934 10935 10936 10937 10938 15380 16179 16180 16181 16182 16183 16184 16185 16186 16187 
辅 1125 12838 12839 16188 16189 16190 
辈 270 271 1253 3471 4711 16191 16192 
辉 2593 2594 11960 12429 16193 16194 16195 
辍 766 16196 
辐 16197 
辑 14085 15830 16198 16199 16600 16601 
输 16200 16201 16202 16203 16204 16205 
辕 16206 
辖 12756 12757 14022 
辗 16207 
辙 272 4600 14756 16208 
辛 6018 6019 16209 16210 16211 16212 
辜 16213 
辞 1202 1882 2355 5955 10657 13745 15353 16214 16215 16216 
辟 7451 13723 16217 17399 
辣 7852 11327 12360 16218 
辨 1385 3251 4425 4426 7991 16219 16220 16221 16222 16223 16224 16225 17221 
辩 1386 7992 15473 15588 15589 16226 16227 16228 16229 16230 16231 16232 16233 16234 17222 
辱 3077 14300 16235 
辶 16236 
边 273 516 705 3472 4470 4712 4824 5104 5105 7014 7200 7201 9105 9106 9598 9729 9730 11223 12940 16105 16237 16238 16239 16240 16241 16242 
辽 16243 16244 16245 16246 
达 476 2044 2045 2083 2840 3406 4233 4234 4481 7821 9178 9436 9831 10403 10933 10945 10946 10947 13855 15115 15116 15775 16247 16248 16249 16250 16251 16252 16253 16254 16255 16256 16257 16258 16259 16260 16563 16571 16797 17388 17821 
迁 4295 4487 16045 16261 
迂 16262 
迄 16263 16264 16265 
迅 16266 16267 16268 16269 17822 
过 274 525 665 681 1254 1387 1807 2046 2221 2688 2954 3194 4177 4273 4369 5531 5909 5910 7369 7857 9099 9144 9179 11780 12321 12430 12887 12986 13261 13937 14086 14142 14275 14866 14867 15354 15397 15398 15425 15727 16008 16019 16270 16271 16272 16273 16274 16275 16276 16277 16278 16279 16280 16281 16282 16283 16284 16285 16286 16287 16288 16289 16290 16291 16349 16533 16572 17133 
迈 15792 16292 16293 16294 16295 16296 16297 
迎 4269 10717 16298 16299 16300 16301 
运 1521 3252 4843 5073 7338 7339 8621 9230 9820 10039 11002 11870 15038 15326 16302 16303 16304 16305 16306 16307 16308 16309 16310 16311 16312 16313 16314 16315 
近 767 1654 3277 6812 7189 8001 8939 9965 10095 11436 12840 15877 15961 16029 16316 16317 16318 16319 16320 16321 16322 16323 16324 16325 16326 16327 16328 16329 16330 16331 16332 16333 16334 16335 16336 16337 16338 16407 16443 16607 17365 
返 5560 12554 16339 16340 16341 16342 16343 
还 7605 7606 12431 14023 15404 16343 16344 16345 16346 16347 16348 16349 
这 1816 16350 16351 16352 16353 16354 16355 16356 16357 16358 16359 16360 16361 16362 16363 16364 16365 16366 16367 
进 477 673 1289 1888 2290 2567 2568 3473 3474 4023 4713 7139 7252 7327 8228 8968 9145 9545 10037 10067 10689 11099 11670 11675 11789 11836 12767 13027 13407 15034 15071 15962 16084 16297 16368 16369 16370 16371 16372 16373 16374 16375 16376 16377 16378 16379 16380 16381 16382 16383 16384 16385 16386 16387 16388 16389 16390 16391 16392 16492 16540 17440 
远 407 768 1076 1199 7051 7213 9294 10068 11075 11618 11736 12187 12356 12575 12837 14617 16064 16071 16393 16394 16395 16396 16397 16398 16399 16400 16401 16402 16403 16404 16405 16406 16407 16408 16409 16410 16411 16655 16889 16969 17783 
违 16412 
连 1458 8920 8940 12553 12554 16413 16414 16415 16416 16417 16418 16419 16420 16421 16422 16423 16424 16425 16426 16427 
迟 6139 16428 16429 17140 
迥 16430 16431 16432 
迪 4768 10282 16433 16434 16435 
迫 1799 4044 7584 8498 13363 13416 15137 15145 16436 16437 16438 16439 16440 16441 16442 16443 16608 
迭 16444 16445 16446 
述 478 517 1563 3475 4306 5561 6079 8499 8990 12478 13323 14931 15117 15426 15438 15474 15513 15597 15923 16145 16447 16448 16449 16450 17026 17106 
迷 7634 7873 8586 12604 16451 16452 16453 16454 16455 16456 16457 16458 16459 
迸 16460 16461 
迹 659 1410 5975 7678 7870 9731 12393 12594 14003 16120 16462 16463 
追 3434 8002 12003 12758 13364 13365 16464 16465 16466 16467 16468 16469 16470 16471 16472 16473 16474 16475 16476 16477 16478 
退 1888 2370 4714 7327 16390 16391 16479 16480 16481 16482 16483 16484 16485 16486 16487 16488 16489 
送 9084 9472 11396 16490 16491 16492 17272 
适 769 3444 4575 9670 9981 12841 12842 14392 14589 14634 16493 16494 16495 16496 16497 16498 16499 16500 16501 16502 17002 
逃 6001 16503 16504 
逆 585 1881 4308 4427 16505 16506 16507 16508 16509 16510 
选 1077 1735 2649 3300 8500 9437 13587 14722 16511 16512 16513 16514 16515 16516 16517 16518 16519 16520 16662 16663 
逊 10426 13801 15357 16521 16522 
逍 16523 16524 
透 11513 11676 11677 13394 13395 16525 16526 16527 16528 16529 16530 16531 16532 16533 16534 16573 
逐 16475 16535 16536 16537 16538 16539 
逑 6072 
递 16540 
途 275 3253 3476 5384 10158 10581 16541 16542 16543 
逗 16544 
通 2002 2340 3913 4296 4519 5254 7452 8095 9599 9982 9983 11103 11193 11427 12843 13181 13724 15035 15045 15872 16545 16546 16547 16548 16549 16550 16551 16552 16553 16554 16555 16556 16557 16558 16559 16560 16561 16562 16563 16564 16565 16566 16567 16568 16569 16570 16571 16572 16573 16574 
逛 16575 
逝 3994 13341 16576 16577 16970 
速 3590 3591 3592 3670 4297 5120 7938 15728 16269 16578 16579 16580 17590 17591 17784 
造 1736 2965 2966 3335 3336 3337 3338 3339 3340 3341 3342 3420 5446 5447 5448 9146 10150 10472 11769 12614 12984 13668 14087 14590 14908 16581 16582 16583 16584 16585 16586 16587 16588 16589 16590 16591 16592 16593 16594 16595 
逢 7010 12362 16596 16597 
逸 110 2295 11652 16009 16598 16599 17003 
逻 16600 16601 
逼 16602 16603 16604 16605 16606 16607 16608 
逾 16609 
遁 16610 16611 16612 16613 
遂 16614 
遇 5470 7723 8149 10346 12844 16615 16616 16617 16660 17098 
遍 2047 9313 9682 9984 9985 9986 9987 9988 16618 16619 
遏 16620 
道 276 764 770 1031 1078 1290 1320 1547 1603 1737 1738 1752 2414 2496 2768 2990 3254 3255 3798 4052 4145 4146 4490 4647 4828 5216 5824 5885 6047 6246 6350 6385 6562 6754 6938 7781 7979 8042 8075 8123 8546 9147 9346 9495 9889 10850 11057 11680 12389 12413 12981 13182 13324 13583 14378 15131 15656 16121 16178 16259 16315 16574 16621 16622 16623 16624 16625 16626 16627 16628 16629 16630 16631 16632 16633 16634 16635 16636 16637 16638 16692 16782 16783 16897 16993 17212 17823 17880 17896 
遗 1864 4715 4716 9359 9383 16639 16640 16641 16642 16643 16644 16645 16646 16647 16648 16649 16650 16651 16652 16653 
遣 8900 16654 
遥 16523 16524 16655 16656 
遨 16657 
遭 5346 6918 8149 8203 16658 16659 16660 
遮 16661 
遴 16662 16663 
遵 16664 16665 16666 
避 586 3532 5126 6370 16024 16111 16667 16668 16669 16670 16671 
邀 16672 
邃 11619 
邓 16673 16674 16675 
那 16676 16677 16678 16679 16680 16681 16682 16683 16684 16685 
邦 1262 5402 16686 16687 
邪 7981 9732 16688 16689 16690 16691 16692 
邱 16693 
邵 16694 
邻 16695 16696 
郁 11175 11457 13315 16697 16698 16699 17644 
郊 6250 16700 
郎 5672 5673 6048 16701 
郑 16702 16703 16704 
郜 16705 
郡 16706 
部 147 277 278 336 417 438 1024 1079 1167 1459 1460 1461 1548 2825 2938 2939 3183 3452 3722 3801 3849 3914 4462 4530 4686 4717 5106 5517 5591 5825 5826 5950 6302 6517 6518 6637 6755 6858 6862 6863 7350 9262 9333 9360 10308 10845 10846 10908 13028 13029 13094 13282 13519 13547 13860 13884 13993 14403 14474 14706 15182 16365 16366 16707 16708 16709 16710 16711 16712 16713 16714 16715 16716 16717 16718 16719 16720 16721 
郭 16722 16723 
都 107 883 1080 1291 5827 5886 8403 13643 16724 16725 17640 17641 
鄂 16726 16727 16728 
鄙 13677 16729 
鄢 16730 
酉 16731 
酌 16732 
配 771 6593 9115 9116 9117 12770 14568 16733 16734 16735 16736 16737 16738 16739 16740 16741 
酒 2381 2382 5027 5042 9779 12358 16742 16743 16744 16745 16746 16747 16748 17608 
酬 16749 
酷 950 10871 16750 16751 16752 
酸 7871 12359 12360 16211 16753 
酿 16754 
醇 16755 
醉 1860 7872 7873 11176 14534 16459 16747 16748 16756 16757 16758 16759 16760 17149 
醒 4955 9012 11653 11654 15299 16761 16762 16763 
采 1093 5028 6837 7163 7453 13725 16764 16765 16766 16767 16768 16769 16770 16771 16772 16773 16774 17570 
释 2189 11312 11532 11969 11970 15327 16775 16776 16777 16778 16779 16780 16781 16782 16783 17027 17028 
里 182 206 337 418 419 1335 1549 1564 1565 1944 1945 2620 2621 2622 2871 3515 3734 3826 4002 4906 4907 5147 5246 5333 5951 6225 6527 7082 7096 7346 7347 7820 7821 7874 10027 10486 10603 10604 10605 10606 10733 11298 12345 12470 12673 12674 12930 14349 14740 14868 14869 14870 14909 14914 14946 15118 15306 15818 16717 16784 16785 16786 16787 16788 16789 16790 16791 16792 16793 16794 16795 16796 16797 16798 17083 17399 17663 17670 17713 
重 279 772 951 1126 1195 1462 1463 2275 2276 2374 2431 2432 3091 4142 4262 4274 5664 5665 5903 5911 5941 6708 6939 7174 7253 7297 7552 7736 7823 8333 8334 8969 9728 10049 10096 10438 10443 11177 11313 11458 11620 12806 12888 12941 12942 13348 14252 14596 15355 15729 16016 16172 16187 16799 16800 16801 16802 16803 16804 16805 16806 16807 16808 16809 16810 16811 16812 16813 16814 16815 16816 16817 16818 16819 16820 16821 16822 16823 16824 16825 16826 16827 16828 16829 16830 16831 16832 17153 
野 3256 5294 5821 6883 9542 12465 13355 15292 16833 16834 16835 16836 16837 16838 16839 16840 16841 16842 
量 1619 2068 2102 2253 2519 3533 3534 3535 4227 4298 4754 5828 5829 6435 6436 6854 7993 8613 9314 9691 9733 11439 12962 13571 13572 13707 14425 14426 15080 15850 15851 15889 16832 16843 16844 16845 16846 16847 16914 17237 17780 
金 3827 4576 4577 8770 8771 9974 11897 11898 11899 12273 12274 16848 16849 16850 16851 16852 16853 16854 16855 16856 16857 16858 16859 16860 16861 16862 16863 16864 17881 17882 17883 
釜 16865 
鉴 2383 4894 16866 16867 16868 
钅 16869 
针 280 281 3915 4138 5423 9587 16870 16871 16872 16873 16874 
钉 16875 
钓 5387 
钝 16429 16876 16877 
钞 16878 
钟 13015 16879 16880 16881 16882 
钢 479 4577 16862 16883 16884 
钥 16885 
钦 16886 16887 
钧 16888 
钩 16889 
钮 12501 
钱 1909 10195 12458 13981 15226 15924 16863 16890 16891 
钵 16892 
钻 16893 16894 
铁 8978 16895 16896 16897 16898 
铜 13767 13768 16899 17323 17324 
铭 5472 7372 16900 16901 
银 480 16902 16903 16904 
铸 3092 11438 11947 16905 
铺 5334 16906 16907 16908 16909 16910 16911 16912 
链 12235 
销 3063 8970 14460 15072 16913 16914 16915 16916 
锅 16917 
锋 1604 2569 2570 16873 16874 16918 17287 
锐 6778 9224 9225 9226 16919 
错 773 1605 10196 13830 16920 16921 
锡 7069 16922 
锣 16923 
锥 16924 
锦 16925 16926 16927 
键 2819 2820 2821 2822 2823 2824 2825 16928 
锲 16929 
锻 8809 16930 
镂 3439 
镇 14726 16931 
镍 16932 
镜 286 2384 9890 16933 16934 16935 
镳 3255 
镶 16936 16937 
长 774 1255 2003 2141 3508 4005 4024 4258 4648 5483 5912 6518 6864 7397 7398 8127 8242 8257 8404 8501 8745 10153 10823 11428 11533 11621 11736 11748 11799 12082 12432 13126 14805 15245 16718 16719 16938 16939 16940 16941 16942 16943 16944 16945 16946 16947 16948 16949 16950 16951 16952 16953 16954 16955 16956 16957 16958 16959 16960 16961 16962 16963 16964 16965 16966 16967 16968 16969 16970 16971 16972 
门 282 811 939 1167 1544 2712 3195 4367 4531 4679 6213 6327 7340 11188 11274 13016 13386 16073 16392 16612 16691 16692 16720 16973 16974 16975 16976 16977 16978 16979 16980 17793 17845 17846 17934 
闪 16981 16982 16983 16984 
闭 2826 6692 6693 16985 
问 518 723 4178 4235 4368 5887 6303 9013 10496 10961 12578 13584 15312 15487 15488 15489 15573 15590 15852 16476 16986 16987 16988 16989 16990 16991 16992 16993 16994 16995 
闲 11534 13183 13573 13574 16996 16997 16998 16999 17000 17001 17002 17003 
间 131 185 203 409 775 844 850 914 936 1081 1256 1739 1740 2872 3835 4497 4592 5859 6225 6940 7225 8451 9734 9767 9825 9826 10197 10224 10878 10988 11003 11004 11005 11006 11007 12390 12411 12764 12771 12953 13387 14048 14570 15073 16140 17004 17005 17006 17007 17008 17883 
闷 8233 11178 14776 15328 17009 
闹 5033 12224 17010 
闺 17011 
闻 3926 3930 3931 5024 5025 5666 9546 9547 9548 9549 9550 17012 17013 17014 
闽 17015 
阁 17016 
阅 4116 5257 17017 17018 17019 17020 
阈 17021 
阏 17022 
阐 17023 17024 17025 17026 17027 17028 
阔 5506 6576 7293 7454 17029 
阙 7834 17030 17031 17804 
阝 17032 
队 1292 10846 11701 16721 17033 17034 
阪 17035 
阮 17036 
防 952 17037 17038 
阳 5913 5914 10734 10735 10736 11162 11354 11355 14280 15169 17039 17040 17041 17042 17043 17044 17045 17046 17054 17055 17056 
阴 2004 13065 17047 17048 17049 17050 17051 17052 17053 17054 17055 17056 
阵 283 284 953 17057 17058 
阶 3353 3357 3486 4532 6437 9625 13118 17059 17060 17061 17062 17063 17064 17420 17785 
阻 3541 17065 17066 17067 17068 
阿 1472 1817 17069 17070 17071 17072 17073 17074 17075 17076 17077 17078 17079 17080 17081 17082 17083 17084 17085 17086 17087 17286 
陀 2190 17088 
附 2270 4606 4779 8502 10939 17089 17090 17091 17092 17093 17094 17095 17096 
际 561 705 1257 1606 1741 1742 3268 5217 5218 5219 5220 5221 6491 6492 9735 11582 16242 17097 17098 
陆 2581 5830 17099 17100 17101 
陈 8829 8971 9551 12600 16912 17102 17103 17104 17105 17106 17107 
陋 793 17108 17109 
陌 17110 17111 17112 
降 519 7607 17113 17114 17115 17116 
限 1762 1763 5831 5832 6865 6866 6867 8760 9736 9827 10080 10198 12539 17021 17117 17118 17119 17120 17121 17122 
陕 17123 
院 1015 1016 3501 4533 6304 6305 7109 7691 7698 9384 12491 13030 13283 17124 17125 17410 
除 4096 8578 8597 8901 9473 11535 13039 17126 17127 17128 17129 17130 17131 17132 17133 17134 
险 2968 3983 4033 8914 17135 17136 17137 17571 
陪 17138 
陵 2341 12681 13300 16730 17139 17140 
陶 7687 11946 14534 17141 17142 17143 17144 17145 17146 17147 17148 17149 
陷 11202 11203 14113 14114 17150 17151 
隅 5107 
隆 17152 17153 
隋 17154 17155 17156 17157 
随 2070 12845 16477 16478 17158 17159 17160 17161 17162 17163 17164 17165 17166 17167 17168 17169 17170 17171 17172 
隐 11536 11811 17173 17174 17175 17176 17177 17178 17179 17180 17181 
隔 3257 9828 12846 17068 17182 17183 17184 17185 17186 
隘 12156 
障 2320 16020 17187 17188 17189 
隶 6053 6054 6055 
隼 17853 
隽 17190 
难 776 777 778 940 1127 1464 2222 4236 5152 5288 5787 6995 7737 8072 10459 11874 11875 12089 14663 14777 15329 16391 16671 17191 17192 17193 17194 17195 17196 17197 17198 17199 17200 17201 17202 17203 17204 17205 17206 17207 17208 17209 17210 17211 17212 17213 
雁 17847 
雄 845 1388 5833 6158 14786 14787 14788 14789 14790 14791 15793 17214 17215 17216 17217 17218 17219 17220 17221 17222 
雅 1983 7271 8405 9345 9438 10309 17223 17224 17225 17226 17227 17228 17229 17230 17231 17232 17572 17573 17786 
集 76 481 1082 1355 1607 2689 3300 6019 6600 9035 9036 9131 9439 12660 14017 14331 14831 15457 15475 15569 16212 16519 16773 16774 17233 17234 17235 17236 17237 17238 17239 17240 17241 17242 17243 17244 17245 17246 17247 17248 17249 17250 17251 
雇 17252 
雍 17253 
雏 17254 17255 
雒 17256 
雕 9389 9390 11485 11774 12007 13017 13018 13726 13727 17257 17258 17259 17260 17261 17262 17263 17264 17265 17266 17715 
雨 1484 2173 5026 10629 10630 13250 17267 17268 17269 17574 
雩 14641 17270 
雪 6838 8688 10072 16116 16117 17271 17272 17273 17274 17275 17276 17565 
零 6258 6259 17277 17278 17279 17280 
雷 8726 14675 17281 17282 17283 17284 17285 17286 17287 
雾 1485 10910 11026 
需 1571 4504 6791 7232 7341 7897 8503 9737 11765 12083 12421 16439 17288 17289 17290 17291 17292 
霁 2595 17293 
霆 17294 
震 5335 17295 17296 17297 17298 
霍 17299 17300 17301 17302 
霓 17303 17304 
霖 16855 
霭 17305 
露 4794 6907 9028 9944 9945 9946 11429 11430 15119 16534 17306 17307 17308 17309 
霸 1550 8406 13325 17310 17311 
青 1083 1084 1110 2364 7164 7226 12510 14903 17312 17313 17314 17315 17316 17317 17318 17319 17320 17321 17322 17323 17324 17325 17326 
靖 17327 
静 3057 3624 6315 7206 8090 11179 11655 11656 17328 17329 17330 17331 17332 17333 17334 17335 17336 
非 789 1566 1567 1612 2080 3047 3048 3723 3916 6947 7254 9738 9926 14004 14276 14871 16411 17337 17338 17339 17340 17341 17342 17343 17344 17345 17346 17347 17348 17349 17350 17351 17352 17353 17354 17355 17356 17357 17358 17359 17360 17361 17362 17404 17467 17897 
靠 1764 2271 4428 17363 17364 17365 
面 285 286 482 520 941 1258 1356 1357 1743 2005 2142 2277 2690 2691 3391 3477 4179 4180 4181 4366 4500 4718 5108 5336 5342 5476 5642 6226 6652 6694 6868 6876 7207 7208 7209 7352 7554 7643 8506 8941 9047 9141 9572 9588 10293 10363 10777 10810 11131 11559 11999 12000 12001 12002 12003 12433 12532 12540 12759 12760 12980 13448 13621 13714 13842 14379 15120 15121 15230 15664 15747 15813 15814 15815 16301 16357 16798 17291 17366 17367 17368 17369 17370 17371 17372 17373 17374 17375 17376 17377 17378 17379 17380 17381 17382 17383 17384 17385 17386 17387 17388 17389 17390 
革 1615 2592 4299 5834 6393 9148 9149 9385 9440 10971 11008 17391 17392 17393 17394 17395 17396 17397 17398 
靴 14461 
鞅 5000 
鞋 3008 10231 
鞭 17399 
韦 17400 17401 17402 
韩 3917 17403 17404 
音 1181 1366 1551 1574 2103 2713 3850 4335 4578 4649 4759 4859 5222 5518 6049 6438 7553 9085 9086 10539 10993 11425 15619 15772 17232 17405 17406 17407 17408 17409 17410 17411 17412 17413 17414 17415 17416 17417 17418 17419 17420 17421 17422 17787 
韵 8706 13184 17421 17423 17424 17425 17426 
韶 1897 1898 17427 
页 287 9537 17428 
顶 5888 6941 6942 6943 10662 17429 17430 
顷 338 17431 
项 288 812 813 4534 10209 10828 16367 17432 17433 17434 17435 
顺 5915 17436 17437 17438 17439 17440 17441 17442 17443 17444 17445 17446 
须 779 1783 6792 7898 9739 10097 10890 17447 17448 17449 17450 17451 17452 
顽 17453 17454 17455 17456 
顾 420 421 715 780 2910 5127 5128 5129 9671 17457 17458 17459 17460 
顿 1943 3860 5153 6776 7815 12015 17461 17462 
颁 17463 17464 17465 
颂 10764 15938 17466 17467 17468 17469 17470 17573 17875 
预 4429 7175 17471 17472 17473 17474 17475 17476 
颅 5952 
领 639 842 3939 4502 9429 10310 11386 12150 13185 13715 13821 13822 15227 17477 17478 17479 17480 17481 17482 17483 17484 17485 17486 17487 17488 17489 17490 17491 17492 17493 17642 
颇 2433 7389 9996 9997 17494 17495 17496 17497 17498 17499 17500 
颊 17501 
颍 17502 
频 1085 17503 17504 17505 17506 
颓 17507 17508 
颖 9552 9553 14462 14463 17509 
颗 289 17510 
题 290 814 815 1128 1182 1183 3196 4182 4579 4844 4895 5835 5836 6756 6757 6758 10496 10811 10898 15312 15416 15476 15584 15699 16520 16994 16995 17213 17511 17512 17513 17514 17515 17516 17517 17518 17519 17520 
颜 17521 17522 17523 17524 17525 
额 3478 10746 16864 16915 17526 
颠 17527 17528 17529 17530 
颤 17531 
颧 17532 
风 884 1086 1211 2006 2223 2595 2714 3724 3918 4025 4360 4741 5223 6306 6563 6992 8865 8866 9441 9730 10043 10994 11009 11058 11657 11658 12150 12533 13119 13120 14562 14707 15570 17172 17413 17493 17533 17534 17535 17536 17537 17538 17539 17540 17541 17542 17543 17544 17545 17546 17547 17548 17549 17550 17551 17552 17553 17554 17555 17556 17557 17558 17559 17560 17561 17562 17563 17564 17565 17566 17567 17568 17569 17570 17571 17572 17573 17574 17575 
飒 17576 
飘 17577 17578 17579 17580 17581 17582 
飙 12107 
飞 7546 15988 17583 17584 17585 17586 17587 17588 17589 17590 17591 17592 
食 230 1321 4259 12632 13716 15085 16041 16042 17593 17594 17595 17596 17597 17598 17599 17609 
餐 9966 16741 17600 17601 
饥 6096 17602 17603 17604 
饭 2286 4496 4497 5959 6556 12434 16748 17605 
饮 6659 17601 17606 17607 17608 17609 
饰 2356 8974 10203 10957 12988 13846 14292 14982 15154 15155 17265 17435 17610 17611 
饱 4494 4498 11690 16748 17612 17613 17614 17615 17616 17617 
饶 6611 17618 17619 17620 17621 17622 
饼 8978 16898 17623 17624 
饿 17604 
馁 11023 
馆 1358 3929 3960 4990 5190 5227 9129 14183 14811 17625 17626 
馈 4183 17627 
馒 17628 
首 291 292 293 422 521 1129 1259 1465 1552 2359 3999 4363 5130 5667 9165 9334 9335 12597 14207 14927 17390 17629 17630 17631 17632 17633 17634 17635 17636 17637 17638 17639 17640 17641 17642 
香 9014 17107 
馥 17643 17644 
馨 6316 11691 
马 339 522 1212 4355 4484 4485 4486 4487 4905 5837 6026 7964 8576 8577 8878 12633 13186 13449 14136 14137 14851 14852 15804 16118 16170 16842 17645 17646 17647 17648 17649 17650 17651 17652 17653 17654 17655 17656 17657 17658 17659 17660 17661 17662 17663 17664 17665 17666 17667 17668 17669 17670 17671 17672 17673 17674 17675 17676 17677 17703 
驭 17678 17689 
驯 17679 
驰 13187 14378 17680 17681 
驱 1122 2571 2940 7255 17682 17683 17684 17685 17686 
驹 17687 
驾 3078 7255 17688 17689 
骂 6189 7965 17690 
骄 17691 17692 17693 17694 17695 
骇 8196 17696 
骋 17681 17697 
验 2143 2144 3329 6489 6493 8006 8035 10640 13945 13946 13947 13948 13949 13950 17698 17699 17700 
骑 17701 17702 17703 
骗 10745 
骚 12150 13235 17493 17575 17704 17705 
骤 17706 
骥 17707 
骨 2913 5947 12473 13576 14458 14477 17532 17708 17709 17710 17711 17712 17713 17714 17715 17716 17935 
骸 6816 7679 
髓 13728 14441 17716 17717 
高 483 1087 1910 2782 3593 3833 4953 5484 5726 6049 6884 6966 6973 6974 7822 7823 8698 9015 9079 9215 10098 10099 10100 10101 10102 10483 11114 11659 12615 14607 15730 16072 17422 17718 17719 17720 17721 17722 17723 17724 17725 17726 17727 17728 17729 17730 17731 17732 17733 17734 17735 17736 17737 17738 17739 17740 17741 17742 17743 17744 17745 17746 17747 17748 17749 17750 17751 17752 17753 17754 17755 17756 17757 17758 17759 17760 17761 17762 17763 17764 17765 17766 17767 17768 17769 17770 17771 17772 17773 17774 17775 17776 17777 17778 17779 17780 17781 17782 17783 17784 17785 17786 17787 17788 17789 
髦 9829 
鬃 17790 
鬼 9293 9294 17686 17791 17792 17793 17809 
魁 17794 
魂 3666 8766 11872 15571 17795 17796 17797 17798 
魄 11024 17798 17799 
魅 17800 17801 17805 
魏 5224 7834 11115 17802 17803 17804 
魑 17805 
魔 17134 17806 17807 17808 17809 
鱼 1122 5045 8867 17056 17810 17811 17812 17813 17814 
鲁 1934 7097 7098 7099 13297 14296 17815 17816 17817 17818 17819 17820 17821 17822 17823 
鲍 17824 
鲜 6917 9554 9555 9556 9557 10215 17825 17826 17827 17828 17829 17830 17831 
鸟 14741 17832 17833 17834 
鸠 1934 6249 17835 
鸡 17836 17837 
鸣 1389 2795 12652 17592 17838 
鸭 14467 
鸽 17839 
鸿 16159 17840 17841 17842 17843 17844 17845 17846 17847 
鹄 17848 
鹅 5889 
鹊 17849 17850 
鹏 10386 
鹜 17851 
鹤 17852 
鹰 17853 
鹿 17676 17854 17855 
麂 17856 
麒 17857 
麓 6958 17858 
麟 2539 
麦 17859 17860 
麻 1367 7934 17861 17862 
麾 17863 
黄 11881 17864 17865 17866 17867 17868 17869 17870 17871 17872 17873 17874 17875 17876 17877 17878 17879 17880 17881 17882 17883 
黎 7070 
黏 17884 
黑 11299 17885 17886 17887 17888 17889 17890 17891 17892 17893 17894 17895 17896 17897 
默 2083 7272 7273 11180 11809 16260 17895 17898 17899 17900 17901 17902 17903 
黛 17904 
黜 17905 
黠 12119 17906 
鼎 17907 17908 17909 17910 
鼓 4782 4783 9615 9616 10236 16882 16923 17911 17912 17913 17914 17915 17916 
鼠 11860 11861 
鼻 12634 13396 17917 17918 17919 17920 17921 
齐 2354 4141 7255 9336 9337 12889 13572 17922 17923 17924 17925 17926 17927 17928 17929 17930 
齿 12008 17309 17931 
龄 7227 
龙 3019 3954 4361 6825 9390 11189 12151 12152 12196 14206 14207 16073 16118 17266 17326 17677 17932 17933 17934 17935 
龚 17936 
龟 14952 17937 
＊ 17938 
－ 17939 
． 17940 
／ 17941 
０ 17942 
１ 17943 
２ 17944 
３ 17945 
４ 17946 
５ 17947 
６ 17948 
７ 17949 
８ 17950 
９ 17951 
＜ 17952 
＞ 17953 
＠ 17954 
Ｇ 17955 
Ｊ 17956 
Ｌ 17957 
Ｍ 17958 
Ｓ 17959 
Ｔ 17960 
［ 17961 
］ 17962 
ｃ 17963 
ｄ 17964 
ｆ 17965 
ｇ 17966 
ｈ 17967 
ｉ 17968 
ｊ 17969 
ｎ 17970 
ｏ 17971 
ｔ 17972 
ｕ 17973 
ｗ 17974 
ｘ 17975 
ｙ 17976 
ｚ 17977 
～ 17978 
