" 0 
# 1 
' 2 
( 3 
) 4 
, 5 
- 6 
. 7 11 19 95 105 111 118 119 120 121 123 125 127 129 131 133 138 140 142 145 147 149 151 153 155 178 205 236 263 288 307 309 320 
/ 8 
0 9 12 13 14 15 16 17 27 33 34 46 47 48 51 54 55 56 65 66 67 76 86 87 88 89 104 116 126 127 144 145 156 157 158 159 162 163 164 165 166 167 168 169 170 171 172 174 175 176 179 180 181 182 183 206 207 208 209 210 211 213 217 230 246 250 251 252 253 255 259 274 275 284 289 300 301 311 317 685 686 
1 10 11 12 13 14 15 16 17 18 19 20 21 22 23 24 25 26 27 28 29 30 31 32 33 34 35 36 37 38 39 40 41 42 43 44 45 46 47 48 49 50 51 52 53 54 55 56 57 58 59 60 61 62 63 64 65 66 67 68 69 70 71 72 73 74 75 76 77 78 79 80 81 82 83 84 85 86 87 88 89 90 91 92 93 94 95 96 97 98 99 100 101 102 103 104 105 106 107 108 109 110 111 112 113 114 115 116 117 118 119 120 121 122 123 124 125 126 127 128 129 130 131 132 133 134 135 136 137 138 139 140 141 142 143 144 145 146 147 148 149 150 151 152 153 154 155 156 157 158 159 160 161 162 163 164 165 166 167 168 169 170 171 172 173 174 175 176 180 184 185 187 208 212 213 214 215 216 217 218 219 220 224 232 252 254 255 256 257 276 281 288 290 302 318 327 524 560 685 686 687 688 860 861 862 
2 14 20 26 27 28 29 30 31 36 42 48 49 69 71 80 82 92 93 110 111 130 131 148 149 163 166 173 176 177 178 179 180 181 182 183 184 185 186 187 188 189 190 191 192 193 194 195 196 197 198 199 200 201 202 203 208 209 221 222 223 224 225 226 228 232 233 241 256 258 259 260 275 277 291 303 319 320 561 860 
3 13 16 21 32 33 34 35 36 37 38 39 40 49 61 63 74 94 95 96 98 112 118 132 133 150 151 155 156 164 189 190 192 193 194 204 205 206 207 208 209 210 211 212 213 214 215 216 217 218 219 220 221 222 223 224 225 226 227 228 229 230 231 232 233 234 235 236 237 238 239 240 241 242 243 244 245 246 247 248 257 261 262 263 278 292 304 312 321 685 
4 15 16 22 37 38 41 42 43 44 50 52 62 66 72 83 97 98 99 100 101 102 106 113 119 134 152 153 157 165 174 181 191 192 193 194 218 222 229 231 232 233 234 235 236 249 250 251 252 253 254 255 256 257 258 259 260 261 262 263 264 265 266 267 268 269 270 271 272 279 288 293 305 322 328 686 688 689 690 692 861 
5 17 23 30 39 45 46 47 48 49 50 51 52 55 73 84 94 103 104 105 106 107 114 135 154 155 156 157 158 159 160 166 182 185 188 194 195 200 224 228 236 237 239 243 262 265 266 271 273 274 275 276 277 278 279 280 281 282 283 284 285 286 294 313 323 693 
6 40 43 50 52 53 54 55 56 57 58 59 63 70 73 74 75 87 100 108 109 110 111 112 113 114 115 120 136 159 161 162 163 164 165 166 167 168 169 170 171 172 173 175 183 187 196 198 209 211 219 238 239 244 267 269 282 287 288 289 290 291 292 293 294 295 296 297 298 307 314 562 
7 13 17 44 59 60 61 62 63 67 76 77 78 88 91 93 95 101 116 117 118 119 120 121 122 123 124 125 137 138 168 174 175 190 197 198 199 200 218 220 225 233 240 241 268 269 283 284 296 299 300 301 302 303 304 305 306 307 308 309 324 689 693 
8 24 38 64 65 66 67 68 69 70 71 72 73 74 75 76 77 78 79 80 81 82 83 84 89 122 123 126 127 128 129 130 131 132 133 134 135 136 137 138 139 140 141 142 169 176 200 201 202 210 215 226 230 234 242 243 244 253 256 270 271 285 297 308 309 310 311 312 313 314 315 325 688 690 860 861 
9 25 31 47 56 81 82 83 84 85 86 87 88 89 90 91 92 93 94 95 96 97 98 99 100 101 102 103 104 105 106 107 108 109 110 111 112 113 114 115 116 117 118 119 120 121 122 123 124 125 126 127 128 129 130 131 132 133 134 135 136 137 138 139 140 141 142 143 144 145 146 147 148 149 150 151 152 153 154 155 156 157 158 159 160 161 162 163 164 165 166 167 168 169 170 171 172 173 174 175 176 183 202 203 211 219 235 236 245 246 247 248 260 263 272 286 298 315 316 317 318 319 320 321 322 323 324 325 326 327 328 691 860 861 
: 329 
; 330 
A 331 332 333 334 335 336 337 338 339 340 341 342 343 344 345 346 347 348 349 350 351 352 353 354 355 356 357 358 359 360 361 362 363 364 365 775 852 986 1019 
B 366 367 368 369 370 371 372 373 374 375 376 377 378 379 380 381 382 383 384 385 386 387 388 389 390 391 441 675 831 
C 392 393 394 395 396 397 398 399 400 401 402 403 404 405 406 407 408 409 410 411 412 413 414 415 416 417 418 419 420 421 422 423 424 425 426 427 428 429 430 431 432 433 434 435 436 
D 437 438 439 440 441 442 443 444 445 446 447 448 449 450 451 452 453 454 455 456 
E 457 458 459 460 461 462 463 464 465 466 467 468 469 470 471 472 473 474 475 476 477 478 479 480 
F 481 482 483 484 485 486 487 488 489 490 491 492 493 494 495 496 497 
G 465 498 499 500 501 502 503 504 505 506 507 508 509 510 511 512 513 514 515 516 517 518 519 520 521 522 
H 357 523 524 525 526 527 528 529 530 531 532 533 534 535 536 537 538 539 540 541 542 543 544 545 546 547 548 576 1036 1037 
I 549 550 551 552 553 554 555 556 557 558 855 856 869 
J 559 560 561 562 563 564 565 566 567 568 569 570 571 572 573 574 575 576 
K 577 578 579 580 581 582 583 584 585 586 587 588 589 590 591 592 593 594 595 596 597 
L 591 598 599 600 601 602 603 604 605 606 607 608 609 610 611 612 613 614 615 616 617 618 619 620 621 622 623 624 625 626 627 628 855 987 
M 393 548 565 629 630 631 632 633 634 635 636 637 638 639 640 641 642 643 644 645 646 647 648 649 650 651 652 653 654 655 656 657 658 659 660 661 662 663 679 
N 393 569 664 665 666 667 668 669 670 671 672 673 674 675 676 
O 677 678 679 680 681 682 683 
P 684 685 686 687 688 689 690 691 692 693 694 695 696 697 698 699 700 701 702 703 704 705 706 707 708 709 710 711 712 713 714 715 716 717 718 719 720 721 722 723 724 725 726 727 767 873 
Q 728 729 730 731 
R 557 732 733 734 735 736 737 738 739 740 741 742 743 744 745 746 747 748 749 750 751 752 753 754 
S 755 756 757 758 759 760 761 762 763 764 765 766 767 768 769 770 771 772 773 774 775 776 777 778 779 780 781 782 783 784 785 786 787 788 789 
T 630 790 791 792 793 794 795 796 797 798 799 800 801 802 803 804 805 806 807 808 809 810 811 812 
U 813 814 815 816 
V 630 791 817 818 819 820 821 822 823 824 825 826 827 855 
W 828 829 830 831 832 833 834 835 836 837 838 839 840 841 842 843 844 845 846 847 848 849 850 851 852 853 854 
X 855 856 857 
Y 858 859 860 861 
Z 862 863 
[ 864 
] 865 
a 332 338 341 344 345 348 351 363 364 367 368 369 370 371 372 373 374 375 379 381 387 390 394 395 396 397 398 399 400 401 402 405 406 407 408 414 415 422 425 427 428 429 430 438 439 440 441 443 445 448 451 453 454 455 458 459 460 461 462 466 467 468 469 471 474 475 478 494 495 496 499 502 505 506 507 510 511 513 516 517 520 525 526 527 528 529 530 531 532 539 540 542 556 557 563 564 565 566 567 569 571 574 576 578 579 580 581 582 587 588 591 592 595 599 600 605 607 610 611 613 615 616 623 631 632 633 634 635 636 637 638 639 640 641 643 644 648 649 650 656 657 665 669 675 694 695 696 697 698 699 702 709 710 711 715 716 720 722 723 727 728 733 735 737 738 740 742 743 752 754 756 757 758 759 761 763 767 768 769 771 772 773 775 778 779 786 787 788 789 792 793 794 798 804 808 809 811 813 817 818 819 820 821 829 830 831 832 833 838 844 850 858 866 867 868 869 870 871 872 873 874 875 876 877 878 879 880 881 882 884 890 895 896 903 906 908 913 915 919 921 922 923 931 935 939 942 945 948 950 951 957 963 965 966 967 972 974 976 981 988 996 1002 1004 1006 1009 1010 1012 1013 1014 1016 1023 1029 1030 1031 1034 1038 1043 1044 1047 1051 1052 1053 
b 332 337 353 370 390 396 434 442 468 477 482 504 520 535 544 548 587 588 607 608 676 700 721 724 747 748 749 761 775 807 835 867 877 883 884 885 886 887 888 889 890 891 892 893 923 957 982 
c 332 336 340 345 346 348 364 388 390 394 405 407 416 417 420 430 431 441 447 449 450 455 456 460 465 470 473 476 493 494 495 496 518 525 526 533 540 554 557 563 585 600 625 626 628 631 632 635 642 648 649 650 662 671 673 677 698 703 709 713 716 723 724 725 726 736 740 743 759 760 761 762 767 773 774 776 800 816 824 830 857 869 874 894 895 896 897 898 899 900 901 902 903 904 906 917 925 926 936 941 949 951 975 982 983 996 999 1004 1005 1006 1016 1020 1025 1029 1033 1052 1053 
d 333 334 338 339 347 355 367 378 385 396 398 405 412 419 428 440 441 442 446 452 453 460 461 462 489 499 516 517 519 521 525 526 532 542 546 547 550 554 573 576 589 591 610 611 619 627 645 646 654 655 675 678 679 731 735 737 739 741 753 756 758 763 778 782 783 786 788 808 834 843 869 872 873 874 890 895 901 903 905 906 907 908 909 910 911 912 913 916 928 935 940 942 945 959 961 965 1006 1012 1014 1038 1046 1055 
e 335 336 337 338 339 342 343 344 345 346 348 349 353 354 365 368 369 371 373 374 376 377 378 379 380 385 389 396 398 400 403 404 407 408 410 411 418 420 422 423 424 428 429 432 433 435 439 442 443 444 445 447 449 450 454 463 464 465 466 467 468 469 472 473 475 480 482 483 484 485 487 489 490 494 496 497 500 501 502 503 504 506 511 512 513 514 515 516 517 521 530 531 532 533 534 535 536 537 544 548 550 557 565 567 575 576 578 580 582 583 584 585 586 587 588 589 591 592 593 594 595 600 601 602 603 604 605 606 608 609 614 615 616 618 621 624 633 636 641 642 643 644 645 646 647 648 649 653 654 655 657 658 659 660 663 665 666 667 668 669 670 674 675 676 677 679 681 682 683 697 701 702 703 704 705 716 717 718 719 720 721 722 728 729 730 731 734 735 736 737 738 739 740 741 742 743 744 746 747 748 749 760 761 762 763 764 765 766 767 768 769 771 772 774 776 779 780 781 782 784 788 789 794 795 796 797 800 801 806 807 813 814 816 817 818 822 823 824 830 831 833 834 835 836 837 839 840 843 846 851 852 857 863 869 873 877 882 884 885 886 888 895 896 897 898 899 901 902 903 904 906 907 908 909 910 911 912 914 915 916 917 918 919 920 921 922 923 924 925 926 927 928 929 931 932 935 936 939 940 943 946 950 952 953 958 959 961 962 966 967 968 969 971 979 981 982 983 984 987 988 993 994 997 999 1000 1001 1002 1003 1006 1008 1011 1012 1013 1014 1015 1016 1017 1020 1021 1022 1023 1025 1029 1030 1031 1032 1034 1035 1036 1037 1038 1039 1043 1045 1047 
f 339 358 378 379 395 416 447 500 515 581 609 705 716 736 753 760 775 778 807 810 849 886 904 917 920 930 931 932 933 934 935 936 937 983 985 986 987 988 989 990 991 993 1008 1022 1053 
g 348 349 396 397 401 402 406 409 427 463 472 490 493 501 508 513 548 550 589 602 620 627 633 643 644 646 650 659 694 695 700 724 726 727 729 735 741 746 775 777 781 792 829 835 857 881 885 890 891 892 913 918 921 938 939 940 941 942 943 960 970 1004 1005 1012 1013 1014 1015 1028 1030 1038 1043 
h 335 336 352 354 359 390 394 405 406 407 408 409 410 411 418 454 456 463 468 477 493 508 513 533 567 568 569 570 573 580 583 585 620 628 631 635 637 641 645 646 648 649 650 662 673 682 700 706 707 708 723 724 725 726 733 737 743 745 751 759 760 761 766 769 780 788 793 794 795 796 797 798 799 816 838 839 840 841 842 847 848 854 857 871 877 881 884 887 892 919 923 941 944 945 946 947 948 977 994 996 1004 1005 1006 1009 1033 1035 1036 1037 1038 1042 1052 1053 1054 
i 334 336 337 340 344 345 346 348 349 352 353 354 357 360 361 364 368 374 375 387 389 394 395 396 397 400 401 405 406 407 409 410 411 412 413 420 421 424 427 429 430 431 432 439 440 441 445 446 447 448 449 450 451 460 463 464 466 468 470 473 476 477 478 479 480 483 484 485 486 487 493 495 496 502 504 505 506 507 509 515 516 517 518 521 525 526 529 533 534 538 539 540 541 542 544 551 553 554 556 557 565 573 574 580 585 586 587 588 589 590 593 594 595 597 602 607 608 609 610 611 612 613 614 615 616 617 620 622 623 624 625 627 628 633 638 639 642 643 648 649 650 651 652 653 656 660 661 666 671 673 674 679 681 694 695 698 700 702 703 705 706 707 708 709 710 711 714 718 719 720 722 723 724 725 727 729 730 735 736 737 738 739 740 741 742 744 746 750 752 756 757 759 760 762 767 768 770 773 774 775 777 782 792 793 800 801 807 809 813 814 824 825 826 829 831 834 835 839 840 843 844 845 846 847 848 849 852 857 869 871 875 876 877 884 885 886 887 890 891 902 904 913 919 920 921 922 923 925 933 935 949 950 951 952 953 954 955 956 959 960 963 965 967 970 971 972 973 975 981 987 991 996 1000 1001 1002 1003 1004 1006 1012 1013 1014 1015 1016 1017 1023 1025 1026 1027 1036 1037 1038 1039 1043 1047 1048 1052 1053 1054 
j 448 525 526 831 982 
k 340 369 382 383 388 405 414 416 417 441 448 470 512 563 632 642 649 696 697 713 752 800 829 853 859 860 861 919 959 960 965 
l 337 338 339 340 341 342 343 344 348 349 351 355 363 365 368 373 374 377 379 389 395 399 402 403 408 414 415 419 420 424 428 430 435 441 443 450 453 459 465 466 467 468 469 475 476 478 479 503 504 506 507 513 516 517 525 526 540 544 545 550 551 556 557 571 574 576 580 582 586 587 588 589 590 594 634 642 646 648 649 651 654 657 660 666 673 678 679 699 700 702 706 707 708 711 712 713 721 723 726 727 728 733 736 738 746 749 753 757 763 767 768 769 771 773 775 781 784 788 789 793 803 804 807 812 813 817 818 827 829 830 831 843 844 845 849 868 869 877 886 895 897 898 899 908 910 911 912 915 920 931 935 941 942 947 950 952 953 957 958 959 960 961 962 963 967 972 974 988 993 996 1004 1005 1006 1008 1013 1014 1015 1016 1020 1022 1023 1026 1027 1047 
m 345 354 358 363 391 396 421 422 431 444 451 469 475 480 483 484 485 491 492 502 509 510 518 581 582 658 663 667 669 675 676 718 719 721 727 739 745 749 757 763 785 794 798 799 801 806 807 819 822 831 841 844 850 851 852 871 875 876 877 900 911 922 923 932 937 948 951 952 953 964 965 966 967 968 969 970 971 972 973 974 975 976 977 981 991 1000 1001 1002 1003 
n 338 344 345 346 347 348 349 350 351 352 354 355 364 371 376 378 379 380 386 389 391 394 395 401 404 406 409 410 412 418 420 421 422 423 424 426 428 438 439 441 445 447 449 450 451 453 455 460 463 464 466 467 469 470 472 473 476 477 478 479 480 483 484 485 486 493 494 495 496 502 505 513 519 525 526 527 528 532 533 534 539 542 544 547 548 551 552 553 554 556 557 564 565 566 567 568 569 570 571 575 578 581 583 585 586 587 588 589 591 592 600 603 604 605 610 612 613 619 620 621 633 638 642 643 650 651 655 657 658 659 662 669 673 677 681 683 694 695 700 701 702 703 704 710 714 723 727 729 730 735 736 737 740 741 742 744 749 754 758 760 762 766 767 771 772 775 777 780 786 787 788 789 792 799 800 804 805 813 814 820 824 825 826 829 831 833 834 835 837 840 843 845 846 849 850 851 852 857 863 869 870 871 872 873 874 875 876 877 882 885 888 889 890 891 900 901 902 906 911 913 921 922 923 924 925 940 941 948 952 954 959 960 963 965 970 976 978 979 980 981 983 992 993 999 1006 1012 1013 1014 1016 1028 1032 1038 1043 1044 1046 1047 1048 1049 
o 341 352 355 357 358 364 378 381 382 383 385 386 395 399 401 402 411 416 417 418 419 420 421 422 423 424 425 426 433 434 438 441 442 449 452 453 454 460 465 467 470 476 477 478 479 480 488 489 490 491 492 493 496 500 501 505 507 508 509 510 519 525 526 539 540 541 542 543 544 545 546 547 548 550 551 554 566 567 568 569 570 571 580 590 591 603 604 605 612 618 619 620 621 622 623 624 645 646 651 652 654 655 656 657 658 659 660 661 671 672 673 674 675 676 704 708 712 713 714 721 722 723 724 725 726 727 729 730 731 736 739 742 744 747 748 749 750 751 752 753 759 762 767 769 772 773 774 775 776 778 796 798 799 802 803 804 805 806 807 808 812 821 825 826 827 833 841 845 848 849 850 851 852 853 854 859 860 861 867 871 873 881 884 888 889 892 898 899 900 901 902 904 910 911 918 923 924 934 935 936 937 941 957 960 961 970 972 973 980 982 983 984 985 986 987 988 989 990 991 992 993 994 997 1004 1005 1006 1008 1014 1015 1016 1024 1025 1026 1027 1028 1032 1036 1037 1040 1041 1042 1048 1049 1055 
p 342 343 411 422 433 444 450 475 478 479 480 597 602 611 612 703 707 708 722 733 742 759 765 776 777 780 799 819 833 869 871 881 910 911 919 925 928 951 952 953 961 962 990 991 995 996 997 998 999 1000 1001 1002 1003 1004 1005 1006 1007 1008 1009 1016 1020 1029 
q 349 432 553 
r 332 337 338 339 342 343 344 345 347 353 354 355 356 357 358 359 360 361 362 369 370 371 372 378 379 384 385 386 387 395 396 397 398 399 400 401 404 407 408 410 411 414 416 422 423 424 427 428 429 430 431 432 433 434 435 442 445 447 448 449 454 458 459 461 462 465 467 470 480 487 488 489 490 491 492 494 495 496 497 499 500 501 502 503 504 507 511 512 513 514 515 516 517 518 519 520 529 530 533 534 535 537 539 540 541 542 548 553 554 571 572 578 585 588 589 591 592 593 594 595 596 600 604 605 606 607 608 611 614 615 616 621 634 635 636 637 638 639 640 647 649 652 653 655 656 657 660 661 665 667 675 676 677 679 680 681 682 696 697 698 703 704 705 709 715 716 717 718 719 720 721 722 725 728 737 741 742 743 747 748 758 759 760 763 769 770 776 777 778 781 788 796 797 800 805 808 809 811 812 813 814 816 821 822 823 831 832 834 835 837 843 846 852 853 854 859 860 861 863 869 871 873 878 879 881 882 884 887 889 890 891 892 903 913 915 919 921 922 923 928 933 934 935 936 937 940 941 942 943 950 957 962 966 967 969 971 972 973 974 981 983 984 986 988 991 994 997 999 1000 1001 1002 1003 1008 1009 1010 1011 1012 1013 1014 1015 1016 1017 1019 1020 1036 1037 1038 1043 1044 1045 1047 1053 1055 
s 332 334 335 336 338 343 352 357 360 361 362 363 364 365 373 375 378 381 383 387 397 403 407 408 410 411 415 417 424 425 431 434 439 441 443 444 448 449 450 464 470 471 476 479 480 483 484 487 494 495 496 503 506 509 516 517 518 528 529 530 536 537 538 539 540 541 542 547 548 551 555 557 558 565 566 567 569 570 592 593 594 595 597 606 622 623 624 637 639 641 653 658 661 663 667 670 671 674 679 681 683 695 700 701 702 703 704 708 714 717 723 724 725 726 729 730 735 736 739 740 742 743 744 745 749 750 752 767 771 775 782 787 794 798 799 801 803 808 809 810 813 814 818 821 823 825 826 836 837 843 845 852 869 871 874 875 876 877 880 882 898 899 902 919 926 928 933 936 950 953 955 966 967 970 971 975 977 982 993 994 996 999 1003 1004 1005 1006 1008 1015 1016 1018 1019 1020 1021 1022 1023 1024 1025 1026 1027 1028 1029 1030 1031 1032 1033 1034 1036 1037 1043 1044 1047 1048 1051 1052 1055 
t 332 335 336 337 344 346 351 352 353 356 357 358 359 360 361 362 364 365 367 371 374 375 379 380 387 389 390 397 401 402 403 404 407 410 411 413 416 420 422 425 426 429 430 431 432 435 436 438 448 449 451 454 456 460 463 464 468 477 478 484 485 487 493 497 503 504 511 518 535 537 539 540 541 542 548 554 556 557 558 573 576 579 580 583 590 593 594 595 596 597 606 608 612 613 614 615 616 636 638 639 641 645 646 651 653 658 665 679 681 682 694 695 698 703 704 709 711 712 718 719 720 723 725 728 729 730 731 736 737 738 742 745 747 748 751 760 765 766 767 768 769 774 776 778 779 780 781 782 783 784 788 789 805 806 807 810 814 815 816 824 831 836 837 838 839 840 846 847 848 852 854 867 869 875 877 878 881 887 892 901 903 904 911 917 921 922 923 924 927 931 933 935 941 950 951 952 956 962 966 967 971 972 976 977 980 981 982 984 986 987 994 997 1001 1002 1003 1006 1013 1016 1019 1020 1023 1025 1027 1029 1030 1031 1032 1034 1035 1036 1037 1038 1039 1040 1041 1042 1043 1044 1047 1053 1054 
u 349 358 359 385 387 388 389 390 391 404 426 432 435 436 455 456 460 469 472 473 476 490 492 493 497 510 519 520 521 522 525 526 530 547 548 553 554 571 573 574 575 576 581 588 596 597 616 617 622 623 624 625 626 627 634 662 663 665 675 677 699 709 711 712 714 728 729 730 731 745 749 753 754 768 775 781 782 783 785 786 787 788 810 811 817 818 823 848 867 874 881 884 892 895 902 926 942 948 950 953 957 962 974 975 976 983 1006 1007 1008 1013 1015 1020 1023 1027 1033 1045 1046 1047 
v 344 397 429 440 441 461 474 505 531 595 676 702 703 718 719 720 738 744 766 771 789 809 813 814 884 896 909 910 911 963 1001 1002 1003 1017 1039 1043 1047 1048 1049 1050 
w 341 380 386 398 405 462 489 580 590 593 600 618 627 641 644 668 669 670 683 761 769 808 873 882 895 913 943 1017 1051 1052 1053 1054 1055 
x 475 476 477 478 479 480 634 639 767 768 928 1006 1023 
y 341 357 368 379 391 404 412 413 422 434 444 459 471 485 500 522 532 541 542 545 550 553 584 606 607 613 615 618 626 628 640 642 646 647 701 702 708 723 724 725 726 727 728 745 754 763 768 774 783 784 786 796 804 812 814 840 842 869 879 893 899 915 929 941 970 972 977 984 988 996 997 1004 1005 1006 1009 1010 1023 1025 1037 1047 1050 1056 
z 352 390 468 580 590 591 602 621 633 659 710 722 752 939 
{ 1057 
} 1058 
· 1059 
× 1060 
à 1061 
á 1062 
é 1063 
ì 1064 
í 1065 
ò 1066 
ù 1067 
ú 1068 
ü 1069 
ā 1070 
ē 1071 
ī 1072 
ū 1073 
ǐ 1074 
— 1075 
‘ 1076 
’ 1077 
… 1078 
″ 1079 
Ⅰ 1080 
Ⅳ 1081 
Ⅵ 1082 
① 1083 
② 1084 
③ 1085 
④ 1086 
⑤ 1087 
⑥ 1088 
⑦ 1089 
⑧ 1090 
⑨ 1091 
⑩ 1092 
⑴ 1093 
⑵ 1094 
⑶ 1095 
⑿ 1096 
○ 1097 
〈 1098 
〉 1099 
【 1100 
】 1101 
〔 1102 
〕 1103 
一 1104 1105 1106 1107 1108 1109 1110 1111 1112 1113 1114 1115 1116 1117 1118 1119 1120 1121 1122 1123 1124 1125 1126 1127 1128 1129 1130 1131 1132 1133 1134 1135 1136 1137 1138 1139 1140 1141 1142 1143 1144 1145 1146 1147 1148 1149 1150 1151 1152 1153 1154 1155 1156 1157 1158 1159 1160 1161 1162 1163 1164 1165 1166 1167 1168 1169 1170 1171 1172 1173 1174 1175 1176 1177 1178 1179 1180 1181 1182 1183 1184 1185 1186 1187 1188 1189 1190 1191 1192 1193 1194 1195 1196 1197 1198 1199 1200 1201 1202 1203 1204 1205 1206 1207 1208 1209 1210 1211 1212 1213 1214 1215 1216 1217 1218 1219 1220 1221 1222 1223 1224 1225 1226 1227 1228 1229 1230 1231 1232 1233 1234 1235 1236 1237 1238 1239 1240 1241 1242 1243 1244 1245 1246 1247 1248 1249 1250 1251 1252 1253 1254 1255 1256 1257 1258 1259 1260 1261 1262 1263 1264 1265 1266 1267 1268 1269 1270 1271 1272 1273 1274 1275 1276 1277 1278 1279 1280 1281 1282 1283 1284 1285 1286 1287 1288 1289 1290 1291 1292 1293 1294 1295 1296 1297 1298 1299 1300 1301 1302 1303 1304 1305 1306 1307 1308 1309 1310 1311 1367 1497 2346 2384 2494 2579 2881 3038 3280 3416 3488 3489 3666 4250 4372 4379 4380 4393 4476 4787 4880 4881 5347 5348 5510 5529 5543 5544 5545 5553 5793 5875 5876 5973 5980 6312 6482 6483 6484 6660 6666 6869 7103 7157 7415 7478 7959 7964 8506 8918 9966 10133 10202 10203 10499 10633 10665 10933 11120 11121 11509 11510 11972 11974 12601 12619 12703 12763 13036 13224 13309 13445 13897 13898 13899 13900 13901 13902 13903 13904 13905 13906 13907 13908 13909 13910 13911 13912 13943 14345 14346 14433 14647 14846 15284 15316 15940 16146 16627 16628 16669 16771 16829 17951 17954 17955 
丁 1312 1313 1314 2706 3188 8080 9404 17877 
七 1113 1315 1316 1317 1318 1319 1320 1321 1322 1323 1324 1325 1326 1327 1328 1329 1330 1355 2173 2486 2495 3826 4788 4789 4790 4803 13913 
万 1105 1331 1332 1333 1334 1335 1336 1337 1338 1339 1340 1341 1342 1343 1344 1345 1346 1347 1348 1349 1350 1351 1352 2373 2796 2797 2798 3022 3319 4224 4827 4828 4829 4830 4831 4835 4836 6350 6676 9067 11623 
丈 1332 1353 6548 
三 1354 1355 1356 1357 1358 1359 1360 1361 1362 1363 1364 1365 1366 1367 1368 1369 1370 1371 1372 1373 1374 1375 1376 1377 1378 1379 1380 1381 1382 1383 1384 1385 1386 1387 1388 1389 1390 1391 1392 1393 1394 1395 1396 1397 1398 1399 1400 1401 1402 1403 1404 1405 1406 1407 1408 1409 1410 1411 1412 1413 1414 1415 1416 1417 1418 1419 1420 1421 1422 1423 1424 1425 1426 1427 1867 2174 2487 3916 4791 5511 6549 7386 7449 7476 7945 9582 10084 11574 13009 13571 13914 13915 13916 13917 13918 13919 13920 13921 13922 14554 15811 15812 16293 17069 18093 
上 1428 1429 1430 1431 1432 1433 1434 1435 1436 1437 1438 1439 1440 1441 1442 1443 1444 1445 1446 1447 1448 1449 1450 1451 1452 1453 1454 1455 1456 1457 1458 1459 1460 1461 1462 1463 1464 1465 1466 1467 1468 1487 1674 1798 2175 2417 2477 2846 2866 2873 2932 3917 3918 4203 4251 4649 4843 5421 5443 5546 5622 5642 5717 5807 6131 6146 6154 6157 6163 6170 6313 6376 6563 6658 6708 6756 7063 7255 7874 8036 8363 8384 8385 8420 8719 9067 9205 9645 10544 10633 10824 10882 11113 11163 11342 11526 11925 12383 13082 13146 13310 13722 13991 14780 14793 14903 14918 15229 15514 16032 16136 16257 16272 16380 17034 17198 17618 17647 17878 18000 
下 1106 1107 1257 1469 1470 1471 1472 1473 1474 1475 1476 1477 1478 1479 1480 1481 1482 1483 1484 1485 1486 1487 1488 1489 1490 1491 1492 1493 1494 1495 1674 1690 1942 2176 2432 2846 2933 3200 3254 3650 4083 4569 4740 5140 5415 5585 5615 5717 6171 6659 6660 6870 7632 7652 7917 8071 8321 8386 9580 9581 9798 10120 10196 11088 11342 11370 11909 12980 13019 13268 13374 13524 13534 13877 13960 14302 14361 15199 15347 15611 15686 15691 16376 16938 17228 17946 18066 
不 1281 1401 1470 1496 1497 1498 1499 1500 1501 1502 1503 1504 1505 1506 1507 1508 1509 1510 1511 1512 1513 1514 1515 1516 1517 1518 1519 1520 1521 1522 1523 1524 1525 1526 1527 1528 1529 1530 1531 1532 1533 1534 1535 1536 1537 1538 1539 1540 1541 1542 1543 1544 1545 1546 1547 1548 1549 1550 1551 1552 1553 1554 1555 1556 1557 1558 1559 1560 1561 1562 1563 1564 1565 1566 1567 1568 1569 1570 1571 1572 1573 1574 1575 1576 1577 1578 1579 1580 1581 1582 1583 1584 1585 1586 1587 1588 1589 1590 1591 1592 1593 1594 1595 1596 1597 1598 1599 1600 1601 1602 1603 1604 1605 1606 1607 1608 1609 1610 1611 1612 1613 1614 1615 1616 1617 1618 1619 1620 1621 1622 1623 1624 1625 1626 1627 1628 1629 1630 1631 1632 1633 1634 1635 1636 1637 1638 1639 1640 1641 1642 1643 1644 1645 1646 1647 1648 1649 1650 1651 1652 1653 1654 1655 1656 1657 1658 1659 1660 1661 1662 1663 1664 1665 1666 1667 1668 1669 1670 1671 1672 1673 1674 1675 1676 1677 1678 1679 1680 1681 1682 1683 1684 1685 1686 1687 1688 1689 1690 1691 1692 1693 1694 1695 1696 1697 1698 1699 1700 1701 1702 1703 1704 1705 1706 1707 1708 1709 1710 1711 1712 1713 1714 1715 1716 1717 1718 1719 1720 1721 1722 1723 1724 1725 1726 1727 1728 1729 1730 1731 1732 1733 1734 1735 1736 1737 1738 1739 1740 1741 1742 1743 1744 1745 1746 1747 1748 1749 1750 1751 1753 1795 1943 2082 2083 2159 2166 2358 2362 2559 2560 2847 2862 3465 3546 3716 3743 3766 3898 4062 4065 4144 4145 4146 4281 4286 4316 4530 4702 4833 5227 5354 5473 5478 5678 5753 5805 6032 6159 6942 7345 7363 7621 7660 7665 7684 7776 7964 7965 7966 7967 7968 7979 8201 8326 8468 8507 8575 8630 8655 8671 8720 8865 9134 9144 9465 9646 9935 9936 10204 10247 10248 10387 10500 10634 11210 11295 11480 11526 11566 11567 11644 11648 11657 11660 11711 12223 12289 12290 12458 12705 12797 12833 12834 12895 12897 12947 13059 13118 13188 13311 13312 13313 13634 13651 13658 13782 13847 13991 14052 14271 14329 14330 14383 14433 14750 14816 14829 14839 14914 15118 15143 15476 15565 15813 16159 16337 16381 16693 16706 16716 16727 16748 16793 17252 17614 17814 
与 1752 1753 1754 1755 1756 1757 1758 1759 1760 1761 1762 1763 1764 1765 2707 2708 5097 6302 7437 8532 10152 10586 11603 12602 12603 12764 13748 15477 15814 15815 
丑 1766 1767 1768 1769 3813 6855 7258 14478 
专 1770 1771 1772 1773 1774 1775 1776 1777 1778 1779 1780 1781 1782 1783 1784 1785 1786 1787 1788 1789 1790 1791 1792 1793 1794 1944 5703 7843 9056 
且 1795 1796 1945 7728 10600 
世 1108 1797 1798 1799 1800 1801 1802 1803 1804 1805 1806 1807 1808 1809 1810 1811 1812 1813 1814 1815 1816 1817 1818 1819 1820 1821 1822 1823 1824 1946 2067 2385 2435 2436 2496 2523 2577 2709 2739 2740 3123 3396 3731 3744 3787 3827 3828 4039 4252 4419 4619 4620 4788 4793 4797 4801 4804 4919 5608 6145 6146 6412 7028 7173 7525 8254 8322 8328 8330 8515 8878 9523 9876 10105 10652 10883 10884 11306 11787 11964 12673 12704 12705 12718 12896 13915 13933 14269 14270 15336 15370 15678 16263 16382 16896 16926 17049 17256 17447 17619 17623 
丘 1825 11631 14015 
业 1771 1772 1773 1774 1826 1827 1828 1829 1830 1831 1832 1833 1834 1835 2177 2463 2668 2848 3052 3118 4111 4289 4420 4631 5899 5900 5901 5902 6550 7729 7868 8132 9091 9208 9926 9927 11551 15337 17568 
丛 1836 1837 14104 15798 
东 1838 1839 1840 1841 1842 1843 1844 1845 1846 1847 1848 1849 1850 1851 1852 1853 1854 1855 1856 1857 1858 4403 4896 6623 7121 7666 10153 11562 11696 11876 11986 13155 16535 16694 
丝 1109 1498 1859 1860 4829 4935 17565 
丢 1861 1862 1863 1864 1865 
两 1157 1421 1866 1867 1868 1869 1870 1871 1872 1873 1874 1875 1876 1877 1878 1879 1880 1881 1882 1883 1884 1885 1886 1887 1888 1889 1890 1891 1892 1893 1894 1895 1896 1897 1898 1899 1900 1901 1902 1903 1904 1905 1906 1907 1908 1909 1910 1911 4702 9265 11377 12515 16629 16690 
严 1912 1913 1914 1915 1916 1917 1918 1919 1920 1921 1922 1923 2170 2849 7471 8028 11260 13264 15048 
丧 1924 1925 1926 8469 11765 11773 
个 1110 1111 1316 1357 1378 1868 1927 1928 1929 1930 1931 1932 1933 1934 1935 1936 1937 1938 1939 1940 2386 2488 2578 2579 2584 3281 3788 4204 4214 4225 4798 4805 4882 5479 5480 5481 5544 5974 6860 9937 9951 10259 10501 11511 13898 13916 13924 13946 16830 
中 1941 1942 1943 1944 1945 1946 1947 1948 1949 1950 1951 1952 1953 1954 1955 1956 1957 1958 1959 1960 1961 1962 1963 1964 1965 1966 1967 1968 1969 1970 1971 1972 1973 1974 1975 1976 1977 1978 1979 1980 1981 1982 1983 1984 1985 1986 1987 1988 1989 1990 1991 1992 1993 1994 1995 1996 1997 1998 1999 2000 2001 2002 2003 2004 2005 2006 2007 2008 2009 2010 2011 2012 2013 2014 2015 2016 2017 2018 2019 2020 2021 2022 2023 2024 2025 2026 2027 2028 2029 2030 2031 2032 2033 2034 2035 2036 2037 2038 2039 2178 2267 2418 2447 2550 2724 2850 3080 3175 3308 3338 3424 3560 3722 3829 3868 4024 4125 4253 4381 4576 4675 4748 4898 5296 5309 5547 5656 5696 5808 6155 6172 6551 6819 7064 7095 7290 7301 7458 7477 7744 8179 8323 8533 8576 8667 8970 9092 9145 9265 9968 10236 10237 10243 10602 10605 11089 11371 11406 12981 12982 13375 13749 13784 13896 14037 14460 14743 14774 14943 15515 15645 15714 15789 15816 17172 17492 17493 17494 17495 17496 17530 17784 17947 
丰 1642 2040 2041 2042 2043 2044 2045 2046 2047 2048 2049 2050 2051 2052 2053 2179 11055 
串 2054 2055 
临 2056 2057 2058 2059 2689 3676 7632 9843 11020 17378 17620 
丹 2060 2061 2062 
为 1499 1500 1613 1628 1727 1947 2063 2064 2065 2066 2067 2068 2069 2070 2071 2072 2073 2074 2075 2076 2077 2078 2079 2080 2081 2082 2083 2084 2085 2086 2087 2088 2089 2090 2091 2092 2093 2094 2095 2096 2097 2098 2099 2100 2180 2404 2561 2562 2710 2820 2934 2965 3015 3161 3237 3397 3426 3557 4317 4531 4670 4749 4975 5183 5262 5302 5529 5548 5609 6173 6485 6511 6552 6981 7065 7194 7217 7534 7544 7730 7869 8009 8010 8212 8317 8364 8400 8465 8508 8577 8744 8755 8796 9057 9064 9647 9778 9836 9969 9970 10085 10205 10319 10507 10635 10636 10692 10724 10768 10854 11050 11051 11131 11372 11407 11766 11804 11910 12171 12186 12507 12604 12719 13191 13730 13731 13734 13815 13965 14099 14176 14188 14519 14751 14819 15316 15338 15339 15340 15341 15558 15559 15633 15657 15817 15818 15834 15925 15931 16383 16419 16438 16470 16554 16630 16893 17051 17379 17457 17483 17734 17749 
主 1778 1812 1928 1995 2063 2101 2102 2103 2104 2105 2106 2107 2108 2109 2110 2111 2112 2113 2114 2115 2116 2117 2118 2119 2120 2121 2122 2123 2124 2125 2126 2127 2128 2129 2130 2131 2132 2133 2134 2135 2136 2137 2138 2139 2140 2141 2142 2143 2144 2145 2146 2147 2148 2149 2365 2677 2749 2750 2758 2787 3412 3801 3847 3848 3919 4091 4109 4243 4254 4389 4469 4603 4633 4644 4927 4971 5011 5013 5070 5315 5549 5627 5643 5658 5883 5888 5892 5943 6076 6077 6093 6174 6202 6436 6440 6835 6838 6851 7034 7177 7187 7239 7246 7272 7925 8376 8470 8721 9093 9139 9215 9362 9442 9455 10113 10128 10257 10867 10945 10957 11483 11579 11580 11581 11582 11587 11822 11998 12462 12511 12723 12736 12771 12775 13186 13219 13539 13603 13638 13691 13833 14296 14312 14817 14818 14868 15078 15339 15386 15402 15596 16079 16115 16133 16209 16303 16525 17498 17591 17884 17885 17908 
丽 2150 4859 5650 6389 12698 12700 12803 14326 14327 14479 17352 
举 1112 1693 2151 2152 2153 2154 2155 2156 2157 2158 2181 4382 7969 9380 11151 13687 15623 16460 17948 
乃 2159 2160 2161 2821 7218 17949 
久 1501 1502 2162 2163 2182 4530 5017 5368 7782 7948 8834 9469 9470 10320 10330 10987 11658 14271 17209 
乇 2164 
么 1621 6486 7903 
义 1382 1778 1812 1928 1995 2102 2103 2165 2166 2167 2168 2169 2170 2171 2172 2183 2365 2677 2749 2750 2758 2787 2802 2803 3143 3412 3847 3848 4091 4109 4243 4389 4469 4633 4644 4971 5011 5013 5070 5315 5586 5627 5673 5883 5888 5892 6076 6093 6202 6436 6440 6698 6835 6838 7034 7187 7195 7239 7246 7272 7454 7925 8011 8376 8516 8791 8944 9129 9215 9362 9442 9883 10113 10257 10570 10867 10885 10945 10957 11123 11373 11408 11453 11483 11570 11580 11587 11822 11998 12073 12092 12274 12462 12630 12723 12736 12738 12771 12775 12788 13219 13525 13539 13603 13638 13691 13725 13833 13899 14053 14296 14312 14868 14936 15078 15339 15386 15478 15504 15596 15896 15897 16079 16133 16209 16303 16525 16906 17063 17498 17884 17885 17908 
之 1120 1158 1163 1177 1179 1282 1346 1613 1710 1799 1906 1992 2064 2173 2174 2175 2176 2177 2178 2179 2180 2181 2182 2183 2184 2185 2186 2187 2188 2189 2190 2191 2192 2193 2194 2195 2196 2197 2198 2199 2200 2201 2202 2203 2204 2205 2206 2207 2208 2209 2210 2211 2212 2213 2214 2215 2216 2217 2218 2219 2220 2221 2222 2223 2224 2225 2226 2227 2228 2229 2230 2231 2232 2233 2234 2235 2236 2237 2238 2239 2240 2241 2242 2243 2244 2245 2246 2247 2248 2249 2250 2251 2252 2253 2254 2255 2256 2257 2258 2259 2260 2261 2262 2263 2264 2265 2266 2267 2268 2269 2270 2271 2272 2273 2274 2275 2276 2277 2278 2279 2280 2281 2282 2283 2284 2285 2286 2287 2288 2289 2290 2291 2292 2293 2294 2295 2296 2297 2298 2299 2300 2301 2302 2303 2304 2305 2306 2307 2308 2309 2310 2311 2312 2313 2314 2315 2316 2317 2318 2319 2320 2321 2322 2323 2324 2325 2326 2327 2328 2329 2330 2331 2332 2333 2334 2335 2336 2337 2338 2436 2555 2630 2711 2851 2909 3123 3320 3557 3650 3745 4018 4125 4621 4792 4919 4920 4956 5144 5227 5242 5303 5310 5379 5587 5615 5636 5697 6069 6166 6334 6496 6661 6738 6916 6944 7011 7066 7278 7712 8094 8302 8324 8337 8471 8519 8679 8722 8945 9024 9035 9160 9933 10237 10243 10378 10489 10533 10791 10805 10886 11094 11186 11276 11312 11349 11632 11775 11993 12384 12453 12508 12854 12897 12913 12939 13109 13126 13226 13239 13268 13409 13410 13411 13611 13731 13960 13962 14480 14481 14580 14930 15193 15342 15402 15500 15516 15559 15611 15612 15613 15614 15615 15785 15819 15898 16046 16214 16249 16433 16835 16993 17246 17316 17419 17420 17447 17700 
乌 2339 2340 2341 2342 
乎 2396 2835 3176 3425 3869 4205 5184 5512 5513 6662 7029 7030 8180 8509 10072 10469 10887 11367 12015 12655 13487 13869 16598 17455 17681 17770 
乏 1503 2343 2344 4778 5630 13058 14434 16153 
乐 1358 1637 2065 2184 2345 2346 2347 2348 2349 2350 2351 2352 2353 2354 2355 2356 2357 2358 2359 2360 2361 2362 2363 2364 2365 2366 2367 2368 2369 2370 2397 2640 2676 2677 2935 3321 3920 5304 5321 5369 5615 5877 5931 5935 5965 6397 6663 6739 6964 6965 6966 7016 7139 7373 8638 9059 9146 9240 9482 9981 10106 11318 11597 11682 11952 12864 13108 13526 13996 14192 14583 14752 15053 15517 15814 16840 17023 17592 17600 17648 17649 17650 17651 17652 17653 17654 
乒 2371 
乓 2371 
乔 2372 2373 2374 2375 2376 2377 2378 14735 
乖 2379 2380 3953 
乘 2381 6553 16293 
乙 2382 
九 1113 1359 1399 2383 2384 2385 2386 2387 2388 2389 2390 2391 2392 2393 2394 2489 2497 4792 4793 4823 13109 15053 17707 
乞 2395 15343 
也 2066 2324 2336 2347 2396 2397 2398 2399 2400 2401 2402 2403 2474 2631 3282 3717 3940 4061 4062 4679 6001 6661 8421 10086 10267 12835 13527 13567 14371 16631 17142 17600 
习 2404 2405 2406 2407 2408 2409 2410 2411 2412 2570 4725 7067 13540 13718 15664 17771 17776 
乡 2413 2414 2415 6287 8325 9837 13347 13393 16619 
书 1114 1349 1417 1772 1773 1836 1961 2185 2416 2417 2418 2419 2420 2421 2422 2423 2424 2425 2426 2427 2428 2429 2430 3441 3746 3911 4255 4892 4957 5422 5904 5975 6099 6100 6664 6775 6856 7530 8578 8754 9058 9839 9898 9971 10686 10888 11409 11683 12416 12898 13122 13123 13688 14024 14104 14272 14920 15255 15998 16842 16927 
买 1504 2431 2432 2433 3533 16167 
乱 1505 2434 2435 2436 4676 8640 9909 11788 12142 
乳 2437 5851 5852 11633 
乾 2438 
了 1506 1948 1966 2439 2440 2441 2442 2443 2444 3716 4489 6034 6243 6554 7566 11456 12720 13207 14921 15422 15585 15941 16509 
予 1507 2445 8050 14322 16215 16225 
争 1429 1508 2186 2446 2447 2448 2449 2450 2451 2452 2453 2454 2455 2456 2457 2458 2459 2460 2461 3723 4604 4956 5166 5185 5209 5370 6791 7932 8819 8826 9116 9117 9349 10062 10063 13112 13849 13850 14203 14480 14521 15715 17328 17593 17636 
事 1333 1334 2187 2296 2348 2448 2462 2463 2464 2465 2466 2467 2468 2469 2470 2471 2472 2473 2474 2475 2476 2477 2478 2479 2480 2481 2482 2483 2484 2712 2713 2727 2852 2936 3238 3921 3922 4025 4107 4108 4628 5008 5285 5286 5287 5288 5482 5697 6413 6857 7219 7220 7270 7271 7478 7554 8639 8712 8969 9005 9118 9546 9820 9838 9839 9840 9841 10149 10206 10249 10354 10388 10472 11605 11761 12429 12597 12765 12792 12857 12899 12900 13614 14233 14491 14753 15682 15687 17092 17719 
二 1113 1182 1270 1360 1361 1509 2188 2485 2486 2487 2488 2489 2490 2491 2492 2493 2494 2495 2496 2497 2498 2499 2500 2501 2502 2503 2504 2505 2506 2507 2508 2509 2510 2511 2512 2513 2514 2515 2516 2517 2518 2519 2520 2521 2522 4531 4794 4795 5609 5878 7450 8630 9512 9582 12601 12901 13923 13924 13925 13926 13927 13928 13929 13930 13931 13932 13933 13934 13935 13936 13937 13938 14119 15899 
于 1465 1511 1538 1567 1608 1698 1796 2189 2282 2349 2410 2523 2524 2525 2526 2527 2528 2529 2530 2531 2532 2533 2534 2535 2536 2537 2538 2539 2540 2541 2542 2543 2544 2545 2546 2836 2886 3087 3196 3283 3366 3373 3471 3474 3492 3512 3529 3643 3698 3732 3887 4206 4256 4463 4711 4723 5186 5230 5239 5250 5254 5291 5423 5514 5550 5559 5659 5918 6119 6147 6261 6303 6414 6425 6487 6555 6740 6936 7031 7278 7356 7373 7616 7653 8130 8181 8285 8302 8303 8308 8365 8479 8490 8534 8624 8711 8712 8814 8868 9059 9119 9259 9266 9540 9739 10234 10245 10331 10473 10545 10732 10734 10736 10757 10760 10773 10795 10798 10807 10889 11026 11368 11457 11671 11675 11719 11737 11739 11762 11817 11932 11933 12002 12144 12240 12247 12475 12747 12818 12836 12902 13041 13177 13183 13265 13391 13580 13830 13843 13952 13956 14054 14255 14469 14473 14589 14628 14720 14924 15156 15256 15369 15370 15491 15500 15501 15518 15802 15884 16216 16226 16273 16326 16331 16452 16467 16539 16559 16599 16604 16620 16670 16784 17046 17080 17210 17353 17381 17950 17951 
亏 1510 2547 2548 13160 14898 15264 15276 
云 2549 2550 2551 2552 2553 2554 2555 2556 2557 3484 5024 5306 6995 9147 10480 12003 13088 15344 15900 16214 16268 16710 17772 17773 17807 17992 18068 
互 2558 2559 2560 2561 2562 2563 2564 2565 2566 2567 2568 2569 2570 2571 2572 2573 2574 2575 2632 2633 2937 13225 13226 13227 13228 13229 13230 13231 13232 
五 1115 1311 1362 2387 2498 2499 2576 2577 2578 2579 2580 2581 2582 2583 2584 2585 2586 2587 2588 2589 2590 2591 2592 2593 2594 2595 2596 2597 2598 2599 2600 2601 2602 2603 2604 2605 2606 2607 2608 2609 2610 2611 2612 2613 2614 2615 2616 2617 4796 4797 4798 5573 10999 11515 13939 13940 13941 16360 
井 12093 18138 
亘 2618 
亚 1511 1839 2619 2620 2621 2622 2623 2624 2625 2626 3058 3065 5834 6283 6821 7580 8242 11841 12018 12929 13156 13360 15140 15452 17344 
些 1116 2439 2627 3284 4084 6482 16473 16600 
亟 2628 
亡 1512 2629 2630 6078 7032 9877 9878 9879 11458 11934 12039 16384 
交 1513 2190 2631 2632 2633 2634 2635 2636 2637 2638 2639 2640 2641 2642 2643 2644 2645 2646 2647 2648 2649 2650 2651 2652 2653 2654 2655 2656 2657 2658 2659 2660 6456 6457 6738 8723 8883 9236 10964 11633 13117 13233 13576 13831 14195 14196 
亥 2661 
亦 2662 2663 2664 2665 2666 2714 7012 8535 14813 
产 1975 2667 2668 2669 2670 2671 2672 2673 3846 3847 3848 3849 6996 9988 10008 10207 10208 11938 12837 12838 12839 12840 12841 12842 16116 16204 16205 16928 17952 
亨 2674 
亩 12924 
享 2675 2676 2677 2678 2679 2680 4318 14986 
京 2681 2682 2683 2684 4763 4764 4765 4766 4767 4897 4898 
亭 2685 2686 5591 6277 6545 
亮 2687 3677 5831 9752 10435 10719 12270 15989 
亲 2465 2688 2689 2690 2691 2692 2693 2694 2695 2696 2697 2698 2699 2700 2701 2702 2703 5776 11501 16406 
亵 2704 
人 1117 1119 1363 1364 1430 1453 1601 1775 1800 1862 1927 1928 1929 1930 1949 1950 2067 2104 2105 2109 2125 2440 2490 2524 2552 2705 2706 2707 2708 2709 2710 2711 2712 2713 2714 2715 2716 2717 2718 2719 2720 2721 2722 2723 2724 2725 2726 2727 2728 2729 2730 2731 2732 2733 2734 2735 2736 2737 2738 2739 2740 2741 2742 2743 2744 2745 2746 2747 2748 2749 2750 2751 2752 2753 2754 2755 2756 2757 2758 2759 2760 2761 2762 2763 2764 2765 2766 2767 2768 2769 2770 2771 2772 2773 2774 2775 2776 2777 2778 2779 2780 2781 2782 2783 2784 2785 2786 2787 2788 2789 2790 2791 2792 2793 2794 2797 2822 2923 2924 2925 2926 2927 2928 2929 2930 2931 2938 3039 3095 3119 3322 3323 3324 3346 3398 3565 3574 3644 3649 3671 3725 3747 3748 3792 3923 4085 4147 4230 4257 4258 4475 4532 4677 4767 4860 4966 4976 5063 5126 5187 5188 5305 5306 5307 5371 5483 5495 5540 5610 5630 5631 5839 5858 5976 6033 6137 6244 6384 6556 6665 6666 6711 6730 6827 6828 6910 6919 6967 7030 7105 7266 7297 7357 7387 7479 7480 7612 7681 7732 7761 7860 7887 7923 8010 8213 8214 8215 8216 8217 8331 8466 8498 8610 8817 8822 8866 8896 8979 8983 9060 9172 9221 9225 9483 9552 9744 9842 9868 9910 9972 9973 9974 10107 10154 10209 10460 10502 10566 10711 10725 10890 11013 11040 11410 11459 11512 11811 11898 11987 12013 12322 12571 12653 12724 12930 12970 12982 12983 13089 13127 13222 13343 13445 14025 14323 14464 14482 14510 14584 14585 14636 14773 14869 14932 15066 15079 15137 15466 15616 15698 15781 15790 15820 15924 15933 15974 16127 16154 16235 16355 16695 16744 17114 17126 17275 17342 17375 17594 17633 17782 17784 17795 17827 17828 17923 17953 17954 17955 18008 18094 18114 
亻 2795 
亿 2796 2797 2798 2799 
什 2800 7903 14189 
仁 1278 1752 2525 2801 2802 2803 2804 2805 2806 2807 2808 5551 7142 7555 8326 10586 12678 16186 
仄 16889 
仅 1514 2526 2809 2810 2811 2812 2813 2814 2815 2816 7946 16632 
仆 2817 
仇 2818 9373 
今 2818 2819 2820 2821 2822 2823 2824 2825 2826 2827 2828 2829 2830 2831 2832 2833 2853 5046 5047 5048 5308 5309 5310 5324 5329 5542 6871 6982 8327 8328 10413 12721 14904 16182 16348 16553 16554 17708 
介 1951 2834 2835 2836 2837 2838 3134 3304 6978 12429 13447 14657 15763 
仍 2839 2840 2841 2842 2843 2844 2845 
从 2526 2846 2847 2848 2849 2850 2851 2852 2853 2854 2855 2856 2857 2858 2859 2860 2861 2862 2863 2864 2865 2866 2867 2868 2869 2870 2871 2872 2873 2874 2875 2876 2877 2878 2879 2880 2881 3350 7634 7970 10210 10251 10436 10503 10818 15479 17774 
仑 10431 
仓 2882 
仔 2883 
仕 2884 2885 
他 2886 2887 2888 2889 2890 2891 2892 2893 2894 2895 2896 2897 2898 2899 2900 2901 7221 9557 9884 12420 14273 15942 
仗 2902 9237 
付 2903 2904 4650 8051 
仙 2905 2906 2907 5750 15821 
代 1118 1119 1319 1365 1440 1869 2580 2587 2908 2909 2910 2911 2912 2913 2914 2915 2916 2917 2918 2919 2920 2921 3000 3436 3610 3664 3790 3830 4207 4376 4533 5009 5065 5228 5242 5311 5312 5313 5428 5484 5569 5611 5626 5627 5733 5859 5981 7100 7143 7947 7948 7959 8329 8330 8331 8332 8333 9121 10130 10145 10366 10389 10390 10391 10392 10494 10689 10830 11684 12153 12722 12723 12724 12725 12726 12727 12728 12729 12742 13450 13571 13863 13900 13925 14586 16601 16602 16609 17572 17577 
令 2922 2923 2924 2925 2926 2927 2928 2929 2930 2931 9821 11513 11805 15008 16269 
以 1120 1224 1282 1515 1728 1776 1923 1952 1967 2398 2404 2445 2812 2840 2932 2933 2934 2935 2936 2937 2938 2939 2940 2941 2942 2943 2944 2945 2946 2947 2948 2949 2950 2951 2952 2953 2954 2955 2956 2957 2958 2959 2960 2961 2962 2963 2964 2965 2966 2967 2968 2969 2970 2971 2972 2973 2974 2975 2976 2977 2978 2979 2980 2981 2982 2983 2984 2985 2986 2987 2988 2989 2990 2991 2992 2993 2994 2995 2996 2997 2998 2999 3000 3001 3002 3003 3004 3005 3006 3007 3008 3009 3010 3011 3012 3013 3014 3015 3016 3017 3018 3019 3239 3426 3924 4621 4651 4652 5189 5801 6175 7000 7044 7556 7783 7802 7888 8052 8069 8304 8472 8748 8755 9374 9457 9552 9975 10176 10211 10212 10321 10504 10637 10680 10737 10891 12397 12426 12903 13587 13815 14177 14323 14483 14659 14660 14819 14862 14922 14944 15803 15822 15925 16168 16227 16274 16338 16504 16874 17024 17223 17394 17456 17457 17458 17459 17460 
仪 3020 3021 3022 3023 6954 8536 11384 13528 15243 17704 
们 2716 7302 13772 
仰 3024 3025 3026 3027 3427 3457 7180 9828 10575 11245 
仲 3028 3029 3030 15086 
件 1121 2466 2562 3031 3646 4438 6432 6488 8583 9976 10265 11017 11074 11510 11514 16633 16963 16999 17092 
价 2911 3032 3033 3034 3035 3036 3037 5105 7196 8119 11569 15764 
任 2106 2191 3038 3039 3040 3041 3042 3043 3044 3045 3046 3047 3048 3049 3050 3428 3619 4259 6458 9799 11190 12730 13926 16121 16122 16123 16124 17863 
份 1122 9061 11634 16385 16560 16964 
仿 3051 4516 9727 11287 13234 
企 1554 3052 3053 3054 3055 3056 
伊 3057 3058 3059 3060 3061 3062 3063 3064 3065 3066 3271 8246 11890 12551 15162 
伍 3067 3068 13706 17025 17295 
伏 3069 3070 3071 3072 8473 11838 16275 17551 
伐 3073 3074 11438 15673 
休 1516 3075 3076 3077 3078 5130 11664 16772 
众 1335 1753 2798 3079 3080 3081 3082 3083 3084 3085 3802 5251 5683 6557 6558 6559 6560 6561 7627 8016 8017 10332 10561 11583 14520 14521 14587 15035 15519 16901 16953 
优 3086 3087 3088 3089 3090 3091 3092 3093 3094 3095 3096 3097 3098 3099 3100 3101 3102 3103 3104 4928 4931 10032 14335 
会 1517 1754 1981 2634 2651 2717 2841 3105 3106 3107 3108 3109 3110 3111 3112 3113 3114 3115 3116 3211 3212 3285 3378 3829 3895 4118 4145 4364 4594 5066 5115 5116 5355 5612 5998 6138 6176 6852 7068 7197 7307 7453 7462 8107 8124 8145 8946 8998 9885 10041 10393 10892 10944 10945 11576 11965 12352 12766 13235 13538 13539 13540 13541 13542 13543 13544 13545 13546 13547 13548 13549 13550 13551 13552 13553 13554 13555 13556 13557 13558 13559 13577 13610 14667 14945 15926 16117 16590 16621 16634 17462 17624 17720 
伟 3117 3118 3119 3120 3121 7169 12819 17475 
传 2192 2910 2939 3100 3122 3123 3124 3125 3126 3127 3128 3129 3130 3131 3132 3133 3134 3135 3136 3137 3138 3139 3140 3141 3142 3143 3144 3145 3146 3147 3148 3149 3150 3151 5424 5860 6558 6997 7178 7279 7280 7281 7303 7745 8241 10213 10726 11646 11935 12674 12954 13236 13344 13613 15080 15617 16929 16930 
伤 1910 3152 3153 4421 5542 5805 8632 8846 10654 14076 
伦 2718 3154 3155 3156 3157 3158 3159 3160 3163 3274 5327 5834 9438 11891 11892 12019 12459 15006 17015 
伪 3161 13128 15265 15756 16512 
伯 3162 3163 3164 3165 3166 3167 3841 4699 5539 6872 6873 7581 7852 8255 9405 10090 14450 14451 15452 16254 17336 17341 17342 17643 
估 3168 3201 10271 15765 17081 
伴 3169 3170 3286 13237 14303 17158 
伸 3171 3172 7635 8122 8218 
伺 3173 
似 1518 3174 3175 3176 3177 3178 3179 3180 3181 3182 3183 3184 3265 3925 6858 6905 8366 8804 10634 13238 13239 13314 13578 14026 14731 16095 16603 16604 17041 17735 
伽 3185 3186 3187 
但 3188 3189 3190 3191 3192 3193 3194 
位 1123 1366 1367 1870 2118 3195 3196 3197 3198 3763 3892 4883 5051 5809 6177 7689 7880 9160 9805 10727 10893 11374 12309 13205 13482 13768 13807 13901 13943 13944 15266 16635 16965 17864 
低 3199 3200 3201 3202 3203 3204 3205 10693 16161 16471 17380 17947 17956 
住 1519 2986 3206 3207 3208 7628 9322 9335 10214 13634 13761 13847 16386 17614 
佐 3209 11891 16481 
体 1124 1125 1367 1931 1932 1953 1954 2068 2107 2108 2114 2719 2720 2866 2940 3135 3141 3210 3211 3212 3213 3214 3215 3216 3217 3218 3219 3220 3221 3222 3223 3224 3225 3226 3227 3228 3229 3230 3231 3232 3233 3234 3235 3236 3622 3749 3984 3985 3986 3987 3988 3989 3990 4319 4364 5263 5286 5552 5977 6504 6562 6563 6979 7222 7267 8367 8682 8756 8757 8758 8759 9900 9952 9953 9954 9955 10894 10895 11502 11666 11974 12464 12509 12784 13832 13833 13834 13835 13999 14253 14281 14522 14523 14689 14705 14820 14847 15316 15439 15440 15453 15586 15688 15823 16387 16388 16409 16445 16468 17493 17497 17498 17499 17879 
何 3039 3237 3238 3239 3240 3241 3242 3243 3244 3245 3246 3247 3248 3249 3250 3251 3252 4208 4209 4210 4211 10299 10728 
余 1375 1827 1828 2193 2194 3253 3254 3255 3256 3257 3258 3259 3260 3261 4081 4799 6489 10215 10729 11477 12215 15824 
佚 3262 3263 
佛 3051 3264 3265 3266 3267 3268 3269 3270 3271 3272 3273 3274 3275 3276 3277 3278 5822 
作 1520 1955 2195 2405 2633 2887 2918 2919 2924 2941 3096 3097 3123 3279 3280 3281 3282 3283 3284 3285 3286 3287 3288 3289 3290 3291 3292 3293 3294 3295 3296 3297 3298 3299 3300 3301 3302 3303 3304 3305 3306 3307 3314 3570 3698 3720 3988 4086 4260 4329 4422 4423 4424 4425 4426 4427 4428 4497 4577 4605 4678 4866 5052 5199 5316 5349 5372 5392 5515 5588 6459 6564 7081 7483 7510 7731 7732 7733 7734 7735 7736 7747 7762 7765 8053 8219 8334 8409 9020 9148 9149 9489 9748 9997 9998 10035 10036 10039 10401 10681 10768 11021 11038 11527 12402 12984 13031 13227 13315 13336 13396 13430 13519 13732 13953 13992 14502 14588 14987 14988 14997 15209 15430 15560 15587 16803 16852 17150 17387 17499 17649 17650 17889 
佞 6853 
你 3308 3309 3310 9092 
佤 3311 
佩 3312 3313 9928 17161 
佳 3314 3315 3316 8933 9225 10694 11052 
佾 3317 
使 1521 2821 2942 3318 3319 3320 3321 3322 3323 3324 3325 3326 3327 3328 3329 3330 3331 3332 3333 3334 3335 3336 3386 5012 6178 6565 6667 14923 15934 16636 16645 17655 17916 
侃 16016 
侈 6811 
例 1126 1368 1871 1933 2069 2152 2153 3337 3338 3339 3340 3341 3342 4231 4534 5435 7054 7223 8912 10202 10516 11411 11528 15087 15901 16637 16843 
侍 3343 3344 
侔 1522 
供 3345 3346 3347 3348 3349 5373 9648 10402 13681 
依 3350 3351 3352 3353 3354 3355 3356 3357 3358 3359 3360 3361 3362 3363 3364 3365 3366 3367 3368 3369 6179 6398 8247 13150 13228 13240 17949 
侠 3370 12212 
侣 3575 
侧 1872 3371 3372 3373 3374 3504 5444 7746 17388 
侯 15975 
侵 3375 3376 3733 
便 3377 3378 3379 3380 3381 3382 3383 3384 3385 6640 7312 8984 10155 11635 12340 15825 17421 
促 3386 3387 3388 3389 13229 
俄 3390 6283 15040 15454 
俊 3391 3392 3393 
俏 16258 
俑 3394 
俗 1801 1802 1803 2406 2527 3395 3396 3397 3398 3399 3400 3401 3402 3403 3404 3405 3406 3926 6983 8116 8117 11584 13540 14785 14981 16294 16785 16844 16845 16846 16847 16848 17484 17485 17775 17776 
俚 3406 
保 3407 3408 3409 3410 3411 3412 3413 3414 3415 3416 3417 3418 3419 3420 3623 6668 6943 11191 13488 
俞 3421 3422 
信 2925 3423 3424 3425 3426 3427 3428 3429 3430 3431 3432 3433 3434 3435 3436 3437 3438 4087 5374 5375 6253 6259 6741 7180 9150 9828 10437 12094 13129 13241 13351 13489 13532 15651 16745 17460 
俭 3439 
修 3440 3441 3442 3443 3444 3445 3446 3447 3448 3449 3450 3451 3452 3453 3454 3455 3456 10562 11335 14118 14119 16362 17301 17880 
俯 3457 3458 3459 
俱 1760 1910 3460 5449 
俸 3461 
倍 3462 3463 
倒 3464 3465 3466 3467 3468 5035 16372 16638 17763 
倘 3469 
候 2196 6621 8427 10779 11611 17257 
倚 3470 3471 3472 
借 3473 3474 3475 3476 3477 3478 3479 3480 6180 
倡 2854 3481 3482 3483 9649 16639 
倪 3484 
债 3485 16102 
值 3033 3034 3035 3036 3486 3487 3488 3489 3490 5105 8805 11569 
倾 3491 3492 3493 3494 3495 3496 3497 3498 3499 3500 3501 3502 4026 8683 
偃 3503 3504 
假 1523 3505 3506 3507 3508 3509 3510 6036 9238 13345 15009 15267 
偏 2943 3511 3512 3513 3514 3515 3516 3517 3518 3519 3520 3521 3522 3523 3524 3525 3526 3527 3528 3529 3530 3531 14151 
做 3532 3533 3534 3535 3536 3537 3538 3539 3540 3541 3542 3543 5362 13093 
停 3544 3545 3546 3547 
健 3548 3549 3550 3551 3552 4410 6700 16396 17126 17924 
偶 3553 3554 3555 3556 3557 4162 12706 13579 
偷 3558 
偿 15371 
傅 3559 3560 15502 
傍 3561 
傣 3562 
储 3563 8220 
傩 3564 
催 3565 3566 
傲 3567 3568 17925 17957 
傻 3569 
像 1524 2721 3554 3570 3571 3572 3573 6101 6338 6859 7784 8357 8401 10505 10788 11053 11375 12971 12985 13460 14697 14698 14888 17205 17516 
僚 7187 14814 
僧 3574 3575 7844 
僭 3576 
僮 7304 
僵 3577 3578 3579 3580 
僻 3581 
儋 3582 
儒 3583 3584 3585 3586 3587 3588 3589 3590 3591 3592 3593 3594 3595 11685 12416 12560 13130 13346 14796 16849 17367 18048 
儿 3549 3596 3597 3598 3599 3600 3601 3602 5363 6829 6911 7107 10149 16155 17006 17881 17882 
兀 3603 3604 3605 
允 3606 3607 3608 3803 
元 1127 1128 1369 2585 3609 3610 3611 3612 3613 3614 3615 3616 3804 3805 6385 6490 6491 6492 7144 8089 10670 10936 15976 
兄 3617 
充 3618 3619 3620 3621 3622 3623 3624 3625 3626 3627 3628 3629 3630 3631 3632 3633 3634 3635 3636 3637 3638 3639 4079 9275 12675 15372 
兆 3640 3641 3645 13062 
先 2070 2467 2855 3088 3642 3643 3644 3645 3646 3647 3648 3649 3650 3651 3652 3653 3654 3655 3656 3657 3658 3659 3660 3661 3662 3663 3664 3665 3666 3667 3668 3669 3670 3671 3672 3673 3674 4671 5053 8098 8579 8957 9151 10695 11234 12663 13568 13569 17721 
光 3675 3676 3677 3678 3679 3680 3681 3682 3683 3684 3685 3686 3687 3688 3689 3690 3691 3692 3693 3694 3695 3696 5537 5653 6776 8457 9800 10394 10490 10617 10618 11636 11936 12904 13189 13376 13510 14643 17302 17500 17777 18026 
克 2968 3697 3698 3699 3700 3701 3702 3703 3704 3705 3706 3707 3708 3709 3710 3711 3712 3713 3714 3715 4383 7803 7806 7810 7812 7837 7864 8528 10903 11806 11840 11848 11893 12195 14124 15219 15224 15992 16540 16580 16729 16966 17016 17017 17556 17883 17884 17885 18062 
免 1525 1562 3716 3717 3718 6160 7160 10855 16954 17461 17462 
兑 5903 16871 
兔 3719 3720 8474 
党 1975 3721 3722 3723 3724 3725 3726 3727 3849 6085 12651 17633 
兜 3728 
兢 3729 
入 1645 2837 3171 3730 3731 3732 3733 3734 3735 3736 3737 3738 3739 3740 3741 4254 4261 4353 4354 4384 4400 4442 4653 5000 6034 7426 7463 7722 8214 8221 8305 9235 9339 9671 9766 10682 11210 11439 11679 12095 12096 12097 12098 12099 12100 12187 12256 13485 13641 14190 14249 15317 15943 16259 16351 16420 16492 16581 16671 16817 16897 17413 17638 17992 
全 1526 2943 3407 3550 3742 3743 3744 3745 3746 3747 3748 3749 3750 3751 3752 3753 3754 3755 3756 3757 3758 3759 3760 3761 3762 3763 3764 3765 3766 3767 3768 3769 3770 3771 3772 3773 3774 3775 3776 3777 3778 3779 3780 3781 3782 3783 3784 3785 3792 3829 7122 7156 7157 7158 7159 7160 7971 9062 9956 10587 11480 13122 13123 18124 
八 1129 1317 1370 2384 2581 2607 3786 3787 3788 3789 3790 3791 3792 3793 3794 3795 3796 3797 3798 3799 3850 4792 4800 4801 4823 5864 10730 11350 
公 1527 2105 3800 3801 3802 3803 3804 3805 3806 3807 3808 3809 3810 3811 3812 3813 3814 3815 3816 3817 3818 3819 3820 3821 3822 3823 3824 5698 6138 6566 6669 7298 8091 8519 10020 10535 10536 11416 11697 11966 12260 12948 12949 13715 16179 16994 17211 18129 18133 
六 1130 1361 1373 2582 3825 3826 3827 3828 3829 3830 3831 3832 3833 3834 3835 3836 3837 3838 3839 3840 4802 4803 4804 5978 10087 13942 16055 
兮 14482 16362 
兰 3062 3063 3841 3842 3843 3844 4132 5761 5777 6814 11806 11839 14452 15135 16196 17886 
共 1131 1528 1529 1975 2742 3806 3845 3846 3847 3848 3849 3850 3851 3852 3853 3854 3855 3856 3857 3858 3859 3860 3861 3862 3863 3864 3865 3866 10796 17485 
关 1648 1761 2468 2791 2944 3349 3867 3868 3869 3870 3871 3872 3873 3874 3875 3876 3877 3878 3879 3880 3881 3882 3883 3884 3885 3886 3887 3888 3889 3890 3891 3892 3893 3927 4809 6567 7347 7348 8724 8802 9776 9848 10216 10217 10946 11894 12407 13242 13243 13541 14905 14906 15408 16524 17595 
兴 2381 2706 2926 3894 3895 3896 3897 3898 3899 3900 3901 3902 3903 3904 3905 3906 3907 3908 3909 5699 6078 6427 7589 8097 8985 8986 9524 10037 10108 10109 11644 11906 16276 17486 17855 17856 17958 
兵 3910 3911 3912 3913 3914 3915 6999 7481 8087 12905 14653 16341 
其 1612 1637 1755 1756 1956 2350 2945 3189 3240 3620 3916 3917 3918 3919 3920 3921 3922 3923 3924 3925 3926 3927 3928 3929 3930 3931 3932 3933 3934 3935 3936 3937 3938 3939 3940 3941 3942 3943 3944 3945 3946 3947 3948 3949 3950 3951 3952 3953 3954 3955 3956 3957 3958 3959 3960 3961 3962 3963 3964 3965 3966 3967 3968 3969 3970 3971 3972 3973 3974 3975 3976 3977 3978 3979 3980 3981 3982 4005 4262 4679 5144 5229 5486 5492 5600 5879 6035 6036 6148 6742 6768 7030 7464 7545 8098 8146 8335 8467 8509 8810 9063 9064 9843 9844 9845 10683 10827 11054 11055 11056 11090 11670 12614 12695 13412 13413 13733 13734 13771 13836 14821 14822 15145 15629 15689 15944 16180 16362 16488 16850 17455 17501 17682 
具 1132 2722 3983 3984 3985 3986 3987 3988 3989 3990 3991 3992 3993 3994 3995 4443 4476 4477 5966 6493 7737 9175 10638 10696 11057 12605 12839 12955 17621 17736 
典 3996 3997 3998 3999 4000 4001 5314 5315 5316 5317 5318 5319 5320 5321 7912 10113 13624 14274 14275 16505 17487 
兹 4002 4003 4242 5826 5827 8244 11892 14372 14373 17541 
养 3309 3442 3453 4004 4005 4006 4007 4008 4009 4010 6295 7069 9191 12074 12252 13171 14113 15188 17212 17595 
兼 4011 4012 4013 4014 4015 4016 4017 4018 4019 
兽 2946 4020 4021 4022 6568 12906 13669 17115 17116 18038 
冀 7853 
内 2197 2947 3066 3325 3724 3928 4023 4024 4025 4026 4027 4028 4029 4030 4031 4032 4033 4034 4035 4036 4037 4038 4039 4040 4041 4042 4043 4044 4045 4046 4047 4048 4049 4050 4051 4052 4053 4054 4055 5213 6070 6071 6127 6149 7114 7817 7838 9890 10333 12020 12021 14832 15520 17641 18075 
冈 4056 4936 4937 18069 
冉 4057 4058 
册 1133 1431 4059 5425 9206 
再 1134 1530 4060 4061 4062 4063 4064 4065 4066 4067 4068 4069 4070 4071 4072 4073 4074 4075 4076 4077 4078 
冒 4079 4080 
冗 4081 
写 2419 2770 3140 4082 4083 4084 4085 4086 4087 4088 4089 4090 4091 4092 4093 4094 4095 4096 4097 4098 4099 4100 4101 4102 4103 4104 4105 4106 4512 5516 6181 9152 9327 9636 9637 9728 9740 14400 16455 17082 
军 4107 4108 4109 4110 7465 8182 10668 
农 2620 4111 4112 4113 4114 4115 4116 4117 4118 4119 4938 6386 
冠 4120 4121 15364 
冤 4122 
冥 2267 4123 4124 4125 4126 4127 4128 
冬 4129 4130 4131 
冯 4132 4133 
冰 4134 4185 8458 8459 
冲 4135 4136 4137 4138 4139 4140 4141 4142 8928 
决 3646 4135 4143 4144 4145 4146 4147 4148 4149 4150 4151 4152 4153 4154 4155 4156 4157 4158 4159 4160 4161 4162 5230 6254 8415 8844 15588 15589 
况 4163 6354 8867 11529 12564 13353 
冶 4164 7039 17402 
冷 2741 4165 4166 4167 4168 4169 4170 7367 
冼 4171 4172 
净 1182 4173 4174 6670 7949 9282 11878 14178 
凄 4175 4176 
准 1531 4177 4178 4179 4180 4181 4182 4183 5876 6304 11152 11153 11637 13399 16804 
凉 1806 4175 4184 4185 15111 
凌 3106 3534 4186 4187 4188 4189 
减 1532 4190 4191 4192 4193 4526 10218 
凑 4194 
凝 4195 4196 4197 4198 4199 4200 4201 4202 
几 4203 4204 4205 4206 4207 4208 4209 4210 4211 4212 4213 4214 4215 4216 4217 4218 4219 4220 4221 4222 4223 4224 4225 4226 4227 4228 4407 4805 4806 4807 6860 6861 8112 13260 16605 
凡 1533 3190 4229 4230 4231 4232 4233 4281 7006 14829 16294 17596 
凤 2071 4234 4235 4236 8475 11164 18139 
凫 4237 4238 
凭 1727 3351 4239 4240 4884 
凯 4241 4242 4243 
凶 4244 4245 5538 
凸 4246 4247 4248 6757 
出 1135 1136 1453 1454 1455 1534 1746 1957 1981 2154 2469 2552 2763 2764 3150 3212 3287 3288 3535 3651 3750 4088 4246 4249 4250 4251 4252 4253 4254 4255 4256 4257 4258 4259 4260 4261 4262 4263 4264 4265 4266 4267 4268 4269 4270 4271 4272 4273 4274 4275 4276 4277 4278 4279 4280 4281 4282 4283 4284 4285 4286 4287 4288 4289 4290 4291 4292 4293 4294 4295 4296 4297 4298 4299 4300 4301 4302 4303 4304 4305 4306 4307 4320 4340 4385 4765 4977 5190 5376 5540 5553 5712 5722 5894 5927 5946 6218 6298 6340 6460 7105 7620 7621 7643 7972 8147 8218 8222 8225 8279 8476 8477 9303 9356 9465 9466 9484 9598 9625 9637 9641 9650 9651 9735 9756 9801 9808 9809 9846 10023 10043 10142 10334 10346 10463 10464 10517 10522 10530 10531 10960 11039 11040 11306 11653 11692 11705 11956 11987 12064 12275 12530 12606 12607 12731 12986 13125 13311 13316 13323 13806 13807 13808 14792 15404 15503 15650 15676 15945 16260 16295 16315 16337 16484 16493 16519 16582 16640 16739 16751 16818 16947 17990 
击 4136 4137 4138 4263 4308 4309 4310 5145 6056 7459 8068 9239 9240 9685 9794 9949 12213 12214 12592 12642 15427 16672 
凿 4311 4312 4313 13490 13801 15612 
刀 4314 4578 4589 8640 9340 
刃 12215 
分 1137 1174 1296 1371 1535 1542 1555 2198 2491 3621 3622 3623 3624 3625 3626 3627 3628 3851 3985 4212 4315 4316 4317 4318 4319 4320 4321 4322 4323 4324 4325 4326 4327 4328 4329 4330 4331 4332 4333 4334 4335 4336 4337 4338 4339 4340 4341 4342 4343 4344 4345 4346 4347 4348 4349 4350 4351 4373 4652 4780 4808 4809 4810 4811 5377 6483 6649 6671 6722 7345 8810 9065 11018 11069 11638 11877 12096 13109 13110 13244 13422 13542 14075 14226 14234 14245 14333 14415 14750 16561 16665 17000 17597 18088 
切 1138 1536 2690 2691 3870 3882 4352 4353 4354 4355 4356 4357 4358 4359 4360 4361 4362 4363 4364 4365 7346 7347 7348 7349 7350 8713 8806 8815 8947 12101 13491 14714 15415 16176 16732 16733 16734 17538 17951 
刊 4366 4367 4368 4369 4370 4595 5734 7070 9375 10720 10836 
刑 1913 4371 
划 4372 4373 4374 4375 4376 4377 4513 9486 9966 12842 15542 15646 15647 15648 
列 1251 1471 2948 4378 4379 4380 4381 4382 4383 4384 4385 4386 4387 4388 4389 4390 4391 4392 4393 4394 7827 7828 7973 8038 8148 8679 9558 10554 11978 14103 14104 14453 14589 17364 17887 
刘 4395 4396 4397 4398 4399 4400 4401 4402 4403 4404 4405 4406 4407 
则 1472 1707 1958 2351 2492 2723 4178 4408 5054 5055 5979 7224 7305 10177 10219 11246 11807 12218 14347 14373 15543 15544 15791 16851 
刚 4409 4410 4411 4412 4413 4414 4415 4416 4417 17127 17303 
创 2109 4063 4139 4418 4419 4420 4421 4422 4423 4424 4425 4426 4427 4428 4429 4430 4431 4432 4433 4434 4435 4436 4437 4438 4439 4440 5056 8149 8150 9998 10036 10769 12608 12609 14076 14988 15104 17083 17499 17650 
初 1432 2199 4441 4442 4443 4444 4445 4446 4447 4448 4449 4450 4451 4452 4453 5057 7145 10697 
删 4454 
判 4455 4456 4457 4458 4459 4460 5778 7259 9295 9296 15766 
刨 4461 
利 1537 1538 2451 2674 3058 3186 3379 3624 3699 4027 4462 4463 4464 4465 4466 4467 4468 4469 4470 4471 4472 4473 4474 4632 4633 4634 4639 5589 5880 5899 5956 6494 6569 6815 6873 8528 8620 8714 8960 9599 10731 10732 10975 10977 11530 11531 11558 11840 11841 13161 13652 14016 14179 14732 14930 15126 15159 15452 15504 16327 17557 17608 17683 17684 
别 1934 2200 2555 3042 4321 4464 4475 4476 4477 4478 4479 4480 4481 4482 4483 4484 4485 4486 4487 4781 4836 5726 6072 7777 8725 8726 8727 8728 9675 10147 10733 10734 10770 11926 12536 12537 13659 13665 14027 15782 
刮 4488 
到 1139 1539 1863 1959 2433 2635 2696 2724 2846 2860 3124 3289 3536 3629 4412 4489 4490 4491 4492 4493 4494 4495 5252 5253 6010 6305 6429 7071 7378 8310 8318 8468 8478 8807 8919 8948 8987 9003 9014 9025 9153 9304 9652 9802 10856 12190 12610 12635 12907 13202 13312 13317 13506 13954 14055 15200 15505 15642 15946 15999 16030 16162 16277 16316 16421 16541 16673 16761 16773 16781 16902 16943 17729 17731 
制 1157 1777 1778 2569 3213 3700 3818 4496 4497 4498 4499 4500 4501 4502 4503 4504 4505 4514 4958 5036 5254 6039 6428 6429 6430 7734 7821 7974 8087 8282 8283 8358 8368 9241 9326 9385 9595 9779 9900 10272 10842 10947 11075 11504 12531 13511 13529 13543 13678 13850 13959 14006 14038 14281 14317 14401 14823 15010 15804 16017 16596 16904 17382 17383 18049 
刷 4959 9525 
刹 4506 
刺 4507 4508 4509 4510 12102 14484 15745 
刻 4511 4512 4513 4514 4515 4516 4517 4518 4519 4520 4521 4522 4523 10395 10843 12103 12104 12105 12106 12107 14097 17517 17518 
刽 4524 
剂 4525 
削 4526 4527 4528 4570 4571 
前 1502 2201 2949 3546 3805 4529 4530 4531 4532 4533 4534 4535 4536 4537 4538 4539 4540 4541 4542 4543 4544 4545 4546 4547 4548 4549 4550 4551 4552 4553 4554 4555 4556 4557 4558 4559 4560 4561 4562 4563 4978 5426 5427 5428 5435 5644 6314 6570 6874 6875 6876 7950 8336 9705 10623 11412 12353 12843 13131 13190 13191 13377 13785 14744 15059 15594 17243 17622 
剑 4564 4565 4566 5856 15521 
剔 9504 
剖 4567 4568 15590 15591 15592 
剥 4569 4570 4571 4572 4573 4574 
剧 2682 3602 3613 4575 4576 4577 4578 4579 4580 4581 4582 4583 4584 4585 4586 4587 5416 5928 8021 8402 8847 8848 8849 8851 8909 9050 9051 10110 10965 11351 12963 13873 14402 14946 15878 16453 16717 16805 17272 
剩 4588 14287 
剪 4589 4590 4591 4592 
副 1140 3751 4213 4593 4594 4595 4596 
割 1555 4597 4598 4599 18088 
剽 4600 
劈 4601 
力 1540 1632 1829 3636 3751 3853 4055 4073 4137 4198 4434 4457 4602 4603 4604 4605 4606 4607 4608 4609 4610 4611 4612 4613 4614 4615 4616 4617 4635 4680 4696 4703 5037 5058 5517 5614 6196 6461 6571 6792 7108 7225 7590 7822 8223 8256 8258 8292 8404 8479 8520 8818 8915 8923 8992 8994 9008 9126 9460 10156 10616 10735 10976 11058 11495 11858 11911 12296 12361 12643 12838 12849 12870 13385 13386 13804 13866 14056 14077 14275 14754 14870 14924 15387 15524 15937 15954 16388 16735 16823 16852 17494 17553 17917 17937 17959 18009 18016 
劝 4618 4619 4620 4621 4622 4623 4624 4625 4626 4627 
办 2155 4628 4629 6862 
功 2202 2449 3929 4630 4631 4632 4633 4634 4635 4636 4637 4638 4639 4640 4641 4642 4643 4644 4645 4646 4647 6315 6777 7385 8131 8132 8712 8714 8729 9066 11612 16149 16192 17707 
加 1541 1542 2636 4064 4358 4648 4649 4650 4651 4652 4653 4654 4655 4656 4657 4658 4659 4660 4661 4662 4663 4664 4665 4666 4667 4668 4669 5098 5293 6363 6462 6572 7546 7785 7975 8284 8285 8521 8934 9154 10111 10212 10639 11300 11552 13756 15022 17084 17354 18063 
务 1830 3040 3485 3807 4670 4671 4672 4673 5904 7306 7526 8337 10819 11190 11880 16118 
劣 3089 
动 1141 1543 2110 2111 2112 2203 2204 2563 2590 2950 3387 3628 4140 4674 4675 4676 4677 4678 4679 4680 4681 4682 4683 4684 4685 4686 4687 4688 4689 4690 4691 4692 4693 4698 5058 5146 5264 5852 6966 7261 7306 7482 7483 8151 8277 8653 8868 8949 8988 9292 9452 9505 9600 9703 9780 9879 10042 10625 11045 11649 11912 11937 11938 12061 12321 12322 12362 12844 12845 12955 13552 13580 13742 14524 14590 14755 14756 14824 15181 15327 15345 15416 15417 16366 16377 16445 16448 16449 16589 16590 16591 17090 17918 17934 
助 2564 3352 3353 3473 3474 4694 4867 7884 10736 11671 16234 16235 16482 
努 1632 3853 4695 4696 6182 
劫 4820 11990 
励 4716 12323 14825 18115 
劲 3326 8286 16278 
劳 1142 4636 4697 4698 4699 4700 7306 10100 10180 17090 
势 2205 3090 3930 4701 4702 4703 4704 4705 4706 4707 4708 4928 4931 5196 6573 6951 8369 8596 8668 8772 8818 10120 11613 14335 15662 16261 16328 17085 
勃 3155 4709 15237 15238 
勇 2167 4710 4711 4712 4713 4714 4715 10587 15072 15073 15506 
勉 4622 4716 4717 
勋 3611 
勒 1863 4718 4719 4720 4721 4722 4727 4861 7629 7857 7881 9886 11869 14017 
勤 4723 4724 4725 4726 
勰 4396 4397 4398 
勾 4727 4728 
勿 4729 4730 5086 
匀 4731 4732 
包 4733 4734 4735 4736 4737 4738 4739 4740 4741 4742 4743 4744 4745 4850 10247 
匆 4746 
化 1125 1128 1774 1802 1831 1845 1848 1929 1932 1936 1976 1998 2026 2572 2622 3027 3091 3092 3226 3399 3577 3587 3772 3986 3998 4174 4322 4747 4748 4749 4750 4751 4752 4753 4754 4755 4756 4757 4758 4759 4760 4761 4831 5210 5265 5300 5397 5554 5900 5907 6094 6444 6463 6491 6520 6559 6560 6807 6836 7072 7205 7240 7420 7766 7820 7942 7993 8117 8183 8274 8287 8377 8390 8730 8739 8879 8974 8989 9313 9394 9829 9887 9977 9978 9979 9980 9981 9982 9983 9984 9985 9986 9987 9988 9989 10338 10556 10568 10862 10966 11290 11588 11751 11819 11829 11845 12083 12108 12276 12277 12278 12303 12324 12483 12510 12725 12772 12776 12785 12977 13423 13448 13544 13582 13692 13752 13834 13979 13981 14029 14072 14107 14235 14336 14485 14555 14989 15318 15357 15401 15544 15554 15716 15826 16185 16422 16674 16675 16676 16698 16774 16845 16875 17152 17376 17634 17685 17778 17912 
北 1856 4762 4763 4764 4765 4766 4767 4768 4769 4770 4771 4772 4773 4774 4775 4899 4900 12232 12931 
匙 17159 
匚 4776 
匠 7738 
匡 4777 18135 
匪 15171 
匮 4778 
匹 2206 6821 6822 9026 
区 1542 1977 4779 4780 4781 4782 5834 5901 6183 7818 10770 11768 13197 13560 13635 14864 15927 
医 4783 4784 4785 
十 1318 1319 1372 1373 1374 1379 1544 2493 2494 2495 2496 2497 2498 2499 2500 2583 2584 2585 2586 2587 3789 3790 3830 4214 4786 4787 4788 4789 4790 4791 4792 4793 4794 4795 4796 4797 4798 4799 4800 4801 4802 4803 4804 4805 4806 4807 4808 4809 4810 4811 4812 4813 4814 4815 4816 4817 4818 4819 4820 4821 4822 4823 4824 4825 5980 5981 5982 9938 11532 13109 13927 13943 13944 16360 
千 1143 1199 1221 1375 1867 1873 2588 3022 3831 4215 4826 4827 4828 4829 4830 4831 4832 4833 4834 4835 4836 4837 4838 4839 4840 4841 5498 5983 9067 9939 11623 15521 
升 1433 4842 4843 4844 4845 4846 9653 16296 16342 
午 4847 4848 
半 1144 1434 1435 1473 1840 3041 3797 4535 4849 4850 4851 4852 4853 4854 4855 4856 4857 6484 6495 6540 7747 11870 15455 16535 
华 1960 1961 1962 1963 2951 4844 4858 4859 4860 4861 4862 4863 4864 4865 5225 7185 7364 7951 9990 10671 10672 10941 12004 12466 14057 14510 15456 16140 16181 17128 
协 4866 4867 4868 4869 4870 4871 6928 7307 
卑 4872 14826 17337 
卒 4873 
卓 4874 4875 4876 4877 4878 
单 1545 4879 4880 4881 4882 4883 4884 4885 4886 4887 4888 4889 4890 4891 11546 13205 13980 13981 15655 
卖 3533 4892 4893 4894 
南 1856 2551 2552 2553 4862 4895 4896 4897 4898 4899 4900 4901 4902 4903 4904 4905 4906 4907 4908 4909 4910 4911 5365 6288 7695 11776 11967 12022 12090 12233 12931 14256 14591 15457 17332 
博 4912 4913 4914 4915 4916 4917 4918 4919 4920 4921 4922 4923 4924 6079 7092 8012 8466 10184 
卜 4925 15186 
占 3375 4926 4927 4928 4929 4930 4931 4932 4933 
卡 4934 4935 4936 4937 4938 4939 4940 4941 4942 4943 4944 7133 11202 13890 14120 
卢 4945 4946 4947 
卦 4948 
卧 4949 4950 4951 
卫 3408 4536 4952 4953 6574 
卯 4954 11282 
印 4955 4956 4957 4958 4959 4960 4961 4962 4963 4964 4965 4966 4967 4968 4969 4970 4971 4972 5294 5322 5904 6431 6432 6433 9422 9559 11808 11887 12395 14781 17086 
危 2056 4973 4974 7123 7663 11400 14282 
即 4975 4976 4977 4978 4979 4980 4981 4982 4983 4984 4985 4986 4987 4988 4989 4990 4991 6289 7226 7759 12846 13758 15827 
却 4992 4993 4994 4995 4996 4997 4998 6743 8614 16775 
卷 1436 1474 2501 4999 5000 5001 13902 13917 13928 13940 13947 
卿 3808 3876 5002 
厄 4913 5003 
厅 5004 5005 5006 9978 17833 
历 1336 1757 1930 1985 2701 5007 5008 5009 5010 5011 5012 5013 5014 5015 5016 5017 5018 5019 5020 5021 5022 5023 5024 5025 5026 5027 5028 5029 5030 5031 5032 5033 8033 12216 14276 17279 
厉 1914 2952 5034 8002 
压 5035 5036 5037 5038 5039 5040 5041 11342 11343 13719 15418 
厌 1546 5042 5932 6496 
厘 5043 5044 
厚 1832 2041 2207 2804 5045 5046 5047 5048 5049 6255 8265 8481 8625 9923 10997 11979 12109 12200 17967 
原 1964 3931 5050 5051 5052 5053 5054 5055 5056 5057 5058 5059 5060 5061 5062 5063 5064 5065 5066 5067 5068 5069 5070 5071 5072 5073 5074 5075 5076 5077 5078 5079 5080 5081 5082 6316 6434 7388 7636 7913 8884 10219 11192 11224 16622 17960 
厦 6575 
厨 5083 
厮 5084 
去 1437 1470 1475 1547 1965 1966 2725 5085 5086 5087 5088 5089 5090 5091 5092 5093 6184 6573 6623 6744 7591 8152 9580 9627 10588 11460 11909 13032 13302 13310 13660 14361 14933 16562 16677 16696 16959 17390 
县 1852 4863 5094 5095 10821 14740 
参 5096 5097 5098 5099 5100 5101 5102 5103 5104 5105 5106 5107 5108 5109 5110 5111 5112 5113 5114 
又 1967 5115 5116 5117 5118 5119 5120 5121 5122 5123 9024 
叉 2637 2638 
及 1476 1548 1554 2208 3053 4012 4541 4610 5124 5125 5326 6282 9601 9654 10555 10556 10828 10857 12059 12941 15495 15605 15717 16031 17258 17699 
友 3255 4132 5126 5127 5128 9120 10816 11126 
双 1145 5129 5130 5131 5132 5133 5134 5135 5136 5137 5138 5139 5140 5141 5142 10587 
反 1146 1762 2505 5143 5144 5145 5146 5147 5148 5149 5150 5151 5152 5153 5154 5155 5156 5157 5158 5159 5160 5161 5162 5163 5164 5165 5166 5167 5168 5169 5170 5171 5172 5173 5174 5175 5176 5177 5178 5179 5180 5181 6185 8294 11376 11377 12518 13245 13246 16776 17495 
发 1147 1281 2953 3625 3896 3901 4264 4265 4290 4367 5182 5183 5184 5185 5186 5187 5188 5189 5190 5191 5192 5193 5194 5195 5196 5197 5198 5199 5200 5201 5202 5203 5204 5205 5206 5207 5208 5209 5210 5211 5212 5213 5214 5215 5216 5217 5218 5219 5220 5221 5222 5223 5687 5688 5945 6763 6793 7999 8153 8224 8225 8869 8990 9197 9242 9328 9847 10065 10674 10765 11543 12325 12414 12454 12455 12847 13039 13809 14827 15182 15238 15606 15935 16556 16623 16678 16751 17284 17539 17824 
叔 5224 5225 
取 1646 1729 2450 2954 4013 5226 5227 5228 5229 5230 5231 5232 5233 5234 5235 5236 5237 5238 5239 5240 5241 5242 5243 5244 5245 5246 5247 5248 5378 5379 5485 5684 5707 6773 7558 8370 9155 9267 9655 9743 10183 10967 11572 11672 11718 12611 12636 14936 15167 16679 16806 17052 17053 
受 1549 1943 2678 2955 3463 3718 5249 5250 5251 5252 5253 5254 5255 5256 5257 5258 5259 5260 6237 6306 8439 8782 8991 8992 8993 9156 9305 9583 9584 10698 12110 14277 14986 15225 17722 17737 
变 1550 2209 4579 4831 5210 5261 5262 5263 5264 5265 5266 5267 5268 5269 5270 5271 5272 5273 5274 5275 5276 5277 5278 5279 5280 5281 5282 5283 6445 6497 6498 6993 7766 7786 9781 10112 10858 11939 12177 12279 13810 14592 15053 15293 15308 16137 16423 17122 17773 
叙 3125 5284 5285 5286 5287 5288 5289 5290 17180 17502 
叛 5147 5291 5292 16796 
叟 2374 
叠 5293 5294 17087 
口 1438 2210 3207 3932 4355 5295 5296 5297 5298 5299 5300 5735 6624 7389 8257 10824 11721 12264 13818 14773 17244 
古 1337 1439 1440 1968 2618 4832 4833 4834 5047 5048 5301 5302 5303 5304 5305 5306 5307 5308 5309 5310 5311 5312 5313 5314 5315 5316 5317 5318 5319 5320 5321 5322 5323 5324 5325 5326 5327 5328 5329 5330 5331 5332 5333 5334 5335 5336 5337 5338 5339 5340 5341 5342 5343 5344 5542 6435 6436 6709 8660 9255 10017 10113 10476 11470 13174 14572 14573 14828 15112 15226 15894 16182 16697 16698 17708 
句 1148 1329 1874 2352 4216 5345 5346 5984 9564 13856 15753 15828 16641 17259 17448 
另 5347 5348 5349 5350 
叩 5351 5352 
只 1149 1875 2811 5353 5354 5355 5356 5357 5358 5359 5360 5361 
叫 1551 5362 5363 5590 
召 5364 5365 5366 5367 5456 8994 13247 
可 1150 1552 1553 1554 1555 1556 1557 1558 1559 1560 1561 1562 2663 4266 4637 5231 5368 5369 5370 5371 5372 5373 5374 5375 5376 5377 5378 5379 5380 5381 5382 5383 5384 5385 5386 5387 5388 5389 5390 5391 5392 5393 5394 5395 5396 5397 5398 5399 5400 5401 5402 5403 5404 5405 5406 5407 5408 5409 5410 5411 5412 5413 5929 7345 7381 7547 7556 7592 7979 8575 8884 10157 10220 10221 10222 10302 10308 13266 13351 14433 15658 17010 17423 17599 
台 1876 1977 2340 3534 5021 5414 5415 5416 5417 5418 5419 5613 5671 11413 12206 12956 12964 13083 14947 14948 17304 
史 1978 1985 3443 3590 4420 4537 4750 5010 5011 5012 5013 5014 5015 5016 5017 5018 5019 5020 5021 5022 5023 5024 5194 5312 5323 5420 5421 5422 5423 5424 5425 5426 5427 5428 5429 5430 5431 5432 5433 5434 5435 5436 5437 5438 5439 5440 5441 5889 7078 7506 8332 8684 9830 9979 9991 9999 10018 10063 10737 10929 10968 11378 13545 13693 14283 14320 14495 14503 14990 15139 15699 15767 15829 16591 16675 
右 5442 5443 5444 5445 5446 5447 7744 7748 7749 7750 8105 
叶 1473 1969 4444 5448 5449 5450 5451 5452 5453 5454 5985 10878 11104 11105 11146 11265 15201 
号 3266 3429 4377 5297 5455 5456 5457 5458 5459 5762 7019 10025 10197 10837 13892 13893 13894 14403 
司 3809 5460 5461 5462 5463 5464 5465 5466 5467 5486 13625 
叹 5468 5469 5796 5797 5802 8897 8995 9035 11273 17129 
叼 5470 
吁 5471 5763 
吃 1563 2927 5472 5473 5474 5475 5476 5477 
各 1813 5478 5479 5480 5481 5482 5483 5484 5485 5486 5487 5488 5489 5490 5491 5492 5493 5494 5495 5496 5497 5498 5499 5500 5501 5502 5503 5504 5505 5506 5507 5508 11331 11333 12511 17791 
合 1564 1565 1722 2639 2755 3092 3107 3871 4126 4194 4323 4329 4356 4751 5509 5510 5511 5512 5513 5514 5515 5516 5517 5518 5519 5520 5521 5522 5523 5524 5525 5526 5527 5528 5529 5530 5531 5532 5533 5534 5535 5577 5715 6231 6437 6438 6576 6666 6798 7350 8859 9957 9958 10606 12143 12251 13231 13248 13250 13278 13282 13283 13661 13662 13895 13896 14128 14224 14304 14385 14386 14387 14641 14666 14667 14679 15319 16096 16584 16786 16852 17026 17503 
吉 3354 5536 5537 5538 5539 5540 5541 6331 8242 10823 
吊 5542 
同 1278 1566 1567 1568 1602 1640 1687 1753 1754 1970 2211 2528 3108 3766 3852 3853 3854 3855 4868 4869 5478 5543 5544 5545 5546 5547 5548 5549 5550 5551 5552 5553 5554 5555 5556 5557 5558 5559 5560 5561 5562 5563 5564 5565 5566 5567 5568 5569 5570 5571 5572 5573 5574 5575 5576 5577 5578 5579 5580 5581 5582 5583 6186 6320 6577 6578 6643 6877 7109 7159 7967 7976 8184 8194 9134 11533 11670 12144 13249 13955 13956 14486 14593 15659 16329 16642 16727 17540 17598 17599 
名 1151 1950 2072 2451 2912 3263 4267 4638 4639 4641 5457 5555 5584 5585 5586 5587 5588 5589 5590 5591 5592 5593 5594 5595 5596 5597 5598 5599 5600 5601 5602 5603 5604 5605 5606 5769 6187 6399 6400 7198 9068 9287 10221 10738 10739 13178 13414 15144 15145 15210 17750 17961 18125 
后 1971 2212 2420 2470 2823 2956 3647 3933 4538 5607 5608 5609 5610 5611 5612 5613 5614 5615 5616 5617 5618 5619 5620 5621 5622 5623 5624 5625 5626 5627 5628 5629 5630 5631 5632 5633 5634 5635 5636 5637 5638 5639 5640 5641 5645 5654 6166 7787 8422 8935 9282 10699 11414 11461 11809 12261 13147 13779 14594 14721 14862 15202 16777 17035 17422 18070 
吏 7188 
吐 5665 
向 1569 1972 2213 3172 3493 3494 3495 3514 3934 4028 4268 4558 5148 5232 5642 5643 5644 5645 5646 5647 5648 5649 5650 5651 6188 6464 7438 8226 8537 8608 8683 8950 8951 9341 9485 9602 9603 10158 10159 11301 11324 12257 12693 12931 13722 14193 14929 15480 16262 16263 16330 16331 16352 16424 16746 16797 16853 17623 17624 
吕 5652 5653 5654 5655 5656 
吗 13387 14602 
君 1158 2471 2472 2550 3438 3648 5657 5658 5659 5660 5661 5662 5663 5861 6073 6984 7541 10740 
吝 1570 5664 
吞 5665 11614 
吟 5666 5667 5668 5759 9010 9094 
吠 12590 
否 1556 3771 5669 5670 10222 10506 14757 14907 
吧 5671 13318 17036 
含 4029 4734 5672 5673 5674 5675 5676 5677 5678 5679 5680 5681 8054 12297 14810 15245 15246 17436 17849 
听 5682 5683 5684 5685 6944 
启 5686 5687 5688 5689 5690 5691 5692 5693 5694 8457 11232 
吴 5695 5696 5697 5698 5699 5700 5701 5702 5703 5704 
吵 5705 
吸 5706 5707 5708 5709 5710 5711 5764 
吹 5712 5713 5714 17779 18116 
吻 5715 13250 
吼 8673 
吾 4089 5591 5716 5717 13347 13874 14374 17600 17601 
呀 7110 
呆 5718 5719 8898 13073 
呈 5720 5721 5722 5723 5724 8190 14204 
告 3810 4623 5725 5726 5727 5728 7268 7282 8013 8014 9376 9377 15636 
呐 5729 5730 
呕 2924 
员 1152 2109 2726 4681 5178 5731 7732 9069 9737 12280 
呢 1973 2441 13132 15346 
周 1153 1841 3083 5700 5732 5733 5734 5735 5736 5737 5738 5739 5740 5741 5742 5743 5744 5745 5746 5747 5748 5749 5750 5751 5752 5753 5754 5755 5905 5986 11489 11515 12128 15458 
味 1154 1401 2214 2344 2683 3204 3214 3897 3935 5075 5298 5667 5756 5757 5758 5810 7427 8952 8953 8954 10741 12253 14244 14636 15819 16334 16335 17669 17780 17855 17857 
呻 5759 
呼 4538 5708 5760 5761 5762 5763 5764 5765 5766 5767 8899 13203 14747 
命 2215 2668 3173 3327 3328 3693 5012 5255 5768 5769 5770 5771 5772 6672 7140 7335 8731 10010 11582 12848 12849 12850 12851 14829 14925 16218 16389 17213 17632 17633 17634 17635 17636 
咀 5773 5774 5775 
和 2375 2727 2728 3329 3725 3726 4606 5163 5324 5325 5556 5776 5777 5778 5779 5780 5781 5782 5783 5784 5785 5786 5787 5788 5789 5790 5791 5792 5793 5794 6549 7476 7914 8262 8455 8760 9822 10355 10977 11132 12196 12809 13133 15330 16018 16044 17309 17850 18139 
咎 3077 
咏 4235 5573 5795 5796 5797 6398 9848 11352 
咒 5774 
咨 5798 
咬 5799 
哀 5800 5801 5802 5803 5804 5805 5931 8850 15127 15157 
品 2669 2670 2729 2919 3096 3290 3291 3400 4498 4959 5316 5806 5807 5808 5809 5810 5811 5812 5813 5814 5815 5816 5817 5818 5819 5820 5906 5907 5908 6430 7484 7485 7644 7743 8409 9772 9997 10035 12051 12512 12756 12908 14058 14236 14244 14502 14987 14991 15217 15830 17520 17649 
哂 5821 
哈 5822 5823 5824 5825 5826 5827 5828 5829 7829 12809 15163 
哉 4994 8641 8835 
响 2640 2641 5149 5830 5831 6011 8294 8403 8404 12104 13230 16109 17656 17657 
哗 5832 5942 
哙 5833 
哥 5834 5835 5836 11556 14557 15022 
哨 15033 
哭 5837 
哲 1376 2774 2775 2856 5838 5839 5840 5841 5842 5843 5844 5845 5846 5847 5848 5849 5850 9991 10438 14871 15467 16913 
哺 5851 5852 5853 
哼 5854 
唇 5131 5855 5856 
唐 3752 5857 5858 5859 5860 5861 5862 5863 5864 5865 5866 5867 5868 5869 5870 5871 10546 13179 15113 17403 17416 17418 17744 
唤 5366 5765 5872 5873 
售 3728 17186 17187 17188 
唯 1571 5013 5874 5875 5876 5877 5878 5879 5880 5881 5882 5883 5884 5885 5886 5887 5888 5889 5890 5891 5892 7272 16525 16526 
唱 4834 5518 5893 5894 5895 5896 5897 5898 6576 7390 8278 11353 12281 12612 12613 15700 16317 17723 17962 18126 
商 2421 4291 5899 5900 5901 5902 5903 5904 5905 5906 5907 5908 5909 5910 5911 5912 5913 6386 16854 
啦 4601 
啪 4601 
啸 17214 
啻 1572 
啼 5914 18044 
啾 4165 5915 
喀 17333 
喃 5916 
善 2857 3936 5646 5779 5917 5918 5919 5920 5921 5922 5923 5924 6579 7161 7593 9782 12614 13348 13349 14487 
喊 5730 
喔 5925 
喜 1573 3856 5381 5926 5927 5928 5929 5930 5931 5932 5933 5934 5935 5936 5937 6580 6747 8851 11319 11323 12576 13134 16453 
喝 5938 5939 8339 10073 
喟 5940 8996 
喧 5941 5942 5943 5944 
喷 5945 5946 
喻 1711 4620 5947 5948 5949 7308 9656 11957 17437 
嗅 5950 
嗜 5951 5952 5953 
嗟 5954 
嗣 13837 
嘉 5955 5956 5957 11659 
嘲 2888 5958 5959 5960 
嘴 5961 5962 
噍 5963 
器 2073 2353 4666 5964 5965 5966 5967 5968 5969 6581 8360 8371 10135 10136 10365 10366 10844 10948 11443 12871 13449 13450 14242 15783 17027 17404 17938 
噱 5970 
噶 10092 
嚼 5775 6878 
囊 5971 10589 10590 
四 1155 1374 1377 1378 1379 2502 2589 2590 3937 4380 4812 4813 4814 5862 5972 5973 5974 5975 5976 5977 5978 5979 5980 5981 5982 5983 5984 5985 5986 5987 5988 5989 5990 5991 5992 5993 5994 5995 5996 5997 5998 5999 6000 6001 6002 6003 6004 6005 6006 6007 6008 7935 10088 11415 13945 13946 13947 13948 14556 
回 1156 5736 6009 6010 6011 6012 6013 6014 6015 6016 6017 6018 6019 6020 6021 6022 6023 6024 6025 6026 6027 6028 6029 6030 6031 9803 11022 11758 13118 13918 15483 16442 16614 17757 
因 2141 2216 2469 3109 3711 3753 4030 4682 4885 5060 5132 5504 6032 6033 6034 6035 6036 6037 6038 6039 6040 6041 6042 6043 6044 6045 6307 6465 7788 9070 9439 10507 11192 11379 12460 14120 14257 15163 16279 16929 
团 4580 6046 6047 6048 10590 13561 13562 14353 17389 17504 
园 2354 3811 6049 6739 7073 7309 12925 14079 15027 
困 3959 5233 6050 6051 6052 6053 6054 9709 
围 3912 4735 4850 5737 6055 6056 6057 6058 6059 6060 9985 11627 15088 
固 6061 6062 6063 6064 6065 6066 6067 6256 7771 11196 12500 12758 12759 16497 17696 
国 1157 1158 1380 1381 1382 1974 1975 1976 1977 1978 1979 1980 1981 1982 1983 2630 2730 3390 3754 3755 3792 4109 4893 5221 5487 6037 6068 6069 6070 6071 6072 6073 6074 6075 6076 6077 6078 6079 6080 6081 6082 6083 6084 6085 6086 6087 6088 6089 6090 6091 6092 6093 6094 6095 6096 6097 6150 6439 6440 6466 6673 7124 7177 7391 7870 8133 8154 8522 9095 9121 9122 10017 10493 10896 11331 11333 11789 11790 11810 11811 12412 12461 12462 12676 13570 13896 14462 14488 15074 16615 16978 
图 1441 1477 3054 3761 4607 5443 5766 5880 6098 6099 6100 6101 6102 6103 6104 6105 6106 6107 6108 6109 6110 6111 6112 6113 6114 6115 6116 6117 6118 6189 6717 6793 7170 7854 8563 8955 9672 9878 11076 11116 13982 14775 15805 17344 17355 
囿 6119 
圆 4269 6120 6121 6122 6123 6124 6125 6126 9849 
圈 3678 6120 6127 6128 6129 9980 
土 2074 3734 3938 4270 6130 6131 6132 6133 6134 6135 10897 17781 17782 18071 
圣 6136 6137 6138 6139 6140 6141 6142 6143 6144 6674 13581 13582 15831 17129 
在 1159 1575 2745 2875 2889 3380 3887 3888 4031 4032 4408 4704 5115 5191 5832 6047 6062 6145 6146 6147 6148 6149 6150 6151 6152 6153 6154 6155 6156 6157 6158 6159 6160 6161 6162 6163 6164 6165 6166 6167 6168 6169 6246 6415 6467 7033 7034 7035 7227 7273 7531 7557 8372 8538 8580 8581 8609 8761 8956 8957 9083 9157 9704 9705 9804 9805 10248 10370 10683 11090 11380 11913 12005 12298 12299 12694 12695 12732 13020 13546 13583 14595 14668 14680 14830 14886 15285 15481 15522 16019 16183 16736 16813 17658 18000 
地 1179 1268 1813 1821 1977 2118 2217 3256 3756 4250 4436 4855 5205 5488 6040 6049 6132 6170 6171 6172 6173 6174 6175 6176 6177 6178 6179 6180 6181 6182 6183 6184 6185 6186 6187 6188 6189 6190 6191 6192 6193 6194 6195 6196 6197 6198 6199 6200 6201 6202 6203 6204 6205 6206 6207 6208 6209 6210 6211 6212 6213 6214 6215 6216 6217 6218 6219 6220 6221 6222 6223 6224 6225 6226 6227 6228 6229 6232 6308 6355 6582 6675 6676 6677 6698 6921 7228 7229 7558 7654 7915 8338 8539 9354 9486 9585 9783 9874 10116 10375 10640 10898 11188 11484 12132 12299 12913 12926 13174 13367 13492 14044 14221 14489 14783 15574 16138 16278 16564 16707 16790 16931 17088 17182 17496 17724 17963 
场 1160 1383 2591 4271 4581 6151 6230 6231 6232 6233 6234 6235 7819 7820 7821 7822 7823 9123 9603 9833 11749 11925 12052 12346 12733 13084 13689 13838 
址 6190 16932 
均 6236 6237 6238 12820 
坊 3292 9888 15360 
坌 6239 
坎 6240 6241 
坏 6242 6243 6244 9911 13472 16129 
坐 3344 5614 6245 6246 6247 6248 6249 11400 12615 17582 
坑 4305 12416 
块 1161 6250 6251 6252 10059 10160 13903 14971 
坚 6191 6253 6254 6255 6256 6257 6258 6259 6260 6261 6262 6263 6264 
坛 6265 6266 9992 13626 15718 
坟 6267 
坡 1842 4851 6268 8263 10111 11416 
坤 16502 
坦 3165 6269 6270 6271 6272 6273 6274 7916 8115 8460 10089 10090 10091 11261 12460 14745 
坷 6241 
垂 5382 6275 6276 6277 6278 11660 
垄 6279 
型 1384 3850 3997 3998 4881 5061 5317 6280 6281 6583 7199 7763 9071 10114 10593 11288 13037 13556 14028 14029 14030 15089 16425 16426 16876 16877 17659 
垒 6250 6377 7392 13010 15189 
垢 7527 
垫 17181 
埃 5326 6282 6283 6284 17077 
埋 6285 
城 2218 2613 3757 4950 6286 6287 6288 6289 6290 6291 6292 9795 11284 11462 13168 17215 
域 5481 6192 6293 8185 10047 11940 13029 17725 
培 5780 6294 6295 6296 6297 6298 6299 6300 8258 
基 4483 6301 6302 6303 6304 6305 6306 6307 6308 6309 6310 6311 6312 6313 6314 6315 6316 6317 6318 6319 6320 6321 6322 6323 6324 6325 6326 6327 6328 6329 6343 6734 6809 8072 11187 11417 12471 14577 14650 16413 16929 16984 17899 17969 18028 
堂 1442 6330 6331 6332 6333 6334 8082 9889 11491 13966 15459 16011 
堕 6335 
堡 8248 12810 
堪 1574 6336 11711 13059 
堵 6337 17334 
塑 6338 6339 6340 6341 17519 17520 17521 
塔 6342 6343 6344 6345 6346 6347 6348 7828 13703 16083 
塘 3041 12341 15136 
塞 3630 6283 6349 6350 6351 6352 6380 9406 17891 
境 1338 2219 2298 3315 6051 6353 6354 6355 6356 6357 6416 8540 8870 8958 9709 11665 12561 12712 12777 14078 14873 14908 14992 15832 15902 16798 17686 
墓 6267 6358 6359 17399 
墙 6057 6360 6361 6362 14156 
增 1760 6363 6364 6365 6366 6367 6368 6369 6370 6371 6372 12178 
墟 8099 
墨 6373 6374 6375 13388 13878 14369 
壁 3059 5766 5987 6376 6377 6378 6379 16246 16247 16248 
壅 6380 6381 
壕 9124 
壤 6133 6382 
士 2220 2625 3430 4865 4914 4915 4916 5592 5956 6383 6384 6385 6386 6387 6388 6390 6830 6844 7466 7630 8089 9850 9974 10591 10805 11444 12006 12391 12474 12800 13482 13534 14231 15140 16038 16086 16907 17438 17932 17959 
壮 6389 6390 6391 6392 6393 6394 6395 6961 8852 12569 16087 
声 1320 1543 2529 2592 2957 3126 3329 3649 3939 3940 4272 5556 6396 6397 6398 6399 6400 6401 6402 6403 6404 6405 6406 6407 6408 6409 6584 7607 8055 8455 8541 8749 9444 9445 10115 10540 11354 11639 12145 12972 13251 14003 17964 
壳 16410 
壶 6410 
处 1162 2000 2067 2221 2355 2634 2649 2858 3208 3941 4040 4273 4490 5087 5379 6193 6411 6412 6413 6414 6415 6416 6417 6418 6419 6420 6421 6422 6423 6424 6863 6922 7016 7594 8807 9028 9158 10223 10228 10405 10537 10969 11394 11418 12111 13165 13239 13252 13435 13769 14525 14831 15607 17216 17423 
备 2222 3991 4014 4179 4399 4400 6425 7162 8582 8583 9105 
复 1575 3702 5150 5151 6426 6427 6428 6429 6430 6431 6432 6433 6434 6435 6436 6437 6438 6439 6440 6441 6442 6443 6444 6445 6446 6447 6448 6449 6450 7678 7685 7889 8423 8787 9096 10037 10212 10224 11544 14142 14205 17089 17090 
夏 6451 6452 6453 6454 7104 7105 15460 
夕 4539 10351 
外 1984 1985 2223 2958 3215 3339 3590 3724 4033 4257 4606 5256 5309 5647 5927 6062 6071 6074 6152 6290 6455 6456 6457 6458 6459 6460 6461 6462 6463 6464 6465 6466 6467 6468 6469 6470 6471 6472 6473 6474 6475 6476 6477 6478 6479 6480 6481 6985 7393 7394 7395 7612 8959 9560 10202 10899 11199 12021 12023 12932 13011 14832 15618 15833 16302 17117 17391 17394 17751 
多 1234 1410 1576 1577 1578 1873 1898 1899 1986 2044 2045 2082 2224 2602 2625 2799 3081 4217 4465 4918 5383 5557 6002 6364 6445 6482 6483 6484 6485 6486 6487 6488 6489 6490 6491 6492 6493 6494 6495 6496 6497 6498 6499 6500 6501 6502 6503 6504 6505 6506 6507 6508 6509 6510 6511 6512 6513 6514 6515 6516 6517 6518 6519 6520 6521 6522 6523 6524 6525 6526 6527 6528 6529 6530 6531 6532 6533 6534 6535 6536 6537 6538 6539 6585 6586 6710 7582 7776 7858 7965 8440 8480 8936 9107 9657 9714 9851 10092 10093 10225 10226 10558 10640 10641 10684 10700 12821 14326 14327 14332 14909 15286 15710 15711 15713 15834 15977 15978 16099 16432 16563 16564 16967 17310 
夜 1163 4540 6540 6541 6542 6543 6544 6545 12112 14910 17217 
够 1579 6546 8441 14758 16339 16706 
大 1164 1165 1321 1385 1386 1387 1388 1580 1643 1814 1877 1878 2160 2225 2388 2473 2553 2593 2594 2858 2959 2963 3120 3791 3792 3832 4647 4659 4764 4765 4766 4768 4770 4787 4815 4898 4917 5384 5988 6387 6391 6400 6500 6544 6547 6548 6549 6550 6551 6552 6553 6554 6555 6556 6557 6558 6559 6560 6561 6562 6563 6564 6565 6566 6567 6568 6569 6570 6571 6572 6573 6574 6575 6576 6577 6578 6579 6580 6581 6582 6583 6584 6585 6586 6587 6588 6589 6590 6591 6592 6593 6594 6595 6596 6597 6598 6599 6600 6601 6602 6603 6604 6605 6606 6607 6608 6609 6610 6611 6612 6613 6614 6615 6616 6617 6618 6619 6620 6621 6622 6623 6624 6625 6626 6627 6628 6629 6630 6631 6632 6633 6634 6635 6636 6637 6638 6639 6640 6641 6642 6643 6644 6645 6646 6647 6648 6649 6650 6651 6652 6653 6654 6655 6656 6767 6768 7128 7171 7230 7386 7510 7764 7765 7766 7845 7849 7966 8015 8016 8017 8090 8102 8288 8442 8516 8960 9276 9806 10094 10226 10642 10701 10742 11059 11381 11716 12495 12538 13009 13483 13933 14039 14331 14332 14333 14389 14557 14708 14993 15146 15147 15719 15903 16247 16318 16472 17028 17091 17092 17290 17501 17505 17546 17873 17965 
天 1166 1215 1257 1322 1443 1529 2474 2595 2824 3330 3650 4129 4482 4740 5099 5615 5653 5989 6207 6657 6658 6659 6660 6661 6662 6663 6664 6665 6666 6667 6668 6669 6670 6671 6672 6673 6674 6675 6676 6677 6678 6679 6680 6681 6682 6683 6684 6685 6686 6687 6688 6689 6690 6691 6692 6693 6694 6695 6696 6697 6698 6699 6700 6701 6702 6703 6704 6705 6706 7917 8481 9136 9306 9486 9586 10116 10439 10482 11013 11516 11698 11812 12496 13090 13174 13415 13416 13455 14393 14482 14872 14951 15214 15233 15347 17182 17531 
太 1581 4901 6707 6708 6709 6710 6711 6712 6713 6714 6715 6716 6717 6718 6719 6720 6721 6722 6723 6724 6725 6726 6727 6728 8584 12570 12571 
夫 1353 3068 3699 3710 4386 6344 6387 6501 6548 6590 6711 6729 6730 6731 6732 6733 6734 6735 7739 7866 9256 10440 11009 11445 11725 14558 14559 14574 14650 14956 14957 16056 16192 16413 16908 17899 18030 
央 1987 3722 6736 12508 
失 1582 1925 4993 5152 6737 6738 6739 6740 6741 6742 6743 6744 6745 6746 6747 6748 6749 6750 6751 6752 6753 6754 7595 7789 8482 8483 8838 9912 10743 12040 14435 16746 17250 
头 1596 2413 2731 2859 2860 4250 4705 5970 6013 6755 6756 6757 6758 6759 6760 6761 6762 6763 6764 6765 7596 8155 8339 8542 9207 9381 9554 9784 9913 10845 10961 11006 11164 11222 11782 12241 12348 12493 13113 13451 14425 15879 15947 16565 17147 17566 17861 17939 17954 18039 
夷 6766 7918 15179 
夸 6767 6768 6769 
夹 6770 6771 
夺 2451 2452 3649 3681 4572 5943 6772 6773 9569 10702 
奇 1583 3127 3128 5860 6774 6775 6776 6777 6778 6779 6780 6781 6782 6783 6784 6785 8900 10117 10643 12804 13584 13809 15023 16547 17476 
奈 6786 6787 7422 8354 10227 15148 17888 17889 
奉 6788 6789 6879 10286 
奋 2926 3898 4724 4725 6790 6791 6792 6793 6794 6795 6796 9526 12016 
奎 6797 7397 
奏 3169 8279 12877 15011 17158 18127 
契 6798 6799 6800 9342 13253 17054 18105 
奔 6801 6802 6803 6804 9343 
奖 6591 9990 15444 15768 15995 15996 17130 17704 
套 1167 1195 6805 6806 6807 6808 9959 15055 17029 
奠 6809 6810 
奢 6811 6812 
奥 4387 4466 6333 6813 6814 6815 6816 6817 6818 6819 6820 6821 6822 6823 6824 6825 12113 12656 14059 15619 
女 1846 2885 3071 3444 3597 6418 6826 6827 6828 6829 6830 6831 6832 6833 6834 6835 6836 6837 6838 6839 6840 6841 6842 6843 6844 6845 6846 6912 6917 6976 7291 7513 11355 12079 12973 15441 16628 
奴 4112 6847 6848 6849 6850 6851 6852 10744 13860 16148 
奸 6853 16855 
好 1584 2226 3537 3909 4065 5930 6854 6855 6856 6857 6858 6859 6860 6861 6862 6863 6864 6865 6866 6867 6868 8807 8808 9336 9658 10641 10644 10703 11382 12463 12464 13319 14490 14491 14492 14959 15170 15951 16319 
如 1168 1585 1586 2857 3293 3465 4066 5117 5879 6502 6869 6870 6871 6872 6873 6874 6875 6876 6877 6878 6879 6880 6881 6882 6883 6884 6885 6886 6887 6888 6889 6890 6891 6892 6893 6894 6895 6896 6897 6898 6899 6900 6901 6902 6903 6904 6905 6906 7790 7989 8809 8810 10299 10657 10745 11175 11379 11390 11534 12404 12572 12909 14833 15643 15873 15979 15980 16000 16870 17292 
妃 5616 
妄 6907 6908 6944 12852 13296 15268 
妆 4752 
妇 2671 4113 6909 6910 6911 6912 6915 10118 
妍 6913 
妒 6914 6915 6916 6987 
妓 6917 
妖 6918 6919 10070 
妙 1587 2075 2227 6778 6816 6920 6921 6922 6923 6924 6925 6926 7760 8510 12657 14060 14089 14493 15145 15402 16850 17966 
妥 1588 6927 6928 6929 6930 17350 
妨 1589 6931 
妩 6932 
妮 7125 
妻 3942 6731 6933 6934 7712 
姆 3409 4034 7839 9441 11041 11777 11814 12018 15631 15632 17340 
始 2076 2228 3943 4445 5062 5063 5064 5065 5066 5990 6935 6936 6937 6938 6939 6940 6941 6942 6943 10746 13713 14258 14687 14822 14834 16280 
姐 7486 
姑 6944 7583 
姓 6945 13111 14569 17783 
委 6153 6946 6947 6948 
姗 6949 
姚 6950 
姬 4478 
姻 14669 17049 
姿 2229 6503 6509 6951 6952 8186 9714 14326 17477 
威 2620 6819 6953 6954 6955 6956 6957 6958 6959 6960 6961 8523 10978 10979 11140 16356 16566 17347 17478 
娃 2808 6962 10986 10987 12539 
娄 6963 
娜 7396 15044 15220 
娱 2230 3735 6964 6965 6966 6967 9981 14660 14835 
娲 3071 
娴 6968 
娶 6880 
娼 16893 
婆 6969 
婉 4176 6947 6970 6971 6972 6973 
婚 6974 
婢 6848 6975 6976 10747 
媒 3129 3134 3135 6504 6558 6977 6978 6979 15608 
媚 6932 6980 6981 6982 6983 6984 6985 
媛 17274 
媳 3598 
媸 6913 
嫁 6986 
嫉 6987 
嫌 6988 6989 
嫱 6990 
嬉 6991 6992 
嬗 6993 
子 1107 1291 1306 1389 2596 3340 3599 4312 4324 4524 4925 5451 5458 5660 5698 6038 6128 6139 6374 6607 6678 6732 6831 6883 6934 6994 6995 6996 6997 6998 6999 7000 7001 7002 7003 7004 7007 7040 7046 7049 7099 7487 7667 7901 8029 8073 8227 8252 8405 9141 9224 9225 10335 10900 11069 11114 11147 11178 11200 11255 11564 12090 12265 12479 12677 12816 12957 12974 13106 13422 13861 13994 14035 14559 14560 14701 15102 15106 15436 15924 15981 15982 16020 16179 16249 16270 16357 16390 16799 17123 17183 17206 17218 17758 17860 17940 18060 
孔 7005 7006 7007 7008 7009 7010 7011 7012 7013 7014 7015 7016 15221 15990 17167 17625 18120 
孕 4736 7017 
字 1169 4816 5067 5593 5991 6592 7018 7019 7020 7021 7022 7023 7024 7025 7026 9243 9993 9994 9995 11415 11686 15917 
存 1575 3355 3356 3410 3563 3857 7027 7028 7029 7030 7031 7032 7033 7034 7035 7036 7037 7273 7977 8044 8543 9878 10322 10859 11661 12734 12853 12854 12855 13021 13546 15124 16933 
孙 3600 3812 3813 3814 6998 7038 7039 7040 7041 7042 7043 13571 15969 
孜 7044 
孝 7045 7046 7047 7597 8626 
孟 7048 7049 7050 7051 8680 10669 
季 7052 7053 
孤 7054 7055 7056 7057 7058 7059 7060 7061 15216 
学 1758 1780 1981 1982 1988 2231 2553 2570 2638 2732 2744 2751 2752 2764 2774 2781 2782 2805 3158 3159 3401 3584 3679 3815 3821 3944 4209 4324 4725 4753 4764 4765 4766 4784 4785 4869 4898 4918 5014 5015 5195 5313 5318 5429 5430 5489 5617 5840 5841 5842 5843 5844 5845 5846 5847 6561 6593 7008 7062 7063 7064 7065 7066 7067 7068 7069 7070 7071 7072 7073 7074 7075 7076 7077 7078 7079 7080 7081 7082 7083 7084 7085 7086 7087 7088 7089 7090 7091 7092 7093 7094 7095 7096 7097 7098 7128 7151 7310 7488 7849 8100 8385 8544 8559 8560 9377 9831 9834 9890 9901 9940 9982 9994 9996 9997 9998 9999 10000 10001 10002 10003 10004 10005 10006 10007 10008 10009 10010 10038 10109 10119 10356 10518 10685 10868 10901 11297 11545 11589 11606 12495 12521 12560 12658 12727 12749 12767 12851 12882 12885 13102 13482 13547 13548 13553 13585 13586 13642 13690 13691 13692 13693 13694 13695 13696 13697 13698 13699 13893 14000 14030 14246 14275 14284 14494 14495 14496 14573 14836 14871 14875 15149 15150 15306 15467 15591 15592 15664 15700 15835 15897 15907 15915 15996 16446 16534 16602 16824 16847 16888 16909 16910 16913 17064 17289 17651 17873 18024 
孩 7099 7100 12975 
孰 7101 
孱 7102 
宁 1312 4388 4389 4390 4730 6270 6955 7103 7104 7105 7106 7107 7447 8045 12114 16536 
它 7108 7109 7110 7111 7112 12933 15948 
宅 13674 
宇 5781 7113 7114 7115 7116 
守 3411 3412 6063 6257 6712 7117 7118 7119 8794 9471 9749 11176 12678 13022 14766 16949 
安 1150 1590 1591 2334 2960 3216 3571 3899 4035 4401 4965 4966 4994 5385 7120 7121 7122 7123 7124 7125 7126 7127 7128 7129 7130 7131 7132 7133 7134 7135 7136 7137 7138 7139 7140 7397 8123 8124 8289 8545 10228 10538 15168 15227 15461 15949 17099 
宋 1879 4769 4902 5863 5864 5865 5870 7141 7142 7143 7144 7145 7146 7147 7148 7149 7150 7151 7152 7153 7154 
完 3294 7155 7156 7157 7158 7159 7160 7161 7162 7163 7164 7165 7166 7167 7168 
宏 7169 7170 7171 7172 7173 7174 7325 8788 15411 
宓 5701 
宕 7175 16345 
宗 2077 5871 7142 7176 7177 7178 7179 7180 7181 7182 7183 7184 7185 10902 11193 11383 11559 13643 13786 16643 
官 2078 2135 2232 2597 3295 3538 5431 5967 6832 7186 7187 7188 7189 7190 7191 8997 14463 17602 17967 
宙 7115 7116 7192 
定 1170 1591 1592 2961 3506 3626 3771 4148 4149 4150 4374 4455 4499 5043 5669 6064 6258 6259 6293 6810 7193 7194 7195 7196 7197 7198 7199 7200 7201 7202 7203 7204 7205 7964 8585 10074 10323 12223 12319 12540 13012 13493 13617 13762 13763 14164 14324 14596 14715 15545 15546 15660 15720 15747 16304 16807 17143 17170 17252 17384 17459 17814 
宛 7206 7207 
宜 1565 1593 2233 2475 3381 5519 6039 7208 7209 10396 10980 16787 
宝 1339 1390 4402 7210 7211 7212 7213 7214 7215 7904 12805 
实 1536 2042 2079 2234 2476 2477 3431 3631 3945 4090 4091 4092 4357 4358 4359 4423 4672 5432 5600 6154 6155 6247 6260 6881 6948 7216 7217 7218 7219 7220 7221 7222 7223 7224 7225 7226 7227 7228 7229 7230 7231 7232 7233 7234 7235 7236 7237 7238 7239 7240 7241 7242 7243 7244 7245 7246 7247 7248 7249 7250 7251 7252 7253 7254 7255 7256 7270 7275 8627 9230 10941 11100 12097 12430 12735 12736 12737 12738 12739 12740 13350 13351 13352 13353 13354 13494 14172 14285 14783 14787 14849 15203 15269 15276 15629 15666 15722 15757 15889 16173 16297 16303 17093 17224 
宠 15419 
审 7257 7258 7259 7260 7261 7262 7263 7264 
客 2113 2114 2115 2382 3475 7265 7266 7267 7268 7269 7270 7271 7272 7273 7274 7275 7276 7334 9823 13957 
宣 1989 6636 7277 7278 7279 7280 7281 7282 7283 7284 7285 7286 7287 16270 
室 5738 7146 9896 10607 11419 13452 13463 15255 
宪 5454 7288 
宫 4325 4946 7289 7290 7291 7292 7293 7294 13675 
宰 2116 7295 7296 
害 2983 4467 5257 7297 7298 7299 7398 9159 9541 10229 10748 12947 16327 16506 16737 
宴 18050 
宵 16856 
家 1391 1779 1780 1804 1880 2782 2890 3097 3159 3267 3296 3299 3454 3585 3586 3587 3913 4108 4114 4274 4292 4817 4835 5015 5221 5430 5433 5490 5594 5842 5992 6025 6075 6076 6077 6078 6079 6089 6134 6375 6457 6594 6595 6596 6840 7074 7147 7250 7300 7301 7302 7303 7304 7305 7306 7307 7308 7309 7310 7311 7312 7313 7314 7315 7316 7317 7318 7507 8140 8340 8560 8685 8750 9097 9298 9832 9916 10000 10161 10190 10930 10970 11091 11791 11813 12786 12987 13112 13464 13548 13552 13586 13676 13694 13772 14079 14197 14496 14846 14994 15592 15858 15950 15982 15983 16910 16911 16914 17037 17065 17320 17518 17521 17652 17890 18128 
容 1594 1595 1675 1676 2166 2861 2862 4036 4037 4679 4683 4737 4738 5234 7319 7320 7321 7322 7323 7326 7665 8373 8374 9767 9890 9904 11384 11648 13254 
宽 7324 7325 7326 7327 7328 7329 7330 7331 7332 9423 
宾 2962 5943 7333 7334 9407 10095 10096 
宿 7335 8306 17829 
寂 7057 7336 7337 7338 11733 
寄 7339 7340 7341 7342 
寅 7343 
密 1915 3882 5739 7344 7345 7346 7347 7348 7349 7350 7351 7352 7353 7354 10324 13047 13709 14127 14128 14129 14143 14237 14422 15084 
富 1323 1642 2043 2044 2045 2046 4089 5118 7355 7356 7357 7358 7359 7360 7361 7362 7363 7364 7365 8341 10645 10704 11055 11060 12465 13320 16119 
寒 7366 7367 7368 7369 7370 7371 17836 
寓 7340 7372 7373 7374 7375 7376 
寝 7377 
寞 7057 7336 
察 3217 7229 7378 10441 11899 11900 13303 14575 15523 15524 16866 17311 
寡 7379 
寥 7380 7381 7382 7383 
寰 7384 
寸 1171 4326 7385 7576 
对 1172 1444 1596 2017 2442 4163 4275 4616 5119 5153 6156 6882 7386 7387 7388 7389 7390 7391 7392 7393 7394 7395 7396 7397 7398 7399 7400 7401 7402 7403 7404 7405 7406 7407 7408 7409 7410 7411 7412 7413 7414 7415 7416 7417 7418 7419 7420 7421 7422 8056 9108 9487 9869 10508 11142 11884 12421 13255 13256 13257 14191 14334 14335 14336 14597 15388 17148 17149 17561 17626 
寺 3736 7423 7424 9306 
寻 4818 5386 7425 7426 7427 7428 7429 7430 7431 7432 7433 7434 7435 8180 9571 9688 14636 16755 17598 
导 2117 2118 2119 3130 3482 7283 7436 7437 7438 7439 7440 7441 7442 7443 7444 7445 8228 8229 9488 9489 9490 9491 9604 13042 14404 14929 15090 15928 15936 17726 17727 
寿 7446 7447 17583 
封 1881 4852 5154 7448 7449 7450 7451 7452 7453 7454 7455 7456 7457 7528 15095 
射 5192 7458 7459 7460 7461 8260 9344 9355 9356 9807 9808 9809 9914 16489 16756 17433 
将 1445 2120 3042 4979 5595 5717 5881 6069 7462 7463 7464 7465 7466 7467 7468 7469 7872 7978 8586 15437 16644 
尊 1173 2235 7470 7471 7472 7473 7474 7637 12616 14837 14911 
小 1174 1597 2963 4403 4853 5384 6551 6578 6597 7475 7476 7477 7478 7479 7480 7481 7482 7483 7484 7485 7486 7487 7488 7489 7490 7491 7492 7493 7494 7495 7496 7497 7498 7499 7500 7501 7502 7503 7504 7505 7506 7507 7508 7509 7510 7511 8443 10458 12229 12631 13436 13441 14427 16473 16474 16846 16961 17235 17558 17599 
少 1598 2083 3177 4190 4995 5383 6494 6499 6713 7299 7512 7513 7514 7515 7516 7517 7518 7519 7952 8187 8444 8575 9107 10646 11061 12822 13410 14436 14912 16475 17124 17392 
尔 2376 2554 3064 3068 3070 3187 4464 4654 4719 4944 4947 5539 5823 6345 6787 7135 7520 7521 7522 7804 7805 7806 7807 7830 7834 8046 8523 9257 9258 9406 9413 9416 9720 9721 10101 10995 11139 11201 11202 11203 11216 11225 11226 11235 11553 11725 11752 11846 11871 12024 12028 12195 12585 12699 12810 13700 13890 14018 14022 14126 15151 15180 15995 15996 16100 16232 16413 16542 16543 16549 16580 17335 17336 17337 17338 17339 17538 17559 17891 17892 17968 17969 18031 18097 
尖 7523 7524 18121 
尘 1261 4276 5618 7525 7526 7527 7528 8511 10828 16055 16298 17784 
尚 1599 2891 2964 4939 5782 6351 7529 7530 7531 7532 7533 7534 7535 7536 7537 7538 7539 7703 13558 17785 17970 
尝 3241 7540 7541 7542 10860 
尤 7543 7544 7545 7546 7547 7548 7549 7550 11814 
尧 7551 7552 11236 
尬 7553 7571 
就 1193 1289 2399 4641 7554 7555 7556 7557 7558 7559 7560 7561 7562 7563 7564 7565 7566 7567 7568 7569 8998 9072 10376 16487 16645 16646 16878 17178 
尴 7570 7571 
尸 7572 7573 7574 
尹 7575 
尺 3034 7576 7577 7578 11154 13113 15547 
尻 2965 13587 
尼 2373 3029 6956 7121 7579 7580 7581 7582 7583 7584 7585 7586 7587 7588 7629 7828 8242 10903 11202 11841 13705 14716 15024 15164 16413 
尽 1600 1601 1602 2733 2966 5025 5227 5559 7589 7590 7591 7592 7593 7594 7595 7596 7597 7598 7599 7600 7601 7602 7603 7604 7605 10230 10288 11062 11996 12078 12080 13777 15890 
尾 2860 7606 7607 7608 7609 12494 14305 
尿 7610 9733 
局 1961 3758 5005 5461 6598 7611 7612 7613 7614 7615 7616 7617 7618 7831 8342 11204 14306 14995 
层 1175 1392 1478 1882 3202 6213 6309 6505 6506 6507 7619 7620 7621 7622 7623 7624 7625 8074 9983 10075 10633 12115 12116 13557 13929 14170 15378 16647 17324 17971 
居 2239 5622 7626 7627 7628 7629 7630 7631 7632 9160 10187 12452 12453 13091 13769 14526 14838 16062 16281 16391 16986 17439 17601 
屈 1603 6883 7399 7633 7634 7635 7636 7637 7638 11344 14914 
届 3792 4813 5026 7639 
屋 7490 7640 7718 9142 
屎 9408 
屏 7641 15132 15561 
展 3291 5134 5193 5194 5195 5196 6029 6095 6599 6937 7642 7643 7644 7645 7646 7647 7648 7649 7650 9277 9424 10140 10178 12988 13039 13468 14937 14996 15238 16556 16680 17824 
属 1479 1781 2863 2864 4980 5558 7231 7651 7652 7653 7654 7655 7656 7791 8307 8308 8309 9161 10647 10921 11815 13204 13205 15152 17356 
屠 7657 
屡 7658 7659 7660 7661 
履 4528 7126 7662 7663 15105 
山 4277 4903 5619 5702 5703 6721 7499 7664 7665 7666 7667 7668 7669 7670 7671 7672 7673 7674 7675 7676 7677 7678 7679 7680 7681 8156 10162 10670 10988 11694 12989 13457 14157 15028 15114 15462 16077 16711 16969 17312 17337 17488 18072 
屿 7691 
岁 3793 7682 
岂 7683 7684 7685 7686 
岐 4327 7687 
岗 7688 7689 11559 
岛 4854 7690 7691 12025 16535 
岩 7692 7693 
岭 7694 7695 
岱 8259 
岳 2377 7696 17131 
岸 3121 4404 8416 11560 11778 
峙 7400 7697 
峡 7698 
峦 11092 
峨 7724 
峪 7699 
峰 2530 2967 5133 7700 7701 7723 10716 13085 17675 17972 
峻 17973 
崇 6112 7702 7703 7704 7705 7706 7707 7708 7709 9605 12872 13569 
崔 7710 7711 7712 7713 7714 
崖 7715 
崛 7716 
崩 7717 7718 7719 17532 
崭 7720 
嵇 7721 
嵌 7722 17207 
巅 2530 7701 7723 
巍 7724 
川 2057 2914 3060 3737 5235 5993 6600 7491 7668 7725 12667 13114 15463 
州 3842 7726 8018 9288 9363 11035 12026 13166 18073 
工 2236 2579 2734 4328 4329 4655 4754 6386 6679 7727 7728 7729 7730 7731 7732 7733 7734 7735 7736 7737 7738 7739 7740 7741 7742 7743 8194 9208 10039 10336 12839 13542 13779 14108 14958 14997 16930 
左 7744 7745 7746 7747 7748 7749 7750 7751 7752 7753 7754 7755 7756 7757 11063 13258 
巧 3331 4424 6680 7758 7759 7760 9310 9311 14061 15150 
巨 7761 7762 7763 7764 7765 7766 7767 7768 7769 7770 14965 18049 
巩 7771 
巫 6833 7772 7773 7774 
差 3515 4836 5155 7775 7776 7777 7778 7779 7780 8726 13259 13260 
己 1176 1177 1696 2472 3701 4468 4469 5207 5494 8581 8615 14598 14629 16381 
已 1604 1613 1833 3702 3898 6065 6573 7781 7782 7783 7784 7785 7786 7787 7788 7789 7790 7791 7792 7793 7794 7795 7796 7797 7798 7799 7800 10377 10378 12741 
巳 7801 
巴 5327 5835 7802 7803 7804 7805 7806 7807 7808 7809 7810 7811 7812 7813 7814 7815 7816 11842 17190 
巷 15361 17372 
巾 6758 
币 16132 16133 17203 
市 3902 6194 6291 7492 7817 7818 7819 7820 7821 7822 7823 7824 7825 9603 12052 13221 13304 17011 
布 4330 6346 7284 7826 7827 7828 7829 7830 7831 7832 7833 7834 7835 7836 7837 7838 7839 7840 8047 9706 10357 11881 11941 15164 15234 16112 16903 17393 17705 
帅 2121 7841 14348 
师 2684 4766 4770 6601 7439 7773 7842 7843 7844 7845 7846 7847 7848 7849 7850 8141 9891 10749 12503 13644 14561 14993 16432 17873 
希 4904 5328 6347 7851 7852 7853 7854 7855 7856 7857 7858 7859 7860 7861 10557 10750 16112 
帐 7862 13135 
帕 2968 7863 7864 7865 7866 17338 
帘 13819 
帜 10198 12619 
帝 1446 2598 5156 7867 7868 7869 7870 7871 7872 10576 11688 12375 13148 14462 18074 18075 
带 1178 6195 7873 7874 7875 7876 7877 7878 8359 9162 12405 13879 14972 17660 
席 1179 2122 2531 7879 7880 7881 7882 7883 15410 
帮 5976 7884 7885 
帷 16594 
常 2237 2404 5157 7149 7311 7312 7886 7887 7888 7889 7890 7891 7892 7893 7894 7895 7896 7897 7898 7899 7919 7920 8180 8188 8913 9852 10231 10337 10338 10339 10397 11385 14278 16299 16857 17598 17603 17604 
幄 16594 
幅 1180 1393 4218 6602 7577 7767 7900 9527 14007 16648 16968 
幌 7901 
幕 1181 1467 8039 8157 17175 17254 
干 1182 7902 7903 7904 7905 7906 7907 7908 7909 7910 11165 11300 15054 15055 15222 17941 
平 2238 4685 4901 5783 5784 6714 7041 7911 7912 7913 7914 7915 7916 7917 7918 7919 7920 7921 7922 7923 7924 7925 7926 7927 7928 7929 7930 7931 7932 7933 7934 7935 7936 7937 7938 7939 7940 7941 7942 7943 8546 9201 9472 10535 11640 12856 12857 12859 16961 17985 
年 1105 1113 1143 1183 1234 1235 1318 1319 1324 1340 1374 1394 1411 1867 1883 1899 2038 2389 2487 2495 2497 2499 2500 2503 2511 2586 2587 2599 2602 2603 2724 2825 2853 2969 3790 3794 3830 3831 3833 4215 4219 4224 4226 4789 4795 4806 4819 4820 4837 4839 5027 5134 5981 5994 6002 6392 6508 7514 7944 7945 7946 7947 7948 7949 7950 7951 7952 7953 7954 7955 7956 7957 7958 7959 7960 7961 7962 7963 8259 8343 9938 9939 9941 10379 10398 10547 10791 11517 12978 13115 13862 13863 13864 13904 13930 16600 16605 16606 16607 16610 17571 17572 
并 4015 7964 7965 7966 7967 7968 7969 7970 7971 7972 7973 7974 7975 7976 7977 7978 7979 7980 7981 7982 7983 7984 7985 7986 7987 7988 7989 7990 
幸 1605 7991 10751 10981 
幻 7992 7993 7994 7995 7996 7997 7998 8732 14926 15270 15271 17773 
幼 7999 8000 8001 14562 17219 
幽 8002 8003 8004 8005 8006 8007 11900 18102 
广 1990 2239 7327 8008 8009 8010 8011 8012 8013 8014 8015 8016 8017 8018 8019 8020 8021 8022 8023 8024 8025 8026 8445 9606 10989 10990 12117 
庄 8027 8028 8029 8030 8031 10752 14563 16994 18129 
庆 7142 8032 8033 13865 
庇 8034 
床 8035 8036 
序 2913 4561 5868 8037 8038 8039 8040 8041 8042 10232 10753 11313 13716 17687 
庐 1425 
库 7020 7211 8043 8044 8045 8046 8047 8048 17891 
应 1606 2714 2970 3191 3347 3348 4538 5158 5767 6014 7401 8023 8049 8050 8051 8052 8053 8054 8055 8056 8057 8058 8059 8060 8061 8062 8063 8064 8065 8066 8067 8068 8069 8999 9862 10648 11884 12431 12768 12778 13261 13284 13295 15813 16449 16488 16624 16649 16788 17688 18011 
底 4491 4640 6135 7451 7999 8070 8071 8072 8073 8074 8075 8076 8077 8078 8079 8083 8310 8311 8414 8415 10846 11641 13378 15042 15946 
庖 8080 
店 1417 2422 5735 5909 8081 
庙 8082 8083 8084 13588 
庚 8085 
府 2356 3632 3726 8086 8087 9824 10106 10257 11682 
庞 8088 8089 8090 8091 8092 8093 8094 8095 
废 3516 3900 8096 8097 8098 8099 8100 
度 1184 1325 1395 2504 2776 3010 3034 3252 3795 3834 4067 4500 4608 4667 4960 4961 5322 5995 6080 6531 6533 6633 7578 7736 8019 8101 8102 8103 8290 8669 9607 11124 11615 12118 12394 12679 12875 13414 13543 13723 13750 14882 15580 15581 16567 16681 16872 17220 17385 17463 17974 17975 
座 1185 8104 8105 8106 8107 8124 16650 
庭 4331 6595 6631 7313 7314 8108 8432 10721 10831 11816 
庵 8109 8110 
庶 8111 8112 8461 
康 3551 5786 8113 8114 8115 9409 11662 16396 17580 
庸 1991 1992 7921 8116 8117 8118 11496 17357 
廉 2971 6957 8119 8120 12154 
廊 11144 12990 
廓 16443 16444 
延 6468 8121 8122 8123 8124 8125 8126 8127 14382 14383 18012 
廷 4929 7148 7292 8128 10432 10671 10672 10832 15464 
建 2168 2972 4852 4875 5154 7452 7453 8129 8130 8131 8132 8133 8134 8135 8136 8137 8138 8139 8140 8141 8142 8143 9163 10991 11077 17094 17865 
开 1607 4316 4332 4375 4479 5367 5689 7394 7645 8144 8145 8146 8147 8148 8149 8150 8151 8152 8153 8154 8155 8156 8157 8158 8159 8160 8161 8162 8163 8164 8165 8166 8167 8168 8169 8170 8171 8172 8173 8174 8175 8176 8177 9244 9400 9410 9731 9757 9792 9906 10861 10862 11901 13174 13481 13658 13663 14019 14391 14544 15836 16073 16955 17132 
异 2240 3946 4296 4874 5266 6033 6578 6776 7778 7779 7994 8178 8179 8180 8181 8182 8183 8184 8185 8186 8187 8188 8189 8190 8191 8192 8193 8194 8195 8196 8197 8198 8199 8200 8726 8752 8901 9651 10233 10234 10340 10754 11673 12541 13262 13851 14661 16513 16726 17791 
弃 1864 8201 9289 9368 9716 9810 10206 13983 14722 15422 16500 
弄 5668 5958 8202 8203 
弊 2241 8204 8205 10399 11942 
式 1404 1847 2516 3021 3136 3144 3218 3816 4845 5491 5836 6102 6318 6806 6807 8162 8206 8207 8375 8376 8377 10163 10169 11179 11205 11289 11290 11386 11590 11933 12455 12680 12840 13123 13751 13752 14216 15091 15326 15389 16021 17704 
弑 8208 8209 
弓 8210 8260 
引 5709 6196 7440 8211 8212 8213 8214 8215 8216 8217 8218 8219 8220 8221 8222 8223 8224 8225 8226 8227 8228 8229 8230 8231 8232 8233 8234 8235 8236 8237 8238 8239 9369 9492 9683 10184 16427 
弗 2375 8240 8241 8242 8243 8244 8245 8246 8247 8248 8249 9411 
弘 3814 8250 
弛 8251 11133 
弟 3617 6999 8252 15924 
张 1186 1884 2123 6603 6769 8253 8254 8255 8256 8257 8258 8259 8260 8261 8262 8263 8264 8265 8266 9164 9278 14130 14938 
弥 8267 8268 12041 
弦 5785 6549 7476 8269 8270 12681 13995 13996 
弧 8271 
弯 8272 
弱 1608 4191 4527 7102 8273 8274 8275 8276 9046 11134 14769 15250 15272 
弹 5159 8277 8278 8279 8280 14570 
强 1834 4358 4413 4656 4717 4924 5151 6365 6793 8281 8282 8283 8284 8285 8286 8287 8288 8289 8290 8291 8292 8293 8294 8295 8296 8297 8298 8299 8300 8446 10649 11064 12179 12484 12532 12537 14839 16476 17697 17698 
弼 8301 
归 2973 3357 5559 6015 6016 6441 6685 8302 8303 8304 8305 8306 8307 8308 8309 8310 8311 8312 8313 8314 8315 8316 8317 8318 8319 8320 10371 12268 13114 14259 16616 18005 
当 1609 2621 3633 4981 6635 6929 6937 8057 8321 8322 8323 8324 8325 8326 8327 8328 8329 8330 8331 8332 8333 8334 8335 8336 8337 8338 8339 8340 8341 8342 8343 8344 8345 8346 8347 8348 8349 8350 8351 8352 8353 8354 8355 8484 8811 9398 10200 11817 12742 12778 12779 13207 13263 13264 13265 13266 14062 15348 16392 16789 
录 5692 7232 8356 8357 8358 8359 8587 13003 13192 14533 15690 15691 15703 15904 16469 17358 
彝 8360 8361 
形 1447 1634 2735 2768 4210 5267 5268 5560 5908 6341 6469 6759 7935 8362 8363 8364 8365 8366 8367 8368 8369 8370 8371 8372 8373 8374 8375 8376 8377 8378 8379 8380 8381 8382 8383 8384 8385 8386 8387 8388 8389 8390 8391 8392 8393 8871 8973 8974 9853 9960 10120 10235 10236 10237 10755 11146 11590 11933 13033 13038 13039 13267 13268 14599 14615 14998 15081 15389 15526 15662 16393 16898 17430 17513 18040 
彤 11730 
彩 2044 2600 3128 3680 3681 6503 6509 6510 6776 8075 8189 8190 8394 8395 8396 8397 8398 11642 11783 11936 14327 14973 
彰 13269 
影 2892 2974 3466 3682 8399 8400 8401 8402 8403 8404 8405 8406 8407 8408 8409 8410 9345 9537 9696 9697 12104 12958 12959 12960 13230 14428 14723 16109 16394 17313 17627 
彷 8411 
役 6733 6849 8412 
彻 6604 8413 8414 8415 16169 16819 
彼 8416 8417 8418 8419 11425 
往 2642 2929 2975 5329 5648 8420 8421 8422 8423 8424 8425 10325 11023 13172 16858 
征 1937 5387 6319 8426 8427 8428 8429 8430 8733 10184 10922 12542 12543 15379 15420 16078 16079 16080 17792 
径 6631 8431 8432 8433 10776 11195 14256 15349 16568 16838 16969 
待 1923 2976 3018 7402 7532 8434 8435 8436 9457 10756 10757 10838 10949 13321 14816 
徇 8437 
很 8438 8439 8440 8441 8442 8443 8444 8445 8446 8447 8448 8449 8450 8451 8452 8453 
徊 8493 
律 2126 2505 2893 2894 5531 7200 7276 8454 8455 8595 10191 10571 11206 11207 11818 11819 13645 14173 14840 14841 14878 15548 15549 17095 17670 
徐 8456 8457 8458 8459 8460 8461 8462 8463 12173 
徒 3269 3432 6325 7075 8464 8465 8466 8467 14600 
得 1480 1610 1611 1612 1613 1614 1706 1993 2407 2453 3487 3488 3489 3490 3759 4035 5236 5269 5388 5492 6511 7358 7559 7598 7751 8034 8417 8418 8468 8469 8470 8471 8472 8473 8474 8475 8476 8477 8478 8479 8480 8481 8482 8483 8484 8485 8486 8487 8488 8489 8490 8491 8492 8545 8588 8838 9014 9044 9165 9724 10380 10519 11674 12119 12120 12743 12991 13269 13322 13323 13324 13997 14279 14842 15169 15170 15476 15575 15951 16032 16244 18130 
徘 8493 
御 8494 8495 8496 
徨 8411 
循 8497 8498 8499 8500 8501 8502 8503 8504 8512 14962 16950 
微 3989 8505 8506 8507 8508 8509 8510 8511 8512 8513 8514 8515 8516 11900 12121 13034 14063 14089 14238 14249 
徵 8517 10011 
德 1737 2242 2625 2803 2977 3061 3271 3947 4405 5466 5541 5561 5811 5824 5835 6140 6331 6817 6824 6884 7009 7050 7808 7835 7858 8091 8114 8246 8249 8518 8519 8520 8521 8522 8523 8524 8525 8526 8527 8528 8529 8530 8690 9412 9844 10093 10669 10934 10992 11140 11208 11225 11356 11387 11727 11728 12006 12027 12028 12197 12438 12466 12586 12801 13706 14020 14497 14736 15227 15454 15993 16358 16912 16913 16914 16915 16916 16917 17071 17348 17640 17893 17894 
徽 7127 7128 
心 1782 1994 1995 1996 2243 2244 2357 2532 2711 2736 2865 3110 3433 3496 3779 3872 3948 4038 4039 4040 4041 4151 4809 5213 5565 5882 5883 5884 6196 7272 7493 7494 7599 7920 8531 8532 8533 8534 8535 8536 8537 8538 8539 8540 8541 8542 8543 8544 8545 8546 8547 8548 8549 8550 8551 8552 8553 8554 8555 8556 8557 8558 8559 8560 8561 8562 8563 8564 8565 8566 8567 8568 8569 8570 8571 8572 8827 9032 9098 9399 9473 10012 10238 10442 10443 10444 10904 11184 11585 12120 12289 12300 12322 12407 12467 12607 12934 13068 13677 14064 14065 14239 14637 14655 14960 15256 15297 15556 16122 16249 16395 16396 16450 17046 17424 17479 
忄 8573 
必 1615 1616 3242 3915 4704 4706 4708 4810 7158 8574 8575 8576 8577 8578 8579 8580 8581 8582 8583 8584 8585 8586 8587 8588 8589 8590 8591 8592 8593 8594 8595 8596 8597 8598 8599 8600 8601 8602 8603 8604 8605 10758 10863 11247 11518 12518 
忆 1617 6017 15692 16757 
忌 4360 6605 10252 15621 
忍 1618 3243 7320 8291 
忏 8606 
忒 1619 
志 1381 1754 2245 2978 3216 4093 4924 5562 6197 6358 6393 8485 8607 8608 8609 8610 8611 8612 8872 8961 9010 9259 10443 10971 10972 11155 11244 11245 11246 11247 11248 12384 13839 14661 15620 15822 15857 16506 16918 16983 
忘 2914 6248 8474 8487 8613 8614 8615 8616 8617 8618 8619 8620 8621 12515 13028 15504 16934 
忙 4746 7885 8622 14144 
忠 4405 8623 8624 8625 8626 8627 8628 8629 8630 11336 18076 
忧 2246 3650 8631 8632 8633 8634 8635 8636 11013 12301 17852 
快 1620 4657 7328 7600 8447 8637 8638 8639 8640 8641 8642 8643 8644 8645 8941 10445 11320 
忮 8646 
忱 8647 
念 1187 2533 3036 3434 6259 7263 8547 8648 8649 8650 8689 8842 10125 10239 11274 11338 12769 13664 14174 15525 15526 15527 
忻 8651 
忽 1595 8652 8653 8654 8655 8656 8657 8658 13043 15421 17814 
怀 3873 8659 8660 8661 8662 8663 8664 8665 8873 9000 9329 14745 15449 
态 1805 1806 2247 2478 2739 2776 3022 4684 4685 4707 5270 6281 6952 7891 7937 8379 8548 8666 8667 8668 8669 8874 8962 8973 8974 11180 11291 11474 12513 12565 12858 12859 12875 13063 13116 13723 13764 14082 15526 17584 
怆 7368 8853 
怎 1621 8670 8671 10300 
怒 4278 5931 6992 8672 8673 8674 9017 
怕 3517 5356 5389 8675 8776 16970 17929 
怖 8777 
怜 5390 8676 8677 
思 1523 1557 2149 2248 3160 3321 3586 3703 4127 4195 4658 5064 5088 5160 5187 5801 5843 5848 6157 7428 8549 8633 8678 8679 8680 8681 8682 8683 8684 8685 8686 8687 8688 8689 8690 8691 8692 8693 8694 8695 8696 8697 8698 8699 8700 8701 8702 8703 8704 8705 8706 8707 8708 8875 8963 9166 9490 10013 10040 10240 10762 10993 11078 11581 11734 12105 12122 12123 13270 13589 14454 14600 14716 15058 15396 15665 15815 15984 16193 17350 17883 17884 17885 
怠 8709 
怡 8710 
急 8337 8711 8712 8713 8714 8715 8716 8717 12823 
性 1267 1269 1396 1676 1759 1803 1815 1846 1885 1886 1935 1936 1937 1938 1997 1998 2046 2108 2111 2119 2142 2249 2408 2517 2737 2769 2864 2893 2920 3043 3045 3102 3356 3453 3494 3508 3556 3755 3785 3859 3885 4005 4021 4092 4094 4149 4181 4435 4436 4510 4549 4634 4645 4738 4984 5016 5055 5266 5392 5394 5399 5402 5406 5523 5526 5563 5688 5743 5770 5812 5850 5902 6030 6096 6446 6492 6498 6507 6521 6537 6661 6681 6834 6835 6836 6837 6965 7165 7201 7248 7251 7274 7403 7456 7601 7614 7617 7655 7779 7892 7943 8126 8150 8163 8191 8280 8283 8550 8593 8600 8686 8718 8719 8720 8721 8722 8723 8724 8725 8726 8727 8728 8729 8730 8731 8732 8733 8734 8735 8736 8737 8738 8739 8740 8741 8742 8743 8744 8745 8746 8767 8819 8831 8848 8880 8892 8914 8915 8916 8924 8951 8993 9001 9030 9051 9127 9296 9311 9314 9331 9470 9477 9491 9507 9614 9811 9875 9953 9958 10444 10564 10569 10775 10905 10921 10979 11194 11296 11591 11914 11927 12106 12149 12160 12363 12372 12422 12485 12514 12527 12543 12544 12550 12609 12622 12625 12664 12726 12737 12770 12771 12772 12787 12860 12883 12976 12977 13161 13195 13200 13217 13271 13352 13355 13362 13403 13413 13424 13549 13590 13695 13724 13763 13931 14032 14073 14080 14109 14172 14174 14186 14217 14297 14316 14386 14523 14756 14818 14841 14860 14892 14961 14962 14999 15271 15320 15390 15417 15434 15482 15527 15538 15546 15549 15837 16022 16080 16110 16221 16310 16335 16683 16687 16718 16733 16809 16879 16891 17108 17271 17305 17314 17383 17426 17429 17606 17635 17689 17765 
怨 5803 8747 8748 8749 8750 
怪 3683 5330 6779 8610 8751 8752 17396 17464 
总 2866 8753 8754 8755 8756 8757 8758 8759 8760 8761 8762 8763 8764 8765 8766 8767 8768 8769 8770 8771 8772 11093 
恃 8773 14843 
恋 3358 8774 13023 13371 15314 
恐 1622 5885 8775 8776 8777 8778 8779 8780 8781 
恒 8782 8783 8784 8785 11663 14766 
恕 7329 8786 
恢 8787 8788 
恣 11717 
恨 5674 8789 
恩 2095 3164 3165 3712 4243 5704 5740 7149 8790 8791 8792 8793 10091 11503 14121 14375 17340 17895 
恪 8794 
恬 7129 8795 8796 8797 
恭 8798 8799 12705 16059 
息 3078 3435 3436 3760 3761 4279 5107 7130 8800 8801 8802 8803 11616 13817 14770 14839 15651 
恰 8804 8805 8806 8807 8808 8809 8810 8811 8812 8813 8814 
恳 8815 
恶 1397 1743 1767 5919 6208 6864 8816 8817 8818 8819 8820 8821 16979 
恺 17700 
恼 8822 9045 12401 15062 
悄 8823 8824 
悉 5493 8825 8826 8827 8828 11902 12440 14601 16051 
悍 14066 
悔 9018 12124 
悖 8829 10759 10760 
悟 3219 5690 6604 6923 8158 8830 8831 8832 9002 9003 12773 14602 15576 17728 17729 
悠 5017 8833 8834 8835 8836 
患 8634 8837 8838 10742 17852 
悦 8710 8839 8840 8942 
悬 8841 8842 8843 8844 17976 
悯 8677 8854 
悲 6606 8845 8846 8847 8848 8849 8850 8851 8852 8853 8854 8855 8856 8857 8858 8859 8860 8861 8862 8863 12861 13662 
悼 5804 
情 1326 1733 1807 2250 2479 2692 2738 2739 2740 2741 4480 4582 5127 5184 5513 5520 5564 5565 6512 6916 7233 7602 8551 8616 8687 8734 8864 8865 8866 8867 8868 8869 8870 8871 8872 8873 8874 8875 8876 8877 8878 8879 8880 8881 8882 8883 8884 8885 8886 8887 8888 8889 8890 8891 8892 8893 8894 8895 9004 9005 9226 9330 9331 9332 9840 10241 11471 12125 12326 12406 12407 12435 12468 12469 12470 13074 13353 13355 13356 13404 13429 14974 15380 15721 15722 15838 15839 17782 17786 18020 
惊 2927 5474 6715 8896 8897 8898 8899 8900 8901 8902 8903 8904 8905 13455 
惑 6052 15937 16747 16748 
惕 15637 
惜 1623 1624 5391 6159 8598 8906 
惟 8907 
惠 8908 16993 17066 18077 
惧 8778 8779 9106 
惨 8855 8856 8909 
惩 4624 
惫 13059 
惬 8910 
惭 8911 
惯 2409 2410 5464 8912 8913 8914 8915 10987 17776 
惰 8709 8916 
想 1625 2149 2251 3160 3586 4078 4128 5835 5843 6018 6157 6513 7995 8681 8682 8683 8684 8685 8686 8687 8688 8689 8690 8732 8917 8918 8919 8920 8921 8922 8923 8924 9006 9167 9490 9608 10040 11079 11240 11581 12105 12645 12659 12774 12775 12776 12777 13787 13809 14240 14492 14670 14811 15396 15748 15806 16592 17458 17713 
惹 8925 
惺 8926 
愁 1626 3478 8927 8928 8929 8930 8931 12042 13473 13665 17276 
愈 8589 8932 8933 8934 8935 8936 8937 8938 8939 
愉 8940 8941 8942 
愎 4414 
意 1481 1601 2245 2252 2978 3044 3045 3111 3143 3490 3949 4095 4257 4258 4515 4516 4517 4811 4982 5237 5566 5675 5920 6682 7360 7372 8215 8486 8487 8524 8735 8876 8910 8943 8944 8945 8946 8947 8948 8949 8950 8951 8952 8953 8954 8955 8956 8957 8958 8959 8960 8961 8962 8963 8964 8965 8966 8967 8968 8969 8970 8971 8972 8973 8974 8975 8976 8977 9021 9129 9347 9854 9929 10121 10242 10243 10244 10372 10570 10761 10762 10763 10764 10906 11065 11123 11592 11857 11858 12126 12290 12302 12665 12738 12788 12910 12992 13024 13389 13516 13550 13646 13725 13840 14603 14850 15381 15507 15611 15839 15840 15905 16544 16996 17192 17425 17426 
愚 8978 8979 8980 8981 
感 1591 2253 2565 2643 2691 3103 3152 3328 4617 4686 5018 5567 8007 8063 8309 8642 8687 8736 8779 8849 8877 8878 8879 8880 8982 8983 8984 8985 8986 8987 8988 8989 8990 8991 8992 8993 8994 8995 8996 8997 8998 8999 9000 9001 9002 9003 9004 9005 9006 9007 9008 9009 9010 9011 9012 9013 9014 9015 9016 9872 10150 10159 10765 12127 12364 12739 13117 13206 13354 14498 14690 15528 16123 16859 16915 17447 
愤 5197 8857 9017 
愧 1627 1628 8324 8911 9018 10245 
愿 1629 8964 9019 9020 9021 9022 13566 14844 
慈 2979 9023 
慎 1630 2980 9024 9025 9026 9027 9028 16060 
慕 3025 3055 6388 6885 14517 
慢 3567 9029 9030 14397 16454 17926 
慧 9031 9032 9033 9034 10592 10593 14684 
慨 9007 9035 9036 9038 9039 
慰 7131 9037 9364 
慷 9038 9039 
憎 9040 
憧 9041 
憨 9042 
憩 7495 
憬 9041 
憾 2931 10766 14437 16935 
懂 9043 9044 16001 16848 17465 
懈 1631 1632 
懊 9045 
懦 9046 
戈 9047 11226 11871 
戊 2867 
戌 9048 
戍 2867 
戏 1136 6865 9049 9050 9051 9052 9053 9054 9319 10358 11181 12217 12218 13325 14564 
成 3382 3388 3539 4096 4333 4453 4461 4518 4590 4637 4641 4755 5271 5521 6683 7118 7163 7792 8097 8380 8483 8813 9055 9056 9057 9058 9059 9060 9061 9062 9063 9064 9065 9066 9067 9068 9069 9070 9071 9072 9073 9074 9075 9076 9077 9078 9079 9080 9081 9082 9083 9084 9085 9086 9087 9088 9089 9090 9091 9094 9168 9245 9642 10650 11080 11128 11833 11969 12277 12683 12744 12862 13246 13272 13293 13326 13465 14225 14226 14307 14318 14405 14604 14746 14845 14846 14847 14872 15613 16236 16430 16487 16545 16880 17043 17501 17505 17506 17690 
我 2254 3308 3363 6158 8617 9092 9093 9094 9095 9096 9097 9098 9099 9100 9101 9102 9103 12515 14848 14849 14850 14851 14852 14853 14854 
戒 4609 9104 9105 9106 15638 
或 1558 9107 9108 9109 9110 9111 9112 9113 9114 9115 12824 
战 1188 1814 2506 4042 4166 5166 8688 8820 9116 9117 9118 9119 9120 9121 9122 9123 9124 9125 9126 9127 9128 9129 9130 9131 9350 9506 9507 10493 12016 12408 13933 14346 15723 16247 
戚 2693 8635 9132 
截 6337 8506 9133 9134 13207 
戬 3046 9135 
戴 1529 3312 9136 9137 
户 1341 4835 9138 9139 9140 13820 16337 17245 17246 
戾 2379 
房 5083 6607 9141 9142 9143 15106 
所 1189 1612 1999 2000 2001 2742 2865 3082 3083 3163 3888 3950 3951 4446 4541 4610 4708 5485 5492 5499 5813 6103 6159 6160 6233 6310 6419 6818 6875 6876 8828 8945 9144 9145 9146 9147 9148 9149 9150 9151 9152 9153 9154 9155 9156 9157 9158 9159 9160 9161 9162 9163 9164 9165 9166 9167 9168 9169 9170 9171 9172 9173 9174 9175 9176 9177 9178 9179 9180 9181 9182 9183 9184 9185 9186 9187 9188 9189 9190 9191 9192 9193 9194 9195 9196 9197 9198 9199 9200 10001 10014 10097 10246 10247 10248 10249 10250 10251 10252 10400 10401 10402 10767 10768 10769 10770 11203 11519 11593 12545 12778 12779 13466 14455 15058 15898 15916 17424 17661 
扁 9201 9202 
扇 9203 
扉 8552 
手 1190 2255 2507 2694 3738 4245 4280 4281 4524 5135 5714 6161 6608 6745 6839 7404 7749 8557 9204 9205 9206 9207 9208 9209 9210 9211 9212 9213 9214 9215 9216 9217 9218 9219 9220 9221 9315 9320 10199 11258 12458 12637 12911 13136 13905 14759 15391 16397 17427 
扌 9222 
才 1191 2002 2160 2743 2744 3095 3952 4437 6514 6684 7473 7841 7953 8118 8670 9223 9224 9225 9226 9227 9228 10594 13126 13672 15529 16514 16521 16651 16860 
扎 4739 7805 7806 9229 9230 9231 9232 9514 10771 
扑 9233 9234 9235 
打 4588 4740 6609 9236 9237 9238 9239 9240 9241 9242 9243 9244 9245 9246 9247 9248 9249 9250 9251 9252 11257 11446 
扔 9253 
托 2061 2341 3359 3437 6198 7234 7341 9254 9255 9256 9257 9258 9259 9260 9261 9262 10686 14450 15403 15404 15405 
扣 1229 1633 6609 9263 9357 14131 
执 2454 5209 6261 9264 9265 9266 9267 9268 9269 9270 9271 9272 9273 16951 
扩 1643 9274 9275 9276 9277 9278 9279 
扪 9280 
扫 9281 9282 9283 9284 9285 11884 
扬 4349 6636 7285 8250 8261 9286 9287 9288 9289 9290 15445 16048 16237 17096 17709 17975 17977 
扭 9291 9292 
扮 9293 9294 
扰 7905 
批 1165 1192 6610 9295 9296 9297 9298 9299 9300 9301 10002 13906 
扼 9302 
找 7429 9303 9304 
承 1265 3131 5704 7846 9305 9306 9307 9308 9309 13631 14358 14359 
技 4424 9310 9311 9312 9313 9314 9315 9316 10973 13696 13701 15251 17989 
抄 9317 9318 10015 
把 2895 9319 9320 9321 9322 9323 9324 13907 16646 
抑 5038 9290 9325 9326 16163 
抒 5494 9327 9328 9329 9330 9331 9332 9333 13208 
抓 9334 9335 9336 9337 
投 9338 9339 9340 9341 9342 9343 9344 9345 9346 9347 
抖 9348 
抗 4331 5161 5755 7405 9349 9350 9351 9352 9386 
折 1633 6609 9353 9354 9355 9356 9357 9358 9359 9360 9361 9362 9521 10622 10623 13118 16428 
抚 9363 9364 9365 9366 
抛 9367 9368 9369 15422 
护 3413 3414 3518 9370 9371 14376 
报 2765 3685 6592 7021 7076 9372 9373 9374 9375 9376 9377 9378 9379 10907 13273 
抬 9380 9381 9382 
抱 9383 9384 9448 
抵 6611 9385 9386 9387 9754 
抹 9388 11980 12036 15287 
押 9389 
抽 9390 9391 9392 9393 9394 9395 
拂 9396 
担 9307 9397 9398 9399 16103 
拆 9400 9401 9402 
拈 3651 
拉 2626 2745 3445 3704 3705 3706 4940 5634 5786 6104 7586 7752 7999 8525 9260 9403 9404 9405 9406 9407 9408 9409 9410 9411 9412 9413 9414 9415 9416 9417 10102 10474 10558 11116 11556 11694 14021 14122 15042 16197 17341 17342 17896 
拊 9418 
拍 9419 9420 15012 
拒 9351 9421 
拓 8159 9422 9423 9424 
拔 4299 4565 17343 
拖 9425 9426 
拗 9268 
拘 1634 9427 9428 9429 10253 10254 
拙 2534 9430 9431 14040 
招 9432 9433 9434 9435 9436 
拜 6112 7704 7705 9437 9438 9439 9440 9441 9442 12872 13569 13655 14806 
拟 1635 9052 9443 9444 9445 9446 9729 11292 11535 15273 
拢 17615 
拥 9447 9448 9449 9450 9451 
拨 5162 5163 9452 9453 9454 
择 1636 4152 5661 9455 9456 14813 16808 16809 
括 4741 11275 
拭 9457 
拯 9458 
拳 9459 9677 
拼 9460 9461 9462 9463 
拾 9464 
拿 4659 9465 9466 9467 11842 
持 2001 2124 2125 3415 3416 3446 6262 6943 7560 9209 9370 9468 9469 9470 9471 9472 9473 9474 9475 9476 9477 9758 13405 14377 14855 15013 
挂 9478 9479 9480 10255 14515 
指 3971 5948 7561 8965 9169 9299 9481 9482 9483 9484 9485 9486 9487 9488 9489 9490 9491 9492 9493 9494 9495 9496 9497 9498 9499 9500 9501 10463 10608 11830 12546 14760 
挈 9659 
按 9502 
挑 9503 9504 9505 9506 9507 9508 
挖 9509 9510 
挚 13357 15874 
挟 9511 9512 
挠 1603 
挡 9513 
挣 9514 9515 
挤 9449 9561 
挥 1193 3625 5198 5199 9493 9516 9517 
挪 9518 9519 9520 14802 
挫 9521 17703 
振 3858 6400 9522 9523 9524 9525 9526 9527 9528 9529 17365 
挺 9530 
挽 9531 9532 
捉 3178 9533 9534 9536 9537 16758 
捐 15049 
捕 9535 9536 9537 9538 15423 
损 2548 9539 9540 9541 9542 10256 10772 10773 11707 
换 4361 5272 9543 9544 9784 14470 14789 16429 16430 
捧 9545 
据 3360 9546 9547 9548 9549 10509 11188 15724 15758 
捷 3383 13984 14256 
掀 9550 9551 
授 3132 4596 9552 9892 
掉 2746 3874 4598 4894 5089 8618 9390 9553 9554 11493 
掌 9210 9555 12443 18017 
排 7132 9556 9557 9558 9559 9560 9561 9562 9563 9564 9565 9566 9567 14605 17099 17184 
掘 5200 8160 9509 
掠 9568 9569 
探 7351 9570 9571 9572 9573 9574 9575 9576 9577 9578 12098 15807 
掣 9579 
接 2644 6986 8691 9461 9580 9581 9582 9583 9584 9585 9586 9587 9588 9589 9590 9591 9592 9593 13209 14132 15359 16585 16712 17270 17271 
控 9594 9595 9596 10272 16023 
推 9597 9598 9599 9600 9601 9602 9603 9604 9605 9606 9607 9608 9609 9610 9611 9612 9613 9614 9615 9616 9617 9618 9619 9620 9621 9622 9623 9624 9625 10418 17866 
掩 9626 9627 9628 9629 11567 12797 16946 
措 2156 3987 9630 9631 
掷 9632 9633 
揄 9634 9684 
揉 13430 
揍 9635 12593 
描 2770 9636 9637 9638 9639 9640 9641 9642 9643 13092 14114 16455 
提 3488 3489 3854 4037 4542 6199 6314 6347 6350 6570 6588 7100 9644 9645 9646 9647 9648 9649 9650 9651 9652 9653 9654 9655 9656 9657 9658 9659 9660 9661 9662 9663 9664 9665 9666 9667 9668 9669 9670 10464 15177 18131 
插 9671 9672 9673 9674 
揖 9675 
握 6162 9321 9322 9555 9676 9677 9678 12443 
揣 9679 
揭 9680 9681 9682 
援 9683 
揶 9684 
揽 4742 
搏 9685 9686 14691 
搜 9687 9688 9689 9690 
搞 9691 9692 9693 
搬 9694 
摄 9420 9695 9696 9697 9698 9699 9700 9701 13274 14349 
摆 9702 9703 9704 9705 9706 9707 9708 9709 9710 9712 17155 
摇 1843 4687 8535 9711 9712 9713 9714 9715 
摊 6200 
摒 9716 
摘 9717 9718 
摧 9719 
摩 9365 9679 9720 9721 9722 12471 12682 
摭 9723 
摸 9366 9724 9725 
摹 9638 9726 9727 9728 9729 9730 
撇 9731 
撑 9732 9759 9760 
撒 9733 
撕 9734 
撞 13507 
播 3133 3134 3135 3136 8020 8021 9735 9736 9737 10143 12385 12966 13210 16431 
撰 9170 9738 9739 9740 9741 9742 11010 14406 
撷 9743 
撼 9713 9744 17552 17553 
擅 9745 9746 
操 1364 3220 3988 5392 5466 8881 9747 9748 9749 9750 10673 15014 17893 
擢 9751 
擦 9752 9753 
攀 9754 
攒 13720 
支 1194 9755 9756 9757 9758 9759 9760 9761 9762 9763 9764 14883 
收 4015 5710 8058 9587 9765 9766 9767 9768 9769 9770 9771 9772 9773 9774 
攸 9775 9776 
改 1637 3447 7181 9518 9777 9778 9779 9780 9781 9782 9783 9784 9785 9786 9787 9788 9789 9790 9791 9792 14010 
攻 2645 9793 9794 9795 9796 12342 14606 
放 1638 4919 4920 4921 6802 7394 8161 8162 8163 8164 9707 9736 9792 9797 9798 9799 9800 9801 9802 9803 9804 9805 9806 9807 9808 9809 9810 9811 9812 9813 9814 9815 9816 9817 9818 10280 11595 14471 15483 15593 15594 16088 16089 17067 
政 2080 3726 3953 5100 6081 6163 7315 8344 9269 9819 9820 9821 9822 9823 9824 9825 9826 9827 9828 9829 9830 9831 9832 9833 9834 9835 10257 11792 
故 1808 2740 3363 5068 7793 9836 9837 9838 9839 9840 9841 9842 9843 9844 9845 9846 9847 9848 9849 9850 9851 9852 9853 9854 9855 9856 9857 9858 9859 9860 11605 13614 14416 15679 
效 4359 4453 7066 9073 9861 9862 9863 9864 9865 9866 10403 10774 10775 10776 13551 14286 15342 15567 16449 17053 17657 17978 
敌 9867 9868 9869 9870 15725 
敏 9871 9872 9873 9874 9875 10950 
救 9458 9532 9876 9877 9878 9879 9880 15373 
敖 9881 
教 1398 1399 2981 3047 3063 3268 3269 4596 5069 5070 5178 6086 6326 7179 7180 7181 7182 7314 7373 8192 9440 9825 9882 9883 9884 9885 9886 9887 9888 9889 9890 9891 9892 9893 9894 9895 9896 9897 9898 9899 9900 9901 9902 9903 9984 10122 10179 10359 11388 11675 11705 13530 14298 14728 15841 15952 15972 16652 17990 
敛 9768 9904 9905 
敞 9906 
敢 1639 1640 4712 9907 11101 
散 1236 2982 4334 5189 5201 5996 9279 9908 9909 9910 9911 9912 9913 9914 9915 9916 9917 9918 9919 9920 9921 9922 11046 12238 13666 14640 14681 17535 
敦 3156 7352 9923 9924 12200 
敬 2928 7706 8799 9474 9925 9926 9927 9928 9929 9930 9931 9932 9933 12423 12687 
数 2081 2082 2083 2747 3467 4211 4962 6515 6586 7381 7382 7515 7516 8511 9934 9935 9936 9937 9938 9939 9940 9941 9942 9943 9944 9945 9946 9947 9948 10258 10259 10260 10261 11297 14332 17072 17392 
敲 9609 9949 
整 1195 4886 4983 7164 7165 7740 9690 9950 9951 9952 9953 9954 9955 9956 9957 9958 9959 9960 9961 9962 9963 9964 9965 9966 11970 15550 16024 
敷 17097 
文 1196 1454 1455 1848 1962 1979 2003 2004 2026 2084 2256 2622 2748 2749 2750 2751 2752 2753 2764 2826 2983 3027 3297 3332 3401 3587 3817 3954 4654 4898 5019 5071 5106 5287 5313 5318 5331 5332 5700 5865 6560 6561 6615 7082 7316 7485 7533 7534 8040 8124 9074 9377 9431 9741 9845 9915 9916 9917 9967 9968 9969 9970 9971 9972 9973 9974 9975 9976 9977 9978 9979 9980 9981 9982 9983 9984 9985 9986 9987 9988 9989 9990 9991 9992 9993 9994 9995 9996 9997 9998 9999 10000 10001 10002 10003 10004 10005 10006 10007 10008 10009 10010 10011 10012 10013 10014 10015 10016 10017 10018 10019 10020 10021 10022 10023 10024 10025 10026 10027 10028 10029 10030 10031 10032 10033 10034 10035 10036 10037 10038 10039 10040 10041 10042 10043 10044 10045 10046 10047 10048 10049 10050 10051 10052 10053 10054 10055 10056 10057 10098 10536 10908 11328 11336 11420 11545 11606 11607 12128 12260 12528 12683 12727 12935 13101 13102 13125 13437 13702 14081 14499 15041 15350 15700 15726 15727 15799 15842 15906 15907 15917 16514 16543 16602 16698 16847 17133 17173 17671 
斋 10058 14661 14767 
斐 9413 
斑 10059 10060 
斗 6794 9125 9126 9127 9686 10061 10062 10063 12398 14521 17328 17636 
料 3209 4006 5434 10026 11005 11129 16206 16207 16800 17714 17759 
斛 1342 10064 
斜 3497 10065 10066 12508 13188 
斟 10067 
斤 1668 10068 
斥 3634 9562 10069 13211 16164 
斩 8640 10070 
断 1641 1642 1643 1644 1645 1646 1742 2005 2984 4456 4457 6279 8349 9610 10071 10072 10073 10074 10075 10076 10077 10078 10079 10080 10081 10082 10123 11102 11223 11302 11447 12480 12617 13699 14383 15056 15728 15769 16716 
斯 2535 2621 3062 3063 3164 3165 3706 3707 3713 3843 4243 4362 4391 4483 4720 4913 5166 5823 5828 5829 6348 6350 6734 6819 6820 6822 6886 6956 6958 7050 7121 7521 7582 7809 7810 7840 7866 8034 8048 8063 8076 8115 8527 8792 8793 9258 9260 9261 9262 9414 10083 10084 10085 10086 10087 10088 10089 10090 10091 10092 10093 10094 10095 10096 10097 10098 10099 10100 10101 10102 10103 10180 10562 11139 11143 11209 11261 11328 11531 11556 11821 11822 11843 11895 12460 12471 12587 12753 13703 14118 14119 14380 14430 14650 14979 15096 15153 15158 15165 15464 15994 16197 16255 16361 16413 16870 17073 17333 17337 17343 17344 17345 17880 17897 17899 17905 17929 18025 18106 18131 
新 2985 3762 4282 4429 5277 5932 5951 6366 7720 8821 9625 10104 10105 10106 10107 10108 10109 10110 10111 10112 10113 10114 10115 10116 10117 10118 10119 10120 10121 10122 10123 10124 10125 10126 10127 10128 10129 10130 10131 10132 10133 10134 10135 10136 10137 10138 10139 10140 10141 10142 10143 10144 10145 10146 10147 10148 10149 10150 10340 10355 10363 10455 10651 10652 11676 12155 12156 13119 13475 14545 14647 14921 17098 17099 17100 17393 17637 
方 1197 1448 1844 1845 1846 1847 1848 1849 1857 2754 3136 3371 3763 4338 4425 4558 4771 4838 5138 5347 5479 6201 6202 6317 6516 6517 7039 7189 7406 8419 10151 10152 10153 10154 10155 10156 10157 10158 10159 10160 10161 10162 10163 10164 10165 10166 10167 10168 10169 10170 10171 10172 10173 10174 11370 12432 12840 15465 15466 15467 15508 15978 16653 16746 17602 
施 3987 5231 7235 9630 10175 10176 10177 10178 10179 10180 10181 
旁 10182 10183 10184 10185 10186 11007 
旅 4110 10187 10188 10189 10190 
旋 2126 6019 10191 10192 10193 15325 15326 15327 
族 1963 3311 3562 5495 6082 6134 6470 6596 7317 7516 8193 8195 8361 10194 10195 10584 11575 11576 11586 11587 11588 11589 11590 11591 11592 11593 11594 11595 11596 11597 11598 12629 13682 15015 15302 16184 16185 17001 17017 
旗 10196 10197 10198 10199 10200 
无 1270 1647 1648 2755 2986 3920 4153 4182 5435 6566 6635 7168 7541 7979 8324 8590 8692 8796 8828 10201 10202 10203 10204 10205 10206 10207 10208 10209 10210 10211 10212 10213 10214 10215 10216 10217 10218 10219 10220 10221 10222 10223 10224 10225 10226 10227 10228 10229 10230 10231 10232 10233 10234 10235 10236 10237 10238 10239 10240 10241 10242 10243 10244 10245 10246 10247 10248 10249 10250 10251 10252 10253 10254 10255 10256 10257 10258 10259 10260 10261 10262 10263 10264 10265 10266 10267 10268 10269 10270 10271 10272 10273 10274 10275 10276 10277 10278 10279 10280 10281 10282 10283 10284 10285 10286 10287 10288 10289 10290 10291 10292 10293 10294 10295 10296 10297 10298 10299 10300 10301 10302 10303 10304 10305 10306 10307 10308 10309 10310 10311 10312 10313 10314 10315 10316 10317 10318 10653 10654 10746 10763 10777 10941 11463 11568 11569 11570 11571 11664 11665 12171 12601 13172 13260 14337 14530 14918 15073 15124 15274 15614 15621 16140 16398 
既 10319 10320 10321 10322 10323 10324 10325 10326 10327 10328 11729 
日 1198 1199 1327 1400 1760 2257 2765 2827 2987 3244 3685 4220 4790 4821 5130 5568 8345 10329 10330 10331 10332 10333 10334 10335 10336 10337 10338 10339 10340 10341 10342 10343 10344 10345 10346 10347 10348 10349 10350 10413 10477 13093 13119 14158 14260 15009 15229 15682 
旦 10351 10352 16856 
旧 2842 3361 5273 5325 5333 5932 7119 8661 8774 10124 10125 10353 10354 10355 10356 10357 10358 10359 10360 10361 10362 10363 10364 10365 10366 10367 10368 13474 13475 14582 17366 17393 
旨 2127 5069 5070 7183 8966 10369 10370 10371 10372 10373 11193 15484 17752 
早 10374 10375 10376 10377 10378 10379 10380 10381 10382 10383 10384 10655 10705 16477 16724 
旭 10385 
旱 6612 
时 1187 1200 1201 1202 1217 1440 1565 1649 1828 2006 2169 2258 2828 3436 3540 3664 3859 3889 4376 4508 4853 4941 4984 5028 5065 5124 5428 5476 5545 5569 5784 5866 5997 5999 6039 6040 6727 7100 7496 7517 8346 8434 9121 10136 10360 10366 10386 10387 10388 10389 10390 10391 10392 10393 10394 10395 10396 10397 10398 10399 10400 10401 10402 10403 10404 10405 10406 10407 10408 10409 10410 10411 10412 10413 10414 10415 10416 10417 10418 10419 10420 10421 10422 10494 10601 10602 10778 10779 10949 11357 11421 11459 11488 11530 12386 12453 12745 12834 12863 12864 12993 13400 13450 13863 13864 13973 15729 16156 16569 16790 17164 17572 17577 18089 18111 
旷 10423 10424 10425 10426 16300 
旺 2706 3901 10427 10428 
昂 9039 10429 10430 17979 
昆 10431 10432 10433 
昌 11448 14147 
明 1650 1916 1962 2988 3007 3216 3627 3684 3685 4335 4458 5202 5203 6141 6613 7010 7011 7012 7013 7150 7151 7252 8165 9494 9508 9855 10011 10016 10017 10018 10262 10434 10435 10436 10437 10438 10439 10440 10441 10442 10443 10444 10445 10446 10447 10448 10449 10450 10451 10452 10453 10454 10455 10456 10457 10458 10459 10460 10461 10462 10463 10464 10465 10466 10467 10925 11148 11666 11877 12157 12312 12387 12528 12950 13591 13611 13704 13705 13753 13773 13788 13985 14067 14081 14685 14856 15382 15712 15759 15953 15990 16478 16515 16820 17285 17306 17405 17604 17710 17930 17980 18032 
昏 10468 10469 10470 
易 1651 5274 5741 7321 7922 7923 10471 10472 10473 10474 10525 11066 13091 16359 16360 16361 16456 16460 16848 17466 
昔 10475 10476 10477 10478 
星 1328 4172 4952 7383 8406 10446 10447 10479 10480 10481 10482 10483 10484 11358 11943 12373 13653 13875 
映 5164 9812 10485 10486 10487 17495 
春 5655 10381 10488 10489 10490 10491 10492 10493 10494 10495 10615 10994 17015 17221 
昧 15228 
昭 3652 10496 10497 10498 
是 1138 1203 1526 1545 1586 1652 1714 1756 2007 2093 2161 2399 2508 2811 3048 3112 3179 3180 3293 3384 3489 3572 3653 4996 5405 5436 5570 5880 6045 6203 6401 6887 7047 7111 7220 7561 7603 8059 8347 8448 8762 9075 9227 10301 10499 10500 10501 10502 10503 10504 10505 10506 10507 10508 10509 10510 10511 10512 10513 10656 10657 10909 11389 11390 11422 11537 13051 13137 13162 13358 13854 13993 14123 14819 15288 15730 15792 15843 16081 16399 16631 16654 17012 17662 
昼 5452 10514 14857 
显 5496 6471 7794 10448 10515 10516 10517 10518 10519 10520 10521 10522 10523 10524 10525 10526 10527 10528 10529 10530 10531 10658 10706 17467 17604 
晁 10532 10533 
晃 1843 
晋 1850 10534 10535 10536 18013 
晏 5867 10537 10538 
晓 3422 6685 9140 10539 10540 10541 11730 15412 16861 
晔 10542 
晚 2829 6541 10041 10543 10544 10545 10546 10547 10548 10549 10550 10551 16479 
晦 10552 17440 
晨 7383 12158 
普 10553 10554 10555 10556 10557 10558 10559 10560 10561 10562 10563 10564 10565 10566 10567 10568 10569 10570 10571 10572 10573 11712 11844 11845 11846 11847 12674 17560 17561 
景 4097 4543 4985 5020 6105 6234 6780 8882 8883 9986 10574 10575 10576 10577 10578 10579 10580 10581 10582 10583 10584 14148 14500 14724 16699 17787 17788 
晰 10449 12159 12160 
晶 11643 14308 
智 1653 3955 7555 10450 10585 10586 10587 10588 10589 10590 10591 10592 10593 10594 10595 10596 10597 10598 10599 10951 12780 13398 14184 16186 
暂 10600 10601 10602 10603 10604 13438 
暇 17266 
暑 7369 
暖 2741 12198 17851 
暗 3519 10451 10605 10606 10607 10608 10609 10610 10611 10612 10613 10614 11148 12357 18095 18132 
暮 10352 10615 
暴 10616 12577 14041 
曙 10617 
曝 10618 
曦 10619 
曰 1204 2325 3835 5468 5587 9109 9856 10620 11599 13044 14350 16993 17174 
曲 1205 2516 2641 3298 3299 3612 3764 4997 8194 9053 9673 10621 10622 10623 10624 10625 10626 10627 10628 10629 10630 11359 11454 12613 12794 13592 14957 15001 16688 17867 
曳 9714 10631 
更 2400 5275 6164 10632 10633 10634 10635 10636 10637 10638 10639 10640 10641 10642 10643 10644 10645 10646 10647 10648 10649 10650 10651 10652 10653 10654 10655 10656 10657 10658 10659 10660 10661 10662 10663 10664 10665 10666 12587 17981 
曹 10667 10668 10669 10670 10671 10672 10673 10674 10675 10676 
曼 4464 5825 6820 10677 10678 12195 12547 14213 14574 
曾 1654 1655 2008 10678 10679 10680 10681 10682 10683 10684 10685 10686 10687 10688 10864 
替 2646 2915 10689 10690 
最 10691 10692 10693 10694 10695 10696 10697 10698 10699 10700 10701 10702 10703 10704 10705 10706 10707 10708 10709 10710 10711 10712 10713 10714 10715 10716 10717 
月 1401 2509 3696 4822 5668 7682 10126 10307 10340 10341 10452 10718 10719 10720 10721 10722 10723 11699 15136 17789 17803 
有 1655 1656 1990 2009 2469 2618 2679 2756 2813 2869 2959 3181 3257 3308 3654 3818 3860 3956 3992 4016 4018 4058 4359 4481 4482 4519 4823 4875 4930 4931 5072 5116 5350 5497 5498 5499 5500 5631 5676 5886 6066 6083 6420 6518 6614 6615 7359 7360 7374 7518 7535 7548 7795 7875 7893 8060 8292 8348 8467 8591 8650 8737 8884 9092 9171 9172 9450 9451 9475 9528 9678 10263 10326 10361 10378 10406 10707 10724 10725 10726 10727 10728 10729 10730 10731 10732 10733 10734 10735 10736 10737 10738 10739 10740 10741 10742 10743 10744 10745 10746 10747 10748 10749 10750 10751 10752 10753 10754 10755 10756 10757 10758 10759 10760 10761 10762 10763 10764 10765 10766 10767 10768 10769 10770 10771 10772 10773 10774 10775 10776 10777 10778 10779 10780 10781 10782 10783 10784 10785 10786 10787 10788 10789 10790 10791 10792 10793 10794 10795 10796 10797 10798 10799 10800 10801 10802 10803 10804 10805 10806 10807 10808 10809 10810 10811 10812 10813 10814 10815 10865 11067 11763 11825 12215 12429 12511 12516 12548 12618 12825 13025 13495 13678 13857 14261 14746 14858 15057 15058 15289 15342 15615 15622 15681 15844 15908 16104 17013 17053 17547 17854 17855 17856 17857 18033 
朋 10816 
服 2925 3708 7638 8428 8429 9358 10491 10817 10818 10819 10820 14815 15365 15420 15954 
朔 10821 
朗 2375 3155 7832 8166 8243 8244 8245 8526 9919 10453 10822 10823 10824 10825 10826 13823 14019 16073 
望 3084 5596 5927 6402 6746 6812 6959 7855 8295 8530 9022 10827 10828 10829 10839 11339 12209 13275 14338 15193 
朝 1887 3836 4544 4900 10454 10830 10831 10832 10833 10834 12161 12684 15059 16778 17417 
期 1201 1434 1657 1971 2010 2259 2989 3889 4336 4447 4492 4545 5620 5742 5743 5784 10342 10382 10407 10481 10482 10548 10835 10836 10837 10838 10839 10840 10879 10910 13439 13864 16426 16608 17222 17223 17224 18111 
朦 10841 
木 1276 5334 10842 10843 10844 10845 10846 10847 10848 10849 10850 10851 10852 11166 13593 14735 15107 
未 2618 2868 2869 2870 3655 7536 7980 8844 10478 10853 10854 10855 10856 10857 10858 10859 10860 10861 10862 10863 10864 10865 10866 10867 10868 10869 10870 10871 10872 10873 10874 10875 10876 16700 
末 1820 3957 5744 6020 10877 10878 10879 10880 10881 10884 16971 17418 
本 1206 1207 2085 2423 2757 2758 2873 3002 3958 4221 4583 4721 4963 5059 5073 5225 6311 6312 6313 6314 6315 6316 6317 6318 6319 6320 6321 6442 6861 7407 7669 8167 9076 9099 9173 9318 10019 10343 10672 10882 10883 10884 10885 10886 10887 10888 10889 10890 10891 10892 10893 10894 10895 10896 10897 10898 10899 10900 10901 10902 10903 10904 10905 10906 10907 10908 10909 10910 10911 10912 10913 10914 10915 10916 10917 10918 10919 10920 10921 10922 10923 10924 10925 10926 11189 11190 11191 11192 11193 11194 11195 11293 12517 13594 13870 14584 15092 15770 15800 15880 16002 16180 16208 16209 16210 18025 
札 7053 10927 
术 1849 1983 3495 3588 5320 7077 7078 7079 7080 7081 7082 7774 8333 9312 9313 9314 9315 9982 10005 10595 10928 10929 10930 10931 10982 11608 12391 13696 14501 14502 14503 14504 14505 14506 14948 14985 14986 14987 14988 14989 14990 14991 14992 14993 14994 14995 14996 14997 14998 14999 15000 15001 15002 15003 15004 15005 15384 15440 15568 15918 16877 17101 17609 
朱 4283 10932 10933 10934 10935 10936 10937 10938 10939 
朴 10940 10941 10942 16139 16140 16616 
朵 14644 
机 4472 4688 4973 6433 6686 6799 7821 8349 8553 9697 10264 10408 10780 10781 10943 10944 10945 10946 10947 10948 10949 10950 10951 10952 10953 10954 10955 10956 10957 10958 12865 12957 12965 13850 14282 15651 16596 17428 17429 
朽 1658 4833 11660 14797 
杀 2990 5084 7657 9302 10959 10960 10961 10962 14859 14860 
杂 3613 6443 6444 6445 6446 6770 8092 10963 10964 10965 10966 10967 10968 10969 10970 10971 10972 10973 10974 11544 12146 14145 14205 15049 
权 2112 5217 6077 6838 7042 8202 9763 9826 10975 10976 10977 10978 10979 10980 10981 10982 10983 10984 11504 12476 12685 13149 13595 15351 17569 
杆 9732 
李 7083 10985 10986 10987 10988 10989 10990 10991 10992 10993 10994 10995 10996 10997 10998 10999 11000 11001 11002 11003 
材 5238 5239 5240 6616 7558 9893 11004 11005 14115 16400 17753 
村 4115 6212 11006 11007 17840 
杖 9211 10631 
杜 11008 11009 11010 11011 11012 
杞 11013 
束 1208 3686 10253 11014 11015 14165 14309 14310 15431 
条 1209 1888 2562 3258 3646 4430 4438 8583 9894 10265 11016 11017 11018 11019 11423 14046 14218 16655 
来 1272 1449 1482 2011 2153 2759 2871 2991 3137 3150 3245 3656 4068 4098 4284 4340 4493 4839 4990 5029 5074 5329 5621 5622 5623 5649 5740 6021 6106 6158 6204 6472 6891 6949 7013 7022 7876 7954 8061 8168 8230 8425 8488 8715 8937 9234 9432 9581 9641 9809 10409 10410 10531 10549 10603 10737 10866 10867 10868 10869 10911 10912 11020 11021 11022 11023 11024 11025 11026 11027 11028 11029 11030 11031 11032 11033 12173 12866 12912 12915 12937 12938 13256 13327 13337 13596 14607 14737 15650 15691 15955 16282 16320 16376 16570 16586 16605 16607 16610 16938 17223 17225 17420 
杨 11034 
杭 11035 
杯 1210 11036 
杰 3392 5862 7133 11037 11038 11039 11040 11041 13156 16983 
杳 11042 
杼 7711 7712 11043 
松 7330 11044 11045 11046 11047 16457 
板 5719 6205 9428 10847 11048 11181 14546 14565 
极 1211 1450 1889 2012 2260 2510 6716 6717 10266 11049 11050 11051 11052 11053 11054 11055 11056 11057 11058 11059 11060 11061 11062 11063 11064 11065 11066 11067 11068 11069 11070 11071 11072 12043 12518 13085 13721 13722 13723 13724 13725 14262 15290 
构 5571 7624 8134 9184 10952 11073 11074 11075 11076 11077 11078 11079 11080 11081 11082 11083 11084 12044 14227 14311 14312 15275 15595 15596 17102 
枉 8437 11085 13431 
析 3985 4337 4338 4567 4652 11018 11032 11086 12096 14075 15597 15731 15771 16222 16516 16522 17286 
林 1837 3484 3589 3590 4483 5540 6821 6822 6888 7829 9077 10094 10559 11047 11087 11088 11089 11090 11091 11092 11093 11094 11095 11096 11097 11098 11117 11143 11167 11208 11449 12668 13706 14015 17898 17899 
枚 1693 
果 5921 6263 6889 8594 9078 9863 11099 11100 11101 11102 13465 13636 15029 15567 17525 17657 
枝 9359 11103 11104 11105 11106 11107 13871 
枪 5856 
枫 11108 
枯 3520 7906 11109 11110 11111 
架 4816 5705 11081 11112 11113 11114 11219 16134 
柄 9212 
柏 11115 11116 11117 11118 11119 
某 11120 11121 11122 11123 11124 11125 
柒 11126 
染 4286 9008 11127 11128 11129 11708 12033 12207 
柔 2992 4415 4416 11130 11131 11132 11133 11134 11135 11136 12199 12200 16458 17315 17316 
柝 11137 
查 11138 11139 11140 14576 16025 
柯 11141 11142 11143 13654 14378 
柱 6121 9761 11144 14741 
柳 5573 11145 11146 11147 11148 11149 
标 2777 5876 6794 8106 8757 9495 11150 11151 11152 11153 11154 11155 11156 11157 11158 11159 13193 17199 17982 
栋 11160 11161 
栏 1783 8014 
树 2261 4875 5335 8135 11162 11163 11164 11165 11166 11167 11168 11169 11170 11227 11230 12619 
栖 11171 
栗 11172 
校 2414 11173 11174 12388 13026 15693 16491 
栩 11175 
株 11176 
样 3573 4484 5491 5503 5572 6107 6519 6520 6521 6528 8207 8670 10300 11177 11178 11179 11180 11181 11182 11183 11281 14209 16141 
核 11184 
根 2872 2873 3875 5039 5780 6296 7430 8310 8311 8312 9721 10913 11185 11186 11187 11188 11189 11190 11191 11192 11193 11194 11195 11196 11197 12760 12867 14465 
格 1917 2760 2769 3064 3166 4476 4722 5814 7134 7135 7202 7584 8076 8520 8738 8739 8793 10090 10165 10825 10995 11118 11198 11199 11200 11201 11202 11203 11204 11205 11206 11207 11208 11209 11210 11211 11212 11213 11214 11215 11216 11536 11598 12028 12700 14443 15005 15042 15128 15468 17654 17790 17791 17792 17900 17983 18096 18097 
桂 11217 
桄 11218 
框 10782 11219 11220 16530 
案 1939 1940 2424 2713 6108 10166 11221 11222 11223 11229 13968 
桑 11011 11224 11225 11226 11227 
桓 13175 18133 
桔 11228 
档 2713 8313 11229 
桥 4566 13831 
桦 11230 
桨 3844 
桩 7478 
梁 11161 11231 11232 11233 11720 
梅 11234 11235 11236 11237 17135 17371 
梗 11238 
梦 2262 3541 4133 11239 11240 11241 13093 14160 17047 
梭 4945 
梯 17325 
械 10953 
梳 11242 
梵 2993 6165 7408 11243 11244 11245 11246 11247 11248 
检 11249 11250 11251 11252 14547 
棉 11253 
棋 11254 
棍 10848 11255 
棒 8339 11256 11257 
棘 11258 
森 6284 7014 8418 10996 11118 11211 11259 11260 11261 11712 14456 15631 16201 
棱 11262 
棹 11263 
椅 2647 
植 6297 6298 11264 13743 
椰 11265 
楚 9692 11266 11267 12162 14539 17677 
楠 4402 
楮 11268 
楷 11269 
楼 10633 11270 11271 13655 14159 14160 17038 
概 1212 2943 6617 11238 11272 11273 11274 11275 11276 11277 11278 11279 15082 
榄 11308 
榔 11218 
榛 11280 
榜 11156 11281 
榫 11282 
樊 11283 11284 11285 
模 3144 4516 6318 6645 9246 11269 11286 11287 11288 11289 11290 11291 11292 11293 11294 11295 11296 11297 11298 15551 
横 11299 11300 11301 11302 11303 11304 11305 11306 11307 14194 14195 14196 14197 16972 17927 
橄 11308 
橛 11309 
欠 11310 
次 1213 1402 1890 2128 3202 4069 5998 6506 6507 6522 7623 7624 7658 10260 10684 11311 11312 11313 11314 11315 11316 12116 12180 13908 13919 13932 13933 16656 17971 
欢 5933 8858 8859 11317 11318 11319 11320 11321 12578 13662 
欣 5573 8220 11322 11323 11324 11325 11326 15000 
欧 11327 11328 11329 11330 11331 11332 11333 11334 11335 11336 17605 
欲 2865 3323 5952 7379 8295 8722 8885 8967 10267 11337 11338 11339 11340 11798 13637 13638 14198 14692 17424 
欷 11341 
欺 11342 11343 11344 11345 
款 11346 
歇 7833 11347 11553 
歌 2263 2390 2896 3856 4986 5895 5896 5897 6839 7670 8270 9965 10489 11186 11348 11349 11350 11351 11352 11353 11354 11355 11356 11357 11358 11359 11360 11361 11362 11363 11364 11365 11600 12504 12579 15001 15708 15845 16238 17226 17711 17867 17984 
止 1659 2086 2814 3544 4501 7375 7894 9857 10602 11171 11366 11367 11368 11664 11665 13191 13639 14263 15623 16554 16693 17298 17585 
正 1207 2013 2170 3448 3819 5165 5868 6332 6742 9299 9453 10020 11369 11370 11371 11372 11373 11374 11375 11376 11377 11378 11379 11380 11381 11382 11383 11384 11385 11386 11387 11388 11389 11390 11391 11392 11393 11394 11395 11396 11397 11398 11399 11400 11401 11402 11403 11404 11405 13359 13431 13432 14152 15374 16502 17489 17930 
此 1761 1762 2087 2358 2536 2874 2994 4232 5574 5879 6166 6890 6891 7409 7562 7563 7989 8499 9502 9547 9813 9847 10268 10657 10783 11379 11390 11406 11407 11408 11409 11410 11411 11412 11413 11414 11415 11416 11417 11418 11419 11420 11421 11422 11423 11424 11425 11426 11427 11428 11429 11430 11431 11432 11433 11434 11435 11436 12936 12937 12938 12939 13328 14861 14862 14913 14934 15211 15694 15772 15980 17394 
步 1214 1215 1891 1892 2664 3666 4222 4448 5575 6206 6618 10665 11437 11438 11439 11440 11441 12291 13909 13920 13934 14042 14133 14782 16283 16669 16682 16683 16771 16779 16831 
武 4713 6960 6961 11442 11443 11444 11445 11446 11447 11448 11449 11450 11451 11452 11687 11688 11713 12913 17701 
歧 8727 11453 
歪 11454 16982 
死 2014 2761 3578 3657 4546 4600 10383 10690 11455 11456 11457 11458 11459 11460 11461 11462 11463 11464 11465 11466 11467 12868 12888 13016 14914 15485 15496 16401 17047 
殆 11468 
殉 11469 11470 11471 11472 
殊 8843 11473 11474 11475 11476 12549 12550 15291 
残 11477 11478 11479 11480 11481 14863 
殖 4855 11482 11483 11484 11485 12869 12870 12871 12872 
殳 11486 
段 1216 1217 1218 1403 1404 1893 2015 2359 4451 6619 9213 9315 9962 11487 11488 12481 13910 13921 13935 16657 17326 
殷 2033 11489 
殿 6142 7293 11490 11491 18026 
毁 9719 11492 11493 11494 
毅 5861 6264 11495 
毋 11496 11497 11498 11499 
母 2264 2437 3113 4007 6143 9023 11500 11501 11502 11503 11504 11505 11506 11507 11508 12477 13417 
每 11509 11510 11511 11512 11513 11514 11515 11516 11517 11518 11519 11520 11521 11522 
毒 4520 8554 11523 11524 
毓 11525 
比 1825 3228 4616 5327 5834 6283 7410 9563 9564 10269 11526 11527 11528 11529 11530 11531 11532 11533 11534 11535 11536 11537 11538 11539 11540 11541 11542 11543 11544 11545 11546 11547 11548 11549 13110 13276 14031 14032 15140 15793 16701 
毕 11550 11551 11552 11553 11554 11555 11556 
毛 1405 6502 11557 11558 11559 11560 11561 11562 11563 16452 
毡 11564 
毫 1860 10441 11565 11566 11567 11568 11569 11570 11571 11572 
氏 3030 5655 10939 11329 11573 11574 11575 11576 12029 13754 14631 15214 17134 17403 
氐 11577 
民 1343 1453 1809 1963 1980 2552 2762 2763 2764 2765 2797 3192 3658 3725 3959 3960 4116 4449 4855 5495 5540 6084 6085 6086 6087 7105 7492 7516 7631 7824 7924 7925 8195 8662 9880 10127 10128 11266 11482 11483 11484 11485 11578 11579 11580 11581 11582 11583 11584 11585 11586 11587 11588 11589 11590 11591 11592 11593 11594 11595 11596 11597 11598 11599 11600 11601 11602 11603 11604 11605 11606 11607 11608 11609 11702 11987 12120 13744 
氓 11944 
气 2265 2906 3402 4285 4714 6620 6621 6828 7089 8968 8969 10739 10833 11601 11610 11611 11612 11613 11614 11615 11616 11617 11618 11619 11620 11621 11622 11623 11624 11625 11626 11993 12365 12873 13329 13559 13597 13617 13789 15082 16886 16980 17317 17793 
氛 9985 11617 11627 11628 
氧 11629 16494 
水 1219 2266 2267 4660 7671 7678 11036 11630 11631 11632 11633 11634 11635 11636 11637 11638 11639 11640 11641 11642 11643 11644 11645 11646 11647 11648 11649 11650 11651 11652 11653 11654 11700 11915 12065 12205 13094 13679 14566 15344 15956 16414 17985 18020 
氵 11655 
永 1142 5453 8262 11656 11657 11658 11659 11660 11661 11662 11663 11664 11665 11666 11667 11668 15216 17453 
汀 4404 
汁 5075 
求 1660 2995 3175 3349 4017 4517 4611 4673 5471 5717 6473 7044 7220 7431 7856 8720 9572 10308 11340 11669 11670 11671 11672 11673 11674 11675 11676 11677 11678 12210 12486 13277 14070 14608 15486 15701 16039 16759 17548 
汇 2648 2649 8763 9181 11679 11680 15794 15909 16207 
汉 1851 1894 2830 3876 10554 11024 11450 11681 11682 11683 11684 11685 11686 11687 11688 11689 11690 11691 11946 12441 13075 13714 14568 16973 
汗 11692 11693 
汝 11694 
江 5125 5576 6622 6623 11303 11695 11696 11697 11698 11699 11700 11701 11702 11703 11704 11705 11987 12007 12163 17227 17228 
池 11706 
污 4286 5577 11707 11708 11709 11710 11711 
汤 5462 11712 11713 
汩 12259 
汪 1220 11714 11715 11716 11717 
汰 12081 
汲 11718 11719 
汴 11720 
汶 6624 11721 
汹 11722 11723 
沂 11724 
沃 11725 11726 14709 
沈 11727 11728 11729 11730 11731 
沉 6718 11732 11733 11734 11735 11736 11737 11738 11739 11740 11741 11742 11743 11744 11745 11746 11747 12129 
沌 11971 11972 12147 
沙 1236 6670 11748 11749 11750 11751 11752 11753 11754 11755 11756 17229 
沛 10954 
沟 1852 2916 11757 11758 11759 
没 4287 10784 11760 11761 11762 11763 11764 11867 12150 
沦 11735 11765 11766 11767 11768 
沧 11769 11770 
沪 11771 
沫 11772 
沮 11773 
河 1423 3659 4961 5023 6352 6523 7587 7999 8076 8783 11701 11774 11775 11776 11777 11778 11779 11780 11781 18078 18079 
油 9247 11782 11783 11784 11785 
治 2268 2378 6032 6163 6421 9827 9828 9829 9830 9831 9832 9833 9834 10455 11485 11786 11787 11788 11789 11790 11791 11792 11793 14351 14352 14353 14864 15424 
沾 11794 
沿 11779 11795 11796 11797 16531 
泄 5204 7286 11798 12208 
泉 1342 11094 11095 11799 11800 12062 12242 17296 
泊 11801 12271 12320 17815 
泐 11802 
法 1371 2269 2425 3270 3300 3542 3591 3914 4099 4338 4425 4629 5166 5276 5277 5522 5523 6115 6207 6687 7184 8437 8920 9214 9215 9316 9660 9701 10167 10168 10270 10271 10272 10495 11182 11424 11803 11804 11805 11806 11807 11808 11809 11810 11811 11812 11813 11814 11815 11816 11817 11818 11819 11820 11821 11822 11823 11824 11825 11826 11827 12994 13330 13647 13880 15075 15391 15910 15957 15985 16003 16527 16919 17030 
泛 3353 8022 8023 10560 11828 11829 11830 11831 11832 11833 11834 11835 11836 12008 13790 
波 3961 4138 10021 11644 11795 11837 11838 11839 11840 11841 11842 11843 11844 11845 11846 11847 11848 11849 11850 11851 11852 11853 11854 12164 13095 16730 17346 17794 
泣 6892 6893 
泥 2555 4286 11855 16956 
注 3490 3498 3877 4811 8215 8216 11174 11856 11857 11858 11859 11860 11861 11862 11863 11864 12338 12696 15375 17008 17507 
泪 11865 13379 15330 
泯 11866 11867 11868 
泰 3070 7811 8555 9258 11869 11870 11871 11872 12585 14939 
泳 12219 
泻 1221 3305 3499 16495 
泼 11873 11874 11916 11917 12845 
泽 10997 11561 11562 11702 11875 11876 14975 
泾 11877 
洁 11878 13986 14180 16101 17986 
洄 11879 
洋 1853 4901 6644 7707 11715 11716 11717 11880 11881 11882 11883 15469 
洒 11884 11885 11886 12295 
洗 11887 11888 
洛 3271 8246 8247 11848 11889 11890 11891 11892 11893 11894 11895 11896 11897 12551 17347 17897 
洞 4482 7672 7681 11898 11899 11900 11901 11902 11903 11904 13791 17247 
津 6688 12495 
洪 3715 11905 11906 11907 17066 
洲 2594 2623 11330 11331 11775 14507 18104 
活 2766 3236 3636 4008 4100 6966 7261 8643 10042 10339 11465 11908 11909 11910 11911 11912 11913 11914 11915 11916 11917 11918 11919 11920 11921 11922 12099 12327 12366 12367 12740 12845 12874 12875 12876 12877 12878 13552 14339 18034 
洼 5624 11923 
派 1222 1386 1878 1895 2130 2426 2601 2831 3673 3796 4485 4921 4972 5319 5336 5501 5841 5844 6972 7084 7091 7098 7152 7497 7753 9079 10730 10869 10914 11398 11618 11880 11924 11925 11926 11927 11928 11929 11930 11945 11999 12560 12728 12995 13835 14387 14567 14884 15002 15846 16089 17116 17696 
流 1387 1399 1406 1661 1816 2129 2130 2270 2391 2650 2651 2857 5524 5577 5844 7411 8231 9799 10456 10609 11780 11907 11931 11932 11933 11934 11935 11936 11937 11938 11939 11940 11941 11942 11943 11944 11945 11946 11947 11948 11949 11950 11951 11952 11953 11954 11955 11956 12243 12245 12310 12328 12336 12713 14609 14778 15002 15344 16474 17074 17230 17591 17795 
浅 11957 11958 11959 11960 11961 12130 12826 14043 14706 15171 
浇 3478 11962 
浊 11709 12165 
测 2143 9611 11249 11963 12646 13604 
济 1809 2088 4416 5195 6087 7823 9834 10561 11729 11964 11965 11966 11967 14269 14280 14281 14282 14283 14284 14285 14286 14287 15647 15996 
浏 11968 
浑 11969 11970 11971 11972 11973 11974 11975 11976 
浒 11645 11646 
浓 8449 8886 11977 11978 11979 11980 11981 11982 11983 11984 11985 
浙 11986 11987 
浣 11988 
浩 4820 11989 11990 11991 11992 11993 11994 
浪 8903 9814 11769 11946 11995 11996 11997 11998 11999 12000 12001 17796 
浮 1451 4946 12002 12003 12004 12005 12006 12007 12008 12009 12010 12011 12012 12013 12014 
浴 3739 12015 12016 
海 1452 1453 1454 1455 4172 6172 6625 7673 8970 10483 11009 11703 11716 11796 12017 12018 12019 12020 12021 12022 12023 12024 12025 12026 12027 12028 12029 12030 12031 12032 12472 13114 17075 17340 
浸 11736 11737 12033 12034 12035 
涂 10998 12036 12037 
消 1662 4547 5107 5241 11425 12038 12039 12040 12041 12042 12043 12044 12045 12046 12047 12048 12049 12050 12051 12052 12053 12054 12055 12056 12057 16284 
涉 1663 3878 4450 7907 9496 10273 11300 12058 12059 12060 12533 15911 
涌 1644 11723 11800 12061 12062 12063 12064 17807 
涑 12065 
涓 12066 
涛 8902 8903 11849 12067 13453 
涟 12068 
涡 10192 11647 12069 12287 
涣 12070 
涤 12071 
润 3449 4470 5899 10274 10999 11135 12201 14179 
涨 17987 
涩 3581 10552 12879 14966 15063 
涯 6689 12880 
涵 2566 4043 12072 12073 12074 12075 12076 12077 
淀 11738 13726 
淋 12078 
淑 12079 
淘 11996 12080 12081 
淙 12082 
淡 4167 7926 8795 8796 12083 12084 12085 12086 12087 12088 16455 
淫 2362 7363 12034 12089 15938 
淮 12090 
深 1645 4040 4661 5187 5188 8003 8953 10659 11196 12091 12092 12093 12094 12095 12096 12097 12098 12099 12100 12101 12102 12103 12104 12105 12106 12107 12108 12109 12110 12111 12112 12113 12114 12115 12116 12117 12118 12119 12120 12121 12122 12123 12124 12125 12126 12127 12128 12129 12130 12131 12132 12133 12134 12135 12136 12137 12138 12139 14068 14199 14915 14967 16211 16658 17162 17738 18020 
淳 12140 
混 5677 5678 12141 12142 12143 12144 12145 12146 12147 12148 12149 
淹 12150 15086 
添 4662 6367 7927 10660 12151 17198 
清 1664 5678 9692 9935 10457 10458 10938 11295 12152 12153 12154 12155 12156 12157 12158 12159 12160 12161 12162 12163 12164 12165 12166 12167 12168 12169 12170 12171 12172 12173 12174 12313 14865 15661 15662 
渊 2089 7092 7310 12175 17405 
渎 2704 
渐 11391 12176 12177 12178 12179 12180 12181 12182 16832 
渔 12183 12184 
渗 2567 12185 12186 12187 12188 12189 12190 
渚 5999 
渝 6942 
渠 12191 12192 
渡 11777 16571 
渥 12193 
温 12194 12195 12196 12197 12198 12199 12200 12201 12202 12203 12204 17016 17017 
渭 11877 12205 
港 5417 12206 16710 
渲 12207 12208 
渴 6905 12209 12210 
游 1456 1483 1942 2271 2652 4003 6542 9942 10188 10362 11241 12009 12211 12212 12213 12214 12215 12216 12217 12218 12219 12220 12221 12222 12223 12224 12225 12226 12227 12228 12292 12519 13598 14610 15470 16702 16942 16990 17228 17362 
渺 12229 
湃 12315 
湍 12230 12231 
湖 12232 12233 12234 
湘 12235 
湛 3072 12236 
湾 1977 5418 
湿 12237 
溃 7719 12238 
溉 11794 
源 1342 2272 5136 5205 5578 7310 7750 8169 9573 10915 11025 11026 11197 11770 12175 12239 12240 12241 12242 12243 12244 12245 12940 13064 13138 14761 14879 15674 15847 16212 16285 
溟 11233 12246 
溢 6208 11304 11882 11936 12247 12248 
溪 4772 5745 5746 7498 12249 
溯 1457 6022 16760 16761 
溶 2653 12250 12251 13278 
溺 11739 
滋 12252 12253 12254 12255 
滑 1484 6122 7928 12256 12257 12258 
滔 12259 
滕 12260 
滞 1665 3545 3546 3579 4196 5625 12261 12262 12263 17310 17329 18091 
满 1666 2047 3635 3636 6123 7166 12264 12265 12266 12267 12268 14866 15196 
滤 16572 
滥 11832 11833 12269 14038 
滩 12234 
滴 1223 14976 
漂 12270 12271 
漆 12272 
漏 13045 14440 
漓 12078 
演 1382 1458 2537 5090 7441 7454 8938 9293 9294 9612 10043 12273 12274 12275 12276 12277 12278 12279 12280 12281 12282 12283 12284 12285 14611 15383 15384 15702 15703 17715 
漠 4168 11750 11751 12085 15115 
漩 12286 12287 
漪 12068 
漫 6694 8267 9918 11693 11997 11998 11999 12288 12289 12290 12291 12292 12293 12294 13360 16362 
漱 11233 
漾 15122 
潇 12295 
潜 7822 11727 12296 12297 12298 12299 12300 12301 12302 12303 12304 12305 12306 17406 
潞 12307 
潭 11237 11855 
潮 1816 2131 2273 6626 6894 8693 10129 12000 12030 12308 12309 12310 15848 16625 17797 17988 
澄 12311 12312 12313 12314 
澈 12314 
澎 12315 
澜 11850 12231 12316 12580 
澡 12317 
澹 12318 12319 12320 
激 3521 4509 4510 9039 10349 12321 12322 12323 12324 12325 12326 12327 12328 12329 12330 12331 12332 12333 
濂 5745 5746 12334 
濒 12335 
濯 11888 
瀑 12336 
瀚 11991 
瀛 12337 
灌 12338 
火 2789 6723 11648 12339 12340 12341 12342 12343 12344 12345 12346 12347 12348 12354 12404 12914 12915 14009 16573 
灭 9283 11494 12045 12349 12350 13512 17508 
灯 7055 7996 12351 12352 12353 12354 12355 17564 
灰 12356 12357 12358 12359 12360 15235 17573 
灵 1344 1346 1667 5753 8556 8740 10785 10786 12361 12362 12363 12364 12365 12366 12367 12368 12369 13599 13792 14069 18006 18026 
灶 12370 
灾 6627 11833 12371 12372 
灿 3695 12373 
炎 1806 12374 12375 12376 16271 17701 
炙 12377 12378 14773 
炫 12379 
炬 1224 
炭 10849 10850 13454 17530 
炯 12380 
炳 12381 13865 
炸 12456 
点 1225 1568 1896 1938 2058 2443 2881 3093 3797 4223 4265 4354 4915 5500 6000 6209 6322 6938 7501 8275 9693 9760 10390 10787 10788 11250 11710 11861 12382 12383 12384 12385 12386 12387 12388 12389 12409 12418 12552 12603 13198 13331 13386 13392 13844 13936 15207 15530 15562 15732 15773 16033 16239 16286 16629 16659 17103 
炼 9480 9661 12390 12391 13513 
烁 17251 17252 
烂 3695 6694 12392 14798 
烈 3652 4584 8293 8294 8295 8938 10349 10497 11981 12329 12393 12394 12410 
烙 12395 
烛 12396 15309 
烟 2789 12397 12398 12399 14671 17819 18098 
烤 12400 12403 
烦 1668 12401 18065 
烧 12402 12403 12449 
烨 14457 
热 6763 11847 12378 12404 12405 12406 12407 12408 12409 12410 12411 12412 12581 13096 
焉 4647 5449 8535 9174 12413 14581 15147 
焕 12414 
焚 12415 12416 
焦 12417 12418 
焰 12343 
然 2665 2708 2843 3333 3362 3363 3555 3556 3765 3766 3897 4162 4459 4704 4708 4876 5940 6016 6641 6690 7206 7337 7796 8350 8592 8593 8594 8595 8596 8824 9036 9133 9134 10077 10424 10429 10470 10520 10826 11085 11784 11872 11973 11974 11992 11993 12070 12086 12156 12236 12419 12420 12421 12422 12423 12424 12425 12426 12779 13006 13152 13167 13811 14181 14340 14867 14868 14869 14870 14871 14872 14873 14874 14875 14876 14877 14878 14879 15098 15123 15124 15194 15875 16072 16073 16190 16301 16302 16308 16727 17441 17681 17682 17816 17817 
煌 9924 12427 16486 16487 
煎 12428 
煞 12429 
煦 12202 
照 2274 3140 3687 3879 5101 5102 5167 7412 9849 10447 12396 12430 12431 12432 12433 12434 15204 15531 16951 
煽 12435 
熊 10789 
熏 12436 
熔 12437 
熙 12438 17007 
熟 6968 9080 10320 10384 12123 12392 12439 12440 12441 12442 12443 12444 12445 12446 14645 
熠 12447 
熬 12428 
熵 12448 
熹 10935 
燃 12449 12450 
燕 1897 10851 12451 12452 12453 16956 
燥 11109 
爆 12454 12455 12456 
爱 3522 3909 5393 5499 5934 7473 9930 12411 12412 12457 12458 12459 12460 12461 12462 12463 12464 12465 12466 12467 12468 12469 12470 12471 12472 12473 12620 15051 15321 16082 17042 
爵 3167 12474 
父 2275 3962 6984 8209 12183 12475 12476 12477 13567 
爽 10275 16090 
片 1226 5537 7996 8357 9117 9841 10437 11446 11478 11972 12433 12469 12478 12479 12480 12481 12482 12483 12484 12485 12486 13500 17407 
版 1453 1454 1455 1981 2552 2763 2764 4070 4288 4289 4290 4291 4292 4293 4294 4295 4765 5540 7105 7945 7955 10023 10142 11705 11987 12487 12488 12729 13125 17990 
牌 12686 13300 
牙 12489 12490 12491 15471 16083 
牛 2996 3767 6502 10962 11531 12492 12493 12494 12495 12496 12497 12498 17118 
牡 6001 
牢 12499 12500 12501 12502 
牧 12220 12503 12504 12505 
物 1227 1334 1345 1346 1763 2274 2276 2480 2538 2672 2707 2728 2767 2768 2769 2770 3221 3246 3671 4293 4324 4368 4439 4689 4690 4922 5013 5041 5076 5256 5852 5887 5888 5889 5890 5968 6041 6079 6438 6474 6676 7035 7212 7236 7271 7413 7480 7549 8062 8063 8532 9009 9010 9110 9440 10022 10023 10264 10577 10781 11040 11264 11603 11649 12368 12506 12507 12508 12509 12510 12511 12512 12513 12514 12515 12516 12517 12518 12519 12520 12521 12522 12523 12524 12525 12526 12527 12528 12529 12566 12638 12707 12881 12882 12883 14410 14491 14699 15079 15352 15405 15614 15615 16004 16302 16445 16525 16526 16881 16882 16936 17104 17231 17430 17586 17587 17607 17795 17798 17822 17830 17846 18134 
牲 1624 12558 14851 
牵 12530 12531 12532 12533 12534 
特 1825 1937 1938 2545 3058 3065 3313 3710 3714 3841 3963 4369 4477 5500 5539 5825 5834 5836 6319 6781 6797 6873 6958 7585 7807 7857 8528 8663 8792 9175 10099 10100 10101 10102 10180 10390 10391 10922 11752 12535 12536 12537 12538 12539 12540 12541 12542 12543 12544 12545 12546 12547 12548 12549 12550 12551 12552 12553 12554 12555 12556 12557 12605 12621 12622 12700 13157 13707 14451 15163 16254 17076 17345 17792 17909 
牺 1624 12558 14851 
牾 12559 
犬 12560 
犯 12561 12562 
状 8381 8887 10221 11019 11851 12563 12564 12565 12566 12567 12568 12746 13065 13821 14082 14444 
犹 12569 12570 12571 12572 12573 12574 
狂 12575 12576 12577 12578 12579 12580 12581 12582 16749 
狃 12583 
狄 12584 12585 12586 12587 
狐 12588 16974 
狗 3182 12589 12590 
狠 8557 12591 12592 12593 12594 
狡 12595 
狩 12596 12597 12598 12599 
独 4041 4296 7056 7057 8481 12600 12601 12602 12603 12604 12605 12606 12607 12608 12609 12610 12611 12612 12613 12614 12615 12616 12617 12618 12619 12620 12621 12622 12623 12624 12625 12626 12627 12628 12629 14585 16926 
狭 3523 12630 12631 12632 12633 
狱 6210 9995 
狸 12588 
猎 9248 12060 12184 12598 12599 12634 12635 12636 12637 12638 12639 
猖 12640 
猛 12641 12642 12643 12644 16555 16556 
猜 5835 12645 12646 
猪 12647 17119 17408 
猫 12648 13139 
献 3288 5019 5106 5332 6789 10024 10025 10026 10286 12649 12650 12651 12652 16113 16114 16684 
猿 2771 4767 12653 14025 
獗 12640 
玄 8450 10933 12654 12655 12656 12657 12658 12659 12660 12661 16995 
率 9864 11538 12662 12663 12664 12665 13212 14354 16459 17741 
玉 7152 9369 12666 12667 12668 12669 12670 12671 17558 17562 17563 
王 2539 3193 3660 5662 7871 7872 9459 10027 10880 12672 12673 12674 12675 12676 12677 12678 12679 12680 12681 12682 12683 12684 12685 12686 12687 12688 12689 12690 12691 12692 12693 12694 12695 12696 12761 13332 13735 15760 15849 
玛 12697 12698 12699 12700 12701 
玩 9323 12702 12703 12704 12705 12706 12707 12708 12709 12955 
玫 12710 
环 1228 1229 3890 5480 6023 8500 8501 8512 12711 12712 12713 12714 12715 12716 14873 14962 16713 17397 
现 1644 2875 3222 3223 3622 3990 3993 4071 4247 4297 5206 5207 5626 5627 5721 5722 5787 6226 6447 6475 7237 7275 7646 10485 10521 10522 11024 11554 12010 12063 12064 12717 12718 12719 12720 12721 12722 12723 12724 12725 12726 12727 12728 12729 12730 12731 12732 12733 12734 12735 12736 12737 12738 12739 12740 12741 12742 12743 12744 12745 12746 12747 12748 12749 12750 12751 12850 13517 13808 14738 14787 14849 14852 15340 15385 15386 15387 15388 15389 15390 15391 16303 16609 16740 17105 17493 
玻 8397 12752 
珀 12753 17339 
珂 12754 
珊 15043 15044 
珍 12755 12756 
珠 7499 11865 12757 17526 
班 12758 12759 15471 
球 1840 3768 6211 6212 6213 9753 12760 12761 15455 16340 
理 1733 1745 2171 2277 2401 2481 2772 2775 3157 3158 3159 3160 3450 3964 5077 5513 5520 5525 5526 5579 5845 5849 5850 5891 6316 6422 6423 6691 6924 7151 8502 8545 8558 8559 8560 8561 8694 8741 8764 8888 9028 9613 9614 9690 9943 9963 10003 10044 10955 11242 11394 11793 12107 12166 12520 12521 12762 12763 12764 12765 12766 12767 12768 12769 12770 12771 12772 12773 12774 12775 12776 12777 12778 12779 12780 12781 12782 12783 12784 12785 12786 12787 12788 12789 12790 12791 12884 12885 12886 13361 13362 13600 13648 13698 13998 13999 14000 14001 14292 14492 14612 14694 15613 15958 16920 17606 17690 
琉 17333 
琐 12792 12793 
琢 17522 
琦 17644 
琪 14019 
琳 4942 12701 
琴 12472 12794 12795 12796 17157 17158 
瑕 7168 12797 12798 
瑙 6523 
瑜 5747 12569 12797 12799 17643 
瑞 12800 12801 13622 
瑟 4034 12681 12795 12802 18117 
瑰 12710 12803 12804 12805 
璃 8397 12752 
璋 4406 6950 12806 
璧 14672 
璩 12807 18011 
瓜 15064 
瓢 1230 
瓣 15030 
瓦 4940 4947 6815 7865 8245 10333 12808 12809 12810 12811 12812 12813 
瓯 12814 
瓶 10363 12815 12816 17135 
瓷 17409 
甚 12817 12818 12819 12820 12821 12822 12823 12824 12825 12826 12827 12828 13292 13410 
甜 12829 12830 12831 
生 1231 1407 1669 2090 2244 2673 2773 2774 2775 2776 2777 2778 3085 3236 3566 3592 3661 3861 3902 3960 4072 4073 4298 4324 4479 4916 5078 5208 5209 5210 6067 6692 6771 7085 7488 7847 7929 7981 8067 8296 8562 8741 10130 10339 10561 10722 10790 10791 11175 11305 11314 11602 11649 11667 11918 11928 12099 12254 12447 12740 12832 12833 12834 12835 12836 12837 12838 12839 12840 12841 12842 12843 12844 12845 12846 12847 12848 12849 12850 12851 12852 12853 12854 12855 12856 12857 12858 12859 12860 12861 12862 12863 12864 12865 12866 12867 12868 12869 12870 12871 12872 12873 12874 12875 12876 12877 12878 12879 12880 12881 12882 12883 12884 12885 12886 12887 12888 12889 12890 12891 12892 12893 12894 13222 13279 14264 14527 14613 14880 15035 15183 15294 15358 15883 16150 16714 17047 17374 17375 17376 17397 17607 18080 
用 1232 1670 1671 1784 1810 1954 2016 2091 2278 2633 2680 2897 3049 3224 3247 3301 3334 3385 3476 3624 3769 4074 4414 4471 4472 4642 4987 5199 5357 5922 6524 6628 6808 7238 7239 7240 7318 7765 7982 8023 8064 8201 8232 8495 8969 9005 9176 9265 9489 9519 9746 9865 10276 10344 10792 11797 11925 12367 12895 12896 12897 12898 12899 12900 12901 12902 12903 12904 12905 12906 12907 12908 12909 12910 12911 12912 12913 12914 12915 12916 12917 12918 12919 12920 12921 13227 13519 14270 14285 14614 15487 16194 16287 16593 16791 16862 17055 17106 17563 17693 17831 17901 
甩 12922 
甫 11012 
田 10990 12923 12924 12925 12926 12927 12928 
由 1313 1672 2017 2092 2360 4428 4988 8889 10510 12781 12929 12930 12931 12932 12933 12934 12935 12936 12937 12938 12939 12940 12941 12942 12943 14288 14417 14881 14882 14883 14884 14885 14886 14887 15959 16381 
甲 12944 12945 13333 
申 2876 4699 8233 12946 12947 12948 12949 12950 12951 12952 
电 8563 10290 12953 12954 12955 12956 12957 12958 12959 12960 12961 12962 12963 12964 12965 12966 12967 12968 13334 14775 
男 12969 12970 12971 12972 12973 12974 12975 12976 12977 12978 
画 1459 2018 2427 2832 2877 2885 4521 4889 5079 5597 6088 6089 6109 6378 6403 6840 7280 7693 9177 9639 10578 10850 11426 11642 11785 12488 12979 12980 12981 12982 12983 12984 12985 12986 12987 12988 12989 12990 12991 12992 12993 12994 12995 12996 12997 12998 12999 13000 13001 13002 13003 13004 13005 14228 14319 14320 14698 14888 15488 15839 17207 17587 17788 
畅 10541 11947 13006 13007 13046 14940 17691 
界 1408 1811 1812 1813 1814 1815 1816 1817 2058 3744 4039 4690 6146 6356 6476 7079 7086 7173 8328 8330 8515 8878 9300 10045 12228 12777 12789 12959 13008 13009 13010 13011 13012 13013 13014 13015 13380 13915 13933 14078 14083 14504 14874 14992 15003 15563 15775 16263 16321 16532 17623 
畏 1673 2928 8780 9931 10277 13016 13017 13018 15073 
畔 6352 
留 3417 3547 7834 10793 13019 13020 13021 13022 13023 13024 13025 13026 13027 13028 16937 16938 
畛 13029 
略 2019 2482 3138 3186 3376 6629 8654 8655 9128 9129 10596 13030 13031 13032 13033 13034 13035 13036 13305 13974 14044 14166 14615 14719 15489 15733 16040 16517 17730 17731 
番 1233 16660 
畴 5846 15093 
畸 13037 13038 13039 
疆 10131 
疏 13040 13041 13042 13043 13044 13045 13046 13047 13048 13049 14367 
疑 8664 8665 10278 11570 11571 12573 13050 13051 13052 13053 16142 
疗 13054 
疠 13055 
疥 13056 
疮 13056 
疯 13057 
疲 2358 13058 13059 
疵 12798 
疾 10279 13060 13068 16500 16557 
病 2279 3074 6630 8204 13061 13062 13063 13064 
症 5640 6841 13065 13080 
痒 13069 
痕 3153 4964 13066 14219 
痛 6760 8860 10279 11740 13067 13068 13069 13070 13071 15065 
痴 12441 13072 13073 13074 13075 13076 13077 14568 
瘀 13078 
瘠 16157 
瘴 13079 
癌 13080 
登 1215 4370 9722 12031 13081 13082 13083 13084 13085 13086 
白 3614 4041 6719 7185 10028 10459 10460 11000 11958 13087 13088 13089 13090 13091 13092 13093 13094 13095 13096 13097 13098 13099 13100 13101 13102 13103 13104 13105 13106 13213 13793 15038 15392 17176 17820 18081 18099 
百 1234 1235 1409 1410 1411 1898 1899 2392 2487 2511 2602 2603 4224 4225 4226 4838 4839 5137 5138 6002 13107 13108 13109 13110 13111 13112 13113 13114 13115 13116 13117 13118 13119 13120 13121 13122 13123 13124 13125 13126 14569 15812 15982 16610 
的 1460 1785 2020 2093 2269 2898 3046 3272 3489 3727 3918 3921 4044 4101 4397 4756 4953 6323 6467 6510 6525 7112 7468 7489 7956 8030 8065 8258 8459 8742 9149 9497 9818 10132 10133 10280 10289 10829 10902 11002 11027 11096 11212 11309 12075 12084 12424 12811 13127 13128 13129 13130 13131 13132 13133 13134 13135 13136 13137 13138 13139 13140 13141 13142 13143 13194 13195 13196 13363 13440 14411 14508 14602 14953 15137 15412 15454 15734 16983 17241 17414 17903 
皆 5878 10029 11537 13144 
皇 2882 6334 6939 13145 13146 13147 13148 13149 13713 
皈 13150 
皋 13151 
皎 13152 
皙 10687 13153 
皮 1884 6452 6453 6991 11168 11230 11873 12360 13076 13154 13155 13156 13157 
皿 5969 
盆 13158 
盈 2048 3637 7241 13159 13160 13161 13162 13163 14898 15276 17608 
益 4473 5258 8489 8490 9542 9866 9895 10281 10345 10346 10794 10795 13164 13165 13166 13269 13551 14070 14286 15171 15438 16432 
盎 3897 13167 
盏 2604 
盐 13168 
监 13169 
盖 2021 6761 9628 11149 11619 12076 12077 13170 13171 13172 14022 15497 15498 17182 18082 
盗 12032 15938 
盘 1236 3688 3770 3771 3772 9462 11254 13173 13174 13175 
盛 2049 3903 4864 10428 10991 11392 13176 13177 13178 13179 13180 13181 13182 13183 13184 13185 14147 18111 
盟 13186 14313 14673 15472 
目 2540 2777 3681 4488 4585 5598 6655 6794 7511 8216 8217 8564 8757 9457 10046 10796 10912 11859 12967 13187 13188 13189 13190 13191 13192 13193 13194 13195 13196 13199 13200 14390 14407 14646 14647 15016 17628 17754 
盲 5139 13197 13198 13199 13200 14977 
直 1237 4239 6276 8433 8716 12966 13201 13202 13203 13204 13205 13206 13207 13208 13209 13210 13211 13212 13213 13214 13215 13216 13217 13218 13219 13220 13221 13222 13881 13987 
相 1265 1602 1674 1675 1676 1761 1762 2455 2560 2568 2569 2570 2571 2572 2654 2910 4416 4488 4887 5478 6320 6382 6526 6631 6643 6908 7159 7242 7296 7348 7872 7967 8359 8743 8802 8803 9216 9973 10200 10282 11648 12852 13120 13223 13224 13225 13226 13227 13228 13229 13230 13231 13232 13233 13234 13235 13236 13237 13238 13239 13240 13241 13242 13243 13244 13245 13246 13247 13248 13249 13250 13251 13252 13253 13254 13255 13256 13257 13258 13259 13260 13261 13262 13263 13264 13265 13266 13267 13268 13269 13270 13271 13272 13273 13274 13275 13276 13277 13278 13279 13280 13281 13282 13283 13284 13285 13286 13287 13288 13289 13290 13291 13292 13293 13294 13295 13296 13297 13298 13299 15334 15532 17149 
盼 3056 13381 
盾 2138 4053 5628 13300 13402 13403 
省 3773 4045 5168 5188 5502 5993 12644 13301 13302 13303 13304 13305 
眇 13306 
眉 13307 16736 17694 
看 1238 1746 3561 3662 3774 4488 5394 5645 6158 6214 7500 7556 9769 11028 12937 13280 13308 13309 13310 13311 13312 13313 13314 13315 13316 13317 13318 13319 13320 13321 13322 13323 13324 13325 13326 13327 13328 13329 13330 13331 13332 13333 13334 13335 13336 13337 13338 13339 13340 13341 13382 14200 14241 15533 15581 16151 
真 2280 3418 3426 6693 6694 10916 11677 13342 13343 13344 13345 13346 13347 13348 13349 13350 13351 13352 13353 13354 13355 13356 13357 13358 13359 13360 13361 13362 13363 13364 13365 13366 13367 13368 13369 14511 14616 15663 15664 15665 15666 16187 16616 16644 16890 16891 
眠 6543 13370 17232 
眷 13371 
眺 13372 16057 
眼 2094 2695 2696 2779 7023 9033 9231 9752 10523 12496 13373 13374 13375 13376 13377 13378 13379 13380 13381 13382 13383 13384 13390 13391 14552 
着 1677 1678 4200 6058 8272 8503 8954 9270 9294 9724 9734 10797 11741 11919 12714 12895 13180 13385 13386 13387 13388 13389 13390 13391 13392 13802 13951 15246 15577 16288 16350 16574 17442 
睐 3463 
睛 9752 13383 
睡 7136 13393 13394 
睢 3880 13395 13396 
督 6324 6325 6326 13169 13397 17014 
睫 16736 
睹 2697 6895 6901 10796 
睿 13398 
瞄 13399 
瞥 3183 
瞩 8217 
瞬 1239 13400 13401 16433 
瞻 4548 4549 7000 
矛 2138 4053 13402 13403 15137 
矜 13404 13405 
矢 9512 10280 11948 13406 13407 
矣 8695 12889 13416 13418 13531 
知 1401 1679 1680 2742 3083 4407 5395 5748 7043 7684 7797 8010 9011 9040 9178 9858 10283 10461 10870 11678 12133 12413 12442 13408 13409 13410 13411 13412 13413 13414 13415 13416 13417 13418 13419 13420 13421 13422 13423 13424 13425 13426 13427 13532 14889 14963 15667 17716 
矫 13428 13429 13430 13431 13432 13433 
短 5247 10604 13434 13435 13436 13437 13438 13439 13440 13441 13442 13443 14429 17233 
矮 13444 13445 
石 4757 7674 9859 10134 10135 10136 10364 10365 10366 11650 11653 13446 13447 13448 13449 13450 13451 13452 13453 13454 13455 13456 13457 13458 13459 13460 14242 15133 
矿 7361 
码 7353 14408 15912 16289 
研 1940 1983 7080 9896 12100 12300 13461 13462 13463 13464 13465 13466 13467 13468 13469 13470 13697 17168 
砖 9369 
砚 14767 
破 8929 9249 12389 13455 13471 13472 13473 13474 13475 13476 13477 13478 13479 13480 13812 15960 
砸 13481 
础 6327 11417 
硕 13482 13483 
硬 3580 8297 13484 13485 
确 4180 4181 4182 8095 10411 10462 10463 10464 11393 11394 11395 13140 13486 13487 13488 13489 13490 13491 13492 13493 13494 13495 13496 13497 13498 13499 14071 14072 14073 17459 
碍 6931 9479 10254 10255 10284 10798 12262 16953 17330 17451 17452 
碎 12793 13476 13500 17536 
碑 2050 13501 13502 13503 
碓 13504 
碗 6632 
碧 1240 13505 
碰 13506 13507 
磊 13508 
磨 9360 13509 13510 13511 13512 13513 13514 
示 2878 2997 3341 4248 4568 5691 5692 5723 5949 6110 6215 7243 7647 9498 9662 9681 10498 10524 10610 11157 12282 13515 13516 13517 13518 13519 13520 13521 15393 15639 
礻 13522 
礼 3023 3702 3999 4331 5749 6974 7006 8784 11367 13419 13523 13524 13525 13526 13527 13528 13529 13530 13531 13532 13533 13534 13535 13536 
社 1453 1454 1455 1981 2552 2763 2764 3820 4118 4294 4765 5066 5540 6852 7087 7105 7453 10023 10972 11576 11705 11987 13125 13537 13538 13539 13540 13541 13542 13543 13544 13545 13546 13547 13548 13549 13550 13551 13552 13553 13554 13555 13556 13557 13558 13559 13560 13561 13562 13563 13564 15850 17624 17990 
祀 13627 
祁 13565 
祈 13566 13567 
祖 3273 3837 6940 11690 11906 12412 13568 13569 13570 13571 15292 18122 
祝 13572 13573 13574 
神 1314 2281 2282 2753 2929 2998 3139 3140 3414 3740 3776 4009 4856 4989 5259 5496 6695 6842 7454 7709 7861 8382 8565 8571 9698 9886 9927 9933 10285 10392 10799 11834 13575 13576 13577 13578 13579 13580 13581 13582 13583 13584 13585 13586 13587 13588 13589 13590 13591 13592 13593 13594 13595 13596 13597 13598 13599 13600 13601 13602 13603 13604 13605 13606 13607 13608 13609 13610 13611 13612 13613 13614 13615 13616 13617 13618 13619 13620 14074 14075 14076 14077 14078 14079 14080 14081 14082 14083 14084 14085 14086 14481 16096 17248 17799 18002 
祥 12687 13621 13622 
票 14704 
祭 13623 13624 13625 13626 13627 13628 
祷 13573 
祸 2283 13629 
禀 13630 13631 13632 
禁 1681 8865 13633 13634 13635 13636 13637 13638 13639 
禄 4474 4639 17967 
禅 4773 4905 5103 6249 13640 13641 13642 13643 13644 13645 13646 13647 13648 13649 
福 4990 5826 7991 11806 13574 13629 13650 13651 13652 13653 13654 13655 13656 14124 
禹 13657 
离 1682 2380 3524 3683 4339 4340 4460 4573 8859 12221 13048 13288 13658 13659 13660 13661 13662 13663 13664 13665 13666 13667 13668 14725 14786 14787 16096 16349 16612 16703 16794 17449 
禽 13669 
禾 13670 
秀 3094 3095 3096 3097 5636 5650 12807 13601 13671 13672 13673 
私 1177 6042 6566 8437 10286 13674 13675 13676 13677 13678 
秋 3259 5498 5655 10441 10492 10493 10494 10495 13679 16271 
种 1241 1412 1873 1900 2605 3248 3798 4227 4232 4586 4807 4814 5503 5504 5815 5982 6003 6527 6528 9944 11122 11123 11124 11520 12344 12522 12997 13097 13680 13681 13682 13683 13684 13685 13911 13922 13937 13948 14639 15986 16661 16975 
科 1981 1982 2638 2751 2752 4154 5489 7088 7586 9674 9897 9898 10109 10901 10996 12851 13121 13122 13123 13553 13563 13686 13687 13688 13689 13690 13691 13692 13693 13694 13695 13696 13697 13698 13699 13700 13701 13702 13703 13704 13705 13706 13707 13708 14000 14875 15153 16446 16534 17989 
秘 6823 13602 13603 13604 13709 13710 13711 
秦 2855 3663 3664 13712 13713 13714 13715 
秩 13716 
积 2999 3072 7322 13717 13718 13719 13720 13721 13722 13723 13724 13725 13726 13727 13728 14139 15230 16996 
称 2022 4731 5120 5527 5599 6336 6404 8765 9179 12890 13281 13729 13730 13731 13732 13733 13734 13735 13736 13737 13738 13739 13740 
移 3197 3525 9520 9615 10418 12222 12223 12303 13741 13742 13743 13744 16434 
秽 11711 
稀 3364 13745 13746 
程 2512 2579 2815 3780 4550 5022 5030 6423 6633 7741 8430 8561 10169 10347 11124 11949 12278 13747 13748 13749 13750 13751 13752 13753 13754 14108 15682 16012 16575 16685 16839 16930 
稍 13755 13756 13757 13758 
税 13759 15049 
稚 8000 
稠 11982 13760 
稣 14651 
稳 7930 13761 13762 13763 13764 13765 16304 
稷 5629 
稹 3615 
稻 13766 
稿 5080 9770 
穆 13715 13767 17588 
穗 9464 
穴 2393 11903 13768 13769 
究 1940 1983 4658 7080 7089 7432 8696 9574 9616 12100 12134 12300 13462 13463 13464 13465 13466 13467 13468 13469 13697 13770 13771 13772 13773 13774 13775 15704 16762 
穷 1683 3920 7621 10287 10288 10289 13776 13777 13778 13779 13780 13781 13782 16158 
空 1415 3106 4240 4313 5463 5464 6696 6720 9391 10412 11306 12167 12855 12876 13364 13783 13784 13785 13786 13787 13788 13789 13790 13791 13792 13793 13794 13795 13796 13797 13798 13799 14885 15205 15277 16897 
穿 9401 13800 13801 13802 13803 13804 13805 15961 16170 
突 4141 8182 10346 13806 13807 13808 13809 13810 13811 13812 13813 13814 
窃 13815 
窄 6216 12632 
窈 13816 
窑 17890 
窒 13817 
窕 13816 
窗 6697 13818 13819 13820 
窘 13821 13822 
窝 9919 13823 
窟 1242 7213 13824 
窠 13825 
窥 1243 13826 13827 13828 
立 3604 4431 4702 6217 7058 7140 7414 7415 7416 7983 8132 8136 8137 8349 9081 9833 10871 10936 11097 11169 12624 12625 13475 13496 13829 13830 13831 13832 13833 13834 13835 13836 13837 13838 13839 13840 13841 13842 13843 13844 13845 13848 15749 16926 18112 
站 13846 13847 13848 16415 
竞 3229 7932 8819 13849 13850 13851 13852 
竟 11466 11555 13774 13853 13854 
章 1244 1347 1786 1901 2284 6615 8138 10030 13855 13856 13857 13858 13859 13938 13941 14008 15851 16507 17690 17868 
童 3601 3602 12505 13860 13861 13862 13863 13864 13865 16617 
竭 12897 13866 
端 1902 8146 8170 8196 8205 11068 11069 13867 13882 
竹 3451 4130 8263 8590 9082 9083 12998 12999 13868 13869 13870 13871 14540 14746 
竿 13113 
笃 12827 
笆 14011 
笋 4574 9392 
笏 12688 
笑 1245 3000 3965 5396 5821 5959 6992 7877 13872 13873 13874 13875 
笔 1246 1485 2285 7768 8957 9217 10031 10032 10495 13000 13876 13877 13878 13879 13880 13881 13882 13883 13884 13885 13886 13887 13888 14125 16130 17431 
笛 13889 13890 
符 5600 9371 11728 13282 13891 13892 13893 13894 13895 13896 17663 
第 4965 4966 6660 11315 13897 13898 13899 13900 13901 13902 13903 13904 13905 13906 13907 13908 13909 13910 13911 13912 13913 13914 13915 13916 13917 13918 13919 13920 13921 13922 13923 13924 13925 13926 13927 13928 13929 13930 13931 13932 13933 13934 13935 13936 13937 13938 13939 13940 13941 13942 13943 13944 13945 13946 13947 13948 16146 
笼 13949 13950 13951 
等 1787 1818 3249 4377 5580 6328 6890 7931 7932 8407 13445 13952 13953 13954 13955 13956 13957 13958 13959 13960 13961 13962 14210 15017 15534 17990 
筋 1247 8151 13963 
筌 1701 8619 13964 
筑 8139 8140 8141 11082 13965 13966 
筒 1348 3126 
答 3302 6024 13967 13968 13969 13970 13971 15598 17260 17264 
策 4155 4156 7460 9122 9218 9835 13708 13972 13973 13974 15640 
筛 13975 
筵 13181 
筹 13036 16594 17955 
签 11158 13976 13977 13978 
简 3304 5397 7331 9271 11546 13098 13979 13980 13981 13982 13983 13984 13985 13986 13987 13988 13989 
箔 15294 
算 1684 4157 4472 4925 5528 5979 9250 12957 13990 13991 13992 13993 15649 15650 15651 
管 1685 2132 2133 5140 11651 13698 13994 13995 13996 13997 13998 13999 14000 14001 14292 15331 
箪 1248 14002 
箫 14003 
箭 14004 17841 
箱 12358 18100 
篇 1249 1903 2606 3775 4046 4228 4799 5304 5601 6529 8171 13124 13441 14005 14006 14007 14008 15852 16662 17234 17235 18049 
篝 14009 
篡 14010 
篮 9715 
篱 11285 14011 15259 
簏 14012 
籍 1773 2428 4000 5337 14013 14509 14510 14528 
米 5044 10562 11652 14014 14015 14016 14017 14018 14019 14020 14021 14022 
类 1250 1388 1904 2780 2781 2782 3748 4299 4341 5307 5505 5581 7209 8197 8314 11125 11427 13684 14023 14024 14025 14026 14027 14028 14029 14030 14031 14032 14033 14674 15980 16663 17249 18021 
粉 14034 
粒 14035 
粗 14036 14037 14038 14039 14040 14041 14042 14043 14044 14045 14046 14047 14048 
粟 14049 
粪 14050 
粮 14086 
粹 6090 14182 
精 2286 2753 3751 3966 7709 9927 10392 14051 14052 14053 14054 14055 14056 14057 14058 14059 14060 14061 14062 14063 14064 14065 14066 14067 14068 14069 14070 14071 14072 14073 14074 14075 14076 14077 14078 14079 14080 14081 14082 14083 14084 14085 14086 14087 14088 14089 14090 14091 14092 14093 14094 14095 14096 14097 14098 
糅 14099 
糊 11294 11295 11296 11297 14101 
糕 14100 
糙 11110 14045 
糜 12011 
糟 14100 
糨 14101 
系 1251 1648 2004 2571 2791 3225 3226 3349 3881 3882 4032 4663 4898 5102 7001 7347 7349 8137 8164 8682 8724 8814 10004 11505 11929 12784 13541 13605 13607 13999 14102 14103 14104 14105 14106 14107 14108 14109 14110 14111 14129 14379 14675 14847 15913 16067 16524 17653 
素 1419 2141 3616 3967 5504 6043 6321 9100 11523 14112 14113 14114 14115 14116 15490 15681 
索 1523 2095 5717 8245 8697 9575 9725 11552 14117 14118 14119 14120 14121 14122 14123 14124 14125 14126 14220 14458 
紧 10217 14127 14128 14129 14130 14131 14132 14133 14134 14135 14905 
紫 10611 11959 14136 14137 
累 1686 2287 4700 8527 9426 12534 13727 14138 14139 14140 
綮 14141 
繁 7014 11105 11547 14142 14143 14144 14145 14146 14147 14148 14149 14205 17742 
纟 14150 
纠 14151 14152 14153 14154 
红 3422 6843 11883 12087 14034 14155 14156 14157 14158 14159 14160 14161 14162 
纤 8203 
约 1687 2569 4502 6634 6800 6971 6972 14087 14163 14164 14165 14166 14167 14168 14214 15552 16863 
级 1252 1413 3203 3204 4211 4451 4571 5095 5506 6194 10208 10484 10717 13958 13959 14169 14170 16833 17327 17328 17991 
纩 14171 
纪 1819 1820 1946 2288 2385 2496 3141 3787 3828 4419 4788 4793 4797 4801 4804 10105 10883 10884 10917 14172 14173 14174 
纫 14423 
纬 14289 
纯 4888 9111 14175 14176 14177 14178 14179 14180 14181 14182 14183 14184 
纲 14185 14186 
纳 6352 7323 8315 9441 9588 11009 12128 14187 14188 14189 14190 14191 14371 14380 15219 16821 17056 17902 17903 
纵 9750 9815 13758 14192 14193 14194 14195 14196 14197 14198 14199 14200 14201 14202 
纷 2600 8190 14203 14204 14205 14206 
纸 4591 6361 9243 9378 11897 14207 
纹 4522 7882 8383 11213 11852 14208 14209 14210 14211 14212 14445 15031 15295 18022 
纽 9324 14213 14214 
线 3689 7933 8127 8688 9130 10290 10624 10625 13013 13214 14046 14215 14216 14217 14218 14219 14220 14346 15564 16290 16363 16444 17147 
练 7908 9565 12443 13514 13988 14221 14222 15680 15681 
组 1253 3092 9945 13562 14065 14223 14224 14225 14226 14227 14228 14229 14230 
绅 14231 
细 2883 14088 14089 14097 14232 14233 14234 14235 14236 14237 14238 14239 14240 14241 14242 14243 14244 14245 14246 14247 14248 14249 14250 14251 15891 
织 2655 13562 14065 14195 14229 14252 14253 14409 14410 
终 2059 6941 6942 6943 10708 10746 14254 14255 14256 14257 14258 14259 14260 14261 14262 14263 14264 14265 14266 14834 17236 
绊 14475 
绍 2838 14267 15413 
绎 4238 14268 
经 1207 1254 1793 1930 2701 3838 4426 5031 5195 6087 6144 6266 6698 7659 7673 7798 7823 9834 10688 10872 12289 12290 13606 13607 13608 13609 14269 14270 14271 14272 14273 14274 14275 14276 14277 14278 14279 14280 14281 14282 14283 14284 14285 14286 14287 14288 14289 14290 14291 14292 14293 14294 14295 14296 14297 14298 14299 14300 15118 15647 15853 15996 16005 17127 17852 18075 
结 6048 7624 8311 8312 8316 8317 8318 8477 8594 8766 8767 8890 9180 13283 13284 14105 14128 14265 14301 14302 14303 14304 14305 14306 14307 14308 14309 14310 14311 14312 14313 14314 14315 14316 14398 14676 16988 
绕 6059 10193 12714 14431 16966 
绘 8395 9640 9641 9642 9730 12037 12574 14317 14318 14319 14320 14321 
给 2656 2903 4102 8319 9467 11396 12425 12650 12651 14322 14323 14324 14325 
绚 14326 14327 
络 1255 13608 14290 14446 14771 
绝 4158 4834 6782 7782 9421 10078 12350 14328 14329 14330 14331 14332 14333 14334 14335 14336 14337 14338 14339 14340 14341 14342 
绞 14343 
统 1256 1257 2289 3100 3142 3143 3144 7001 7415 8093 8094 8095 8164 8768 9548 11397 11398 11485 13607 13949 14106 14107 14108 14109 14110 14344 14345 14346 14347 14348 14349 14350 14351 14352 14353 14354 14355 14356 15424 16921 
继 5630 5631 13285 14357 14358 14359 14360 14361 14362 17367 17457 
绩 1835 12689 14363 14733 
绪 8698 8891 8892 13665 14126 14364 
续 8125 8126 8435 9476 9477 10076 13286 14360 14361 14365 14366 15060 16715 16716 16717 16718 
绮 14367 
绳 4183 14368 14369 16250 
维 1258 1414 1415 2290 4392 4393 5064 5277 6530 6531 6824 8699 9137 10455 11119 12690 13119 14370 14371 14372 14373 14374 14375 14376 14377 14378 14379 14380 15197 17077 
绵 14381 14382 14383 14384 14426 
综 14385 14386 14387 14388 14389 14390 
绽 13477 14391 
绿 14392 14393 14394 14395 18035 
缀 16719 
缓 5788 8462 14396 14397 
缔 14398 
缕 4829 11018 
编 2134 9785 14399 14400 14401 14402 14403 14404 14405 14406 14407 14408 14409 14410 14411 14412 14413 14414 16124 16125 16207 
缘 1710 2291 2698 6044 6477 10291 10800 14415 14416 14417 14418 14419 14420 15332 16533 16534 17049 
缚 5169 11015 14421 
缜 14422 
缝 14423 15428 
缠 14153 14424 14425 14426 
缤 2600 
缩 5040 11983 12802 14427 14428 14429 15185 
缪 14430 
缭 7754 14431 
缺 1558 6783 6896 11479 11480 13794 14432 14433 14434 14435 14436 14437 14438 14439 
罅 14440 
罐 10474 14441 
网 2292 3403 6699 13608 14442 14443 14444 14445 14446 
罕 13746 14447 14448 
罗 3274 3709 3710 3968 4743 5338 6453 7584 7587 7812 7835 7858 10562 11214 12586 14019 14449 14450 14451 14452 14453 14454 14455 14456 14457 14458 14459 14460 14461 14462 17346 17641 17892 
罢 14463 
罩 13950 13951 
罪 8025 14464 14465 14466 14467 16219 
置 1577 3198 6424 7137 7984 8201 9920 13807 14468 14469 14470 14471 14472 14473 15432 15750 17031 17460 
署 10142 13469 13977 
罴 14474 
羁 10292 14475 
羊 3821 14476 14515 
美 1688 2051 2293 2720 3098 3552 5789 5892 6837 7167 7168 7260 7261 7262 7263 9415 10032 10153 10293 10511 10661 10709 11332 11333 11539 12248 12473 13141 13349 14183 14439 14477 14478 14479 14480 14481 14482 14483 14484 14485 14486 14487 14488 14489 14490 14491 14492 14493 14494 14495 14496 14497 14498 14499 14500 14501 14502 14503 14504 14505 14506 14507 14508 14509 14510 14511 14512 14513 14514 14876 15076 15278 15535 16240 17316 17672 17896 
羚 14515 
羡 6916 14516 14517 14982 
群 1259 1689 2783 2798 3001 3002 8016 9084 10195 12373 14476 14518 14519 14520 14521 14522 14523 14524 14525 14526 14527 14528 14529 14530 16007 16305 
羲 3071 14531 
羹 15176 
羽 1918 3883 3915 4664 5537 7608 14532 17678 
翁 9663 14533 15141 
翅 14534 
翌 14535 
翔 14536 14537 17821 
翘 14538 14539 
翠 14540 
翩 14541 14542 
翰 14167 14168 14543 
翻 9617 14544 14545 14546 14547 14548 14549 14550 
翼 1905 7417 7494 14551 
耀 3690 11002 12379 14552 
老 3275 5339 6025 8030 11820 14553 14554 14555 14556 14557 14558 14559 14560 14561 14562 14563 14564 14565 14566 14567 14568 14569 14570 16264 16617 17237 
考 1559 2135 5104 5105 5106 5107 7229 8700 14571 14572 14573 14574 14575 14576 14577 14578 14579 15665 16864 
者 1260 1416 1780 1906 2103 2132 2204 2316 2361 2513 2750 2806 2807 2832 2879 2899 3223 3260 3303 3304 3376 3593 3848 3922 4121 4156 4309 4427 4440 4633 4715 4818 5203 5257 5278 5623 5632 5713 7090 7370 7705 7735 8001 8229 8234 8276 8298 8342 8429 8504 8704 8980 9012 9112 9189 9208 9451 9584 9764 10039 10144 10207 10239 10597 10598 10801 11326 11360 11467 11790 12523 12599 12691 12841 12900 13001 13052 13287 13411 13467 13775 13778 13883 14001 14292 14352 14359 14411 14580 14581 14997 15420 15424 15516 15535 15536 15735 15776 15854 15987 16006 16007 16114 16128 16174 16188 16205 16769 16870 16882 16981 17061 17432 17505 17727 17828 17837 17885 
耆 14582 
而 1193 1212 1271 1289 1613 1687 1711 1722 2362 3072 3180 3557 3650 3776 3989 4018 4131 4286 4612 4758 4759 5144 5170 5242 5529 5568 5615 5717 5805 5946 6033 6045 6218 6334 6368 6454 6635 6747 7036 7563 7604 8067 8384 8385 8386 8656 8701 8758 8844 9040 9590 9618 9860 9933 9954 10033 10327 10525 10626 10674 10765 11276 11548 11572 12268 12567 12891 12938 13017 13288 13610 13611 13779 13960 14511 14583 14584 14585 14586 14587 14588 14589 14590 14591 14592 14593 14594 14595 14596 14597 14598 14599 14600 14601 14602 14603 14604 14605 14606 14607 14608 14609 14610 14611 14612 14613 14614 14615 14616 14617 14618 14619 14620 14621 14622 14623 14624 14625 14626 14627 14628 14629 14630 14631 14632 14633 14634 14678 14726 14747 14792 14832 15408 15565 16181 16435 16460 17420 17433 17443 17928 
耐 14635 14636 14637 15151 
耒 14638 
耕 4117 4118 14639 16407 
耗 4047 12046 14640 
耦 14641 
耳 5445 7747 7755 8839 13803 14642 14643 14644 14645 14646 14647 14648 14658 
耶 14649 14650 14651 14652 16834 
耷 10937 
耸 17992 
耻 1690 9373 14653 14654 
耽 14655 
耿 14656 14657 
聂 14658 
聊 10294 14659 14660 14661 
职 1788 2139 3050 5486 6748 7190 9480 14662 14663 14664 15599 
联 1417 1979 2055 2571 3884 3885 4032 7349 8137 10143 13243 13289 14129 14665 14666 14667 14668 14669 14670 14671 14672 14673 14674 14675 14676 14677 14678 15045 16340 
聘 17913 
聚 1261 2294 3960 4197 4198 9181 9905 14679 14680 14681 14682 
聪 14683 14684 14685 15066 
肃 1919 14686 18027 
肆 6636 9816 11717 
肇 14687 
肉 1401 10802 12647 14688 14689 14690 14691 14692 14693 14695 15333 15967 17832 18140 
肌 14694 14695 
肓 14805 
肖 1691 6925 14696 14697 14698 14699 14700 16892 
肘 9534 
肚 14701 14702 
肝 14703 17904 
股 1262 5108 9433 14704 
肢 14705 
肤 14706 
肥 14707 14708 14709 14710 16463 
肩 11540 14711 14712 
肪 14768 
肯 1692 2023 3626 3969 14713 14714 14715 14716 16962 17869 
育 3227 3228 3229 4760 5211 5853 6086 6299 7017 7314 9899 9900 9901 9984 11705 12464 14512 17990 
肺 14717 
胀 14808 
胃 14718 
胆 6637 14719 
背 2505 5020 9986 10827 12524 14720 14721 14722 14723 14724 14725 14726 14727 16709 17679 
胎 11506 14728 14729 14788 14789 
胚 14729 
胜 1263 1693 2295 3099 4159 5243 5602 5656 5750 8214 8387 9131 11475 11620 13036 14730 14731 14732 14733 16306 16438 
胞 11603 14245 14246 
胡 14734 14735 14736 14737 14738 14739 15033 
胧 10841 
胶 7352 14740 14741 
胸 8566 9083 14742 14743 14744 14745 14746 14747 14748 14749 
能 1694 1695 1696 2296 2754 2870 3003 3320 3469 3951 3970 3971 4062 4146 4437 4610 4643 4644 4645 5358 5398 5399 6315 7191 7363 7537 7564 7592 8597 8670 8671 8729 9034 9182 9228 10170 10295 10662 10710 10873 10918 10956 10957 13365 14330 14447 14617 14645 14663 14750 14751 14752 14753 14754 14755 14756 14757 14758 14759 14760 14761 14762 14763 14764 14765 14766 15154 16159 16322 
脂 14767 14768 
脆 7909 14769 
脉 1264 1265 4691 14770 14771 15334 17589 
脊 7640 14772 
脍 14773 
脏 8567 14703 
脑 5446 6638 6762 6763 7756 8151 12265 12961 14774 14775 14776 14777 17147 17870 
脓 14778 14779 
脚 9219 9817 13847 14780 14781 14782 14783 15206 15207 
脱 9515 9708 9709 11885 11920 14784 14785 14786 14787 14788 14789 14790 14791 14792 15600 16294 16307 16793 
脸 1704 1865 5961 14710 14793 
腊 5328 7859 7860 7861 14794 14795 
腐 14796 14797 14798 14799 
腑 14717 
腕 6639 9220 14800 
腰 8272 
腹 6640 9545 11507 12135 14801 
腻 14247 
腾 6111 6112 6803 14548 14802 
腿 14803 14804 
膀 14534 
膏 14805 
膜 14806 17450 
膝 14807 
膨 14808 
膺 15129 
臂 6738 
臆 2143 14809 14810 14811 
臣 4646 5663 11236 14812 14813 14814 14815 16041 16050 16483 
自 1696 1697 2699 2708 2900 3004 4300 4414 4428 5207 5212 5213 5240 5244 5916 6016 6091 6544 6641 7461 8865 9799 10938 11029 11872 12156 12244 12626 14418 14660 14816 14817 14818 14819 14820 14821 14822 14823 14824 14825 14826 14827 14828 14829 14830 14831 14832 14833 14834 14835 14836 14837 14838 14839 14840 14841 14842 14843 14844 14845 14846 14847 14848 14849 14850 14851 14852 14853 14854 14855 14856 14857 14858 14859 14860 14861 14862 14863 14864 14865 14866 14867 14868 14869 14870 14871 14872 14873 14874 14875 14876 14877 14878 14879 14880 14881 14882 14883 14884 14885 14886 14887 14888 14889 14890 14891 14892 14893 14894 14895 14896 14897 14898 14899 14900 14901 16308 16436 17681 17682 
臭 14902 
至 1486 2297 2298 2299 3972 4342 6369 9590 10413 13215 13858 14266 14678 14834 14903 14904 14905 14906 14907 14908 14909 14910 14911 14912 14913 14914 14915 14916 14917 14918 16546 
致 1266 1267 1698 3416 3904 4486 5793 6312 6642 6643 7157 7442 9183 9434 10147 10579 11070 12078 13224 14090 14248 14249 14270 14919 14920 14921 14922 14923 14924 14925 14926 15172 16944 17162 17800 
臻 14927 17468 
臾 17695 
舆 10171 13554 14928 14929 
舌 5856 14930 
舍 5245 7371 12916 12927 13782 14931 14932 14933 14934 14935 14936 17469 
舒 5454 14937 14938 14939 14940 14941 
舜 7552 
舞 2300 2363 3323 4235 5021 5896 6124 9517 11349 11361 14537 14542 14942 14943 14944 14945 14946 14947 14948 14949 14950 15096 16367 18118 
舟 1699 9202 11835 
航 1980 14951 14952 
舫 15412 
般 1268 1269 1270 1271 1272 14953 14954 16976 
舱 5041 
船 3261 11270 12224 14549 14955 14956 14957 14958 
艘 1273 
良 3030 3100 5923 11574 14091 14959 14960 14961 14962 14963 16893 
艰 14964 14965 14966 14967 14968 14969 
色 1543 2541 2574 3128 4301 4477 4889 5179 6405 7501 8077 8378 8388 8396 8397 8728 10391 10580 10611 10723 10919 10974 11228 11883 11951 11959 12087 12088 12359 12525 12553 12605 12710 12917 14136 14137 14161 14394 14970 14971 14972 14973 14974 14975 14976 14977 14978 14979 14983 15136 15235 15236 15353 15443 15582 16814 17136 17177 17253 17573 17760 17801 18035 18083 18101 18102 
艳 2052 14980 14981 14982 14983 
艺 1454 1849 1983 2879 3495 4551 5171 5320 5465 6167 6514 7742 7743 8124 8333 9221 10005 10034 10035 10036 10037 10038 10039 10040 10041 10042 10043 10044 10045 10046 10047 10627 11607 11608 12708 13125 14388 14389 14390 14948 14984 14985 14986 14987 14988 14989 14990 14991 14992 14993 14994 14995 14996 14997 14998 14999 15000 15001 15002 15003 15004 15005 15384 15440 15568 15855 15918 15987 16877 17609 
艾 15006 15067 
节 1274 2301 3335 3890 5480 5603 7502 8893 9840 10046 11106 11107 11621 12715 12877 12967 13533 13859 14250 14390 14618 15007 15008 15009 15010 15011 15012 15013 15014 15015 15016 15017 15018 15019 16026 17802 
芑 17057 
芒 3691 9113 9800 15020 17191 
芙 15021 
芜 16461 
芝 1854 15022 
芬 15023 15024 16099 16547 
芭 15025 
花 1348 2302 2607 6219 10137 11148 12345 12399 13125 13685 14162 15026 15027 15028 15029 15030 15031 15032 15033 15034 15314 17198 17803 18084 
芳 8004 
芸 15035 
芹 10676 
芽 15184 
苇 1275 15036 
苍 15037 15038 
苏 1418 11704 11705 15039 15040 15041 15042 15043 15044 15045 15046 15047 
苑 10048 
苛 15048 15049 
苟 1640 15050 15051 15052 
若 2411 7383 11872 12373 14954 15053 15054 15055 15056 15057 15058 15059 15060 
苦 3005 4726 7059 8861 8930 12831 13060 13070 13497 13780 14968 15061 15062 15063 15064 15065 15066 15067 15068 15069 15070 
英 1907 8254 11560 14092 15071 15072 15073 15074 15075 15076 15077 15078 15079 15080 15081 15082 
茂 11105 15083 15084 
范 4001 4766 5846 7565 7848 7849 13518 13519 13555 15085 15086 15087 15088 15089 15090 15091 15092 15093 15341 15553 15554 16917 17299 17804 17873 
茅 1425 15094 15095 15096 
茎 6251 
茧 13336 
茨 7836 14577 15097 15164 
茫 15098 15099 
茶 15100 
茹 15101 
荀 15102 
草 1276 4010 7503 14395 15095 15103 15104 15105 15106 15107 15108 15239 17574 
荐 7467 9619 15109 
荒 15110 15111 15112 15113 15114 15115 15116 15117 15118 15119 
荟 15120 
荡 4142 4692 6271 6272 9529 11994 12071 12330 14745 15121 15122 15123 15124 16346 17554 
荣 3692 3693 3857 3862 7364 8620 11324 11547 14146 14147 14148 15125 15126 15127 15128 15129 15130 15131 15279 
荦 4877 
荧 15132 
药 4785 15133 
荷 10049 15134 15135 15136 15137 15138 15139 15252 16105 
莉 7133 
莎 10096 15140 15141 
莫 4647 8598 10828 11572 13604 15142 15143 15144 15145 15146 15147 15148 15149 15150 15151 15152 15153 15154 15155 15156 15157 15158 15159 15160 15473 
莱 3711 3712 4865 7837 7852 8248 8249 15161 15162 15163 15164 15165 17533 
获 1700 12639 15166 15167 15168 15169 15170 15171 15172 
莹 15173 
莺 7468 7713 7714 15174 18085 
莽 11098 
菊 15175 
菜 15176 15186 
菩 15177 
菲 5827 15178 15179 15180 
萃 4299 
萌 2303 3973 15181 15182 15183 15184 
萎 11111 15185 
萝 15186 
营 6819 9184 14291 14292 15187 15188 15189 15190 15191 15192 17322 
萧 15193 15194 
萨 3274 9416 12812 15195 15196 15197 
落 1701 4169 6335 6749 9348 11653 11764 11767 11886 12258 13018 14529 15198 15199 15200 15201 15202 15203 15204 15205 15206 15207 15409 15583 15666 17002 17527 17745 
著 1789 4878 5081 5530 5604 7081 7769 8769 9185 9272 9742 10414 10526 10675 12263 12759 13651 14412 15208 15209 15210 15211 15212 15213 15736 16611 
葛 14154 15214 15988 15989 15990 
董 15215 15216 
葬 1926 6359 11472 12346 15217 
蒂 8312 11196 11896 15218 15219 15220 17905 
蒋 15221 15222 
蒙 1487 5693 12692 12693 12694 12695 14458 15223 15224 15225 15226 15227 15228 
蒸 15229 
蓄 4015 5679 15230 
蓉 15021 15231 
蓍 15232 
蓝 15233 15234 15235 15236 
蓬 15237 15238 15239 
蔑 15240 16462 
蔓 15241 
蔡 15242 15243 
蔽 1282 3006 5091 6381 17444 
蕞 15244 
蕴 4048 4744 8078 15245 15246 15247 15248 
蕾 15025 
薄 2136 4890 5047 5048 5946 11960 15249 15250 15251 15252 
薛 15253 
藉 9037 15247 
藏 2024 7214 9771 9772 9773 10599 12304 12747 13710 15248 15254 15255 15256 15257 15354 17445 
藩 15258 15259 
藻 15260 
虎 2514 6379 8463 12669 15261 
虐 14890 
虑 3250 4199 8636 12123 14578 
虔 15262 
虚 3007 3106 3534 4187 7234 12660 13163 13795 15263 15264 15265 15266 15267 15268 15269 15270 15271 15272 15273 15274 15275 15276 15277 15278 15279 15280 15281 
虞 2304 
虫 7573 8055 10433 11753 15282 
虹 6277 15283 17564 
虽 15284 15285 15286 15287 15288 15289 15290 15291 15292 15293 
蚀 12047 
蚕 15294 15295 
蛆 15296 15297 
蛇 15239 15298 15299 15311 16251 
蛙 15300 
蛮 10612 15116 15301 15302 15303 17120 
蛾 15304 
蜀 15305 15306 
蜕 15307 15308 
蜜 12829 
蜡 15309 
蜩 15310 
蝮 15311 
蝴 15312 
蝶 15312 15313 15314 
融 2657 6125 8883 11633 11975 12048 12148 12149 15315 15316 15317 15318 15319 15320 15321 15322 15323 15324 
螺 15325 15326 15327 
蟒 7770 
蠢 15328 
血 1298 2996 10802 12016 12497 14779 15329 15330 15331 15332 15333 15334 16496 17842 
行 1461 1488 1702 2096 2157 2305 2880 2987 3665 3666 3839 4049 4290 4302 4552 4613 4906 4967 5109 5144 5214 5215 5400 5582 6700 6721 7025 7244 7472 7566 7895 7934 7935 7985 8255 8351 8744 9100 9618 10181 10189 10190 11307 11950 11951 11952 13098 13182 13183 14619 14762 14952 15335 15336 15337 15338 15339 15340 15341 15342 15343 15344 15345 15346 15347 15348 15349 15350 15351 15352 15353 15354 15355 15356 15623 15719 16388 16402 16595 16596 16686 16687 16688 16951 17684 17822 
衍 9620 12293 14149 15241 15357 15358 
衔 15359 
街 15360 15361 
衡 4503 4685 6238 6750 7091 7936 7937 9352 10983 12859 15362 18135 
衣 6478 10296 11253 15363 15364 15365 15366 15367 
补 2573 2574 5247 8268 10533 15368 15369 15370 15371 15372 15373 15374 15375 15376 15693 
表 1489 1764 2917 2918 2919 2920 3990 4157 4258 5216 6113 6213 6220 6479 7957 8467 9379 9542 10347 10803 12247 12941 13808 14852 15340 15377 15378 15379 15380 15381 15382 15383 15384 15385 15386 15387 15388 15389 15390 15391 15392 15393 15394 15395 15396 15397 15398 15399 15400 15401 15648 
衬 5172 7675 10486 11399 13290 15402 15403 15404 15405 15406 17398 
衰 3905 13184 14271 15407 15408 15409 
衷 4452 9361 9362 12942 
衽 10886 15410 
衿 17575 
袁 15411 15412 15413 
袂 6795 14677 14678 
袅 15414 
袋 14776 
袖 13099 14085 17732 
被 1462 6221 7953 8998 15366 15415 15416 15417 15418 15419 15420 15421 15422 15423 15424 15425 
袭 1821 15426 15427 15652 
裁 3230 4504 4592 4759 12607 
裂 4343 4599 14245 15428 
装 4745 9186 11451 11452 15429 15430 15431 15432 15433 15434 15474 
裕 3638 10992 
裘 16463 
裙 15435 15436 
裤 17906 
裨 15437 15438 
裸 15439 15440 15441 16252 
裹 15442 
褐 15443 
褒 15444 15445 15446 
襄 10939 15447 15448 
襟 9534 11400 14748 15449 
襦 15450 
西 1843 1855 1856 1857 1954 2025 2026 3008 3772 4943 4944 5166 6532 6644 7095 7676 7813 8024 9232 11821 11822 11841 13027 13656 14459 15451 15452 15453 15454 15455 15456 15457 15458 15459 15460 15461 15462 15463 15464 15465 15466 15467 15468 15469 15470 15471 15472 15473 15474 15475 16537 17386 
要 1277 1419 1463 1614 1616 1703 1704 2027 2137 2138 2139 2194 2515 3667 4037 4810 6222 6321 6897 7158 7469 7550 7567 7968 8599 8600 8770 9187 9456 9664 9718 10217 10328 10415 10527 10636 10663 11051 11056 11277 11316 12267 12886 12999 13989 14185 14620 14905 14906 15476 15477 15478 15479 15480 15481 15482 15483 15484 15485 15486 15487 15488 15489 15490 15491 15492 15493 15856 16364 16626 16734 17107 17108 17549 17610 17871 
覆 3500 15494 15495 15496 15497 15498 17764 17765 
见 1298 1578 1705 1706 2254 2306 2412 2696 2807 2833 2844 2963 3526 4344 4432 4453 5110 5359 5464 5494 5935 7203 7433 7519 7660 7896 8198 8496 8589 8921 8971 8981 9085 9101 9188 9189 9534 9921 10444 10525 10598 10874 10875 11904 12434 13313 13324 13827 14448 15499 15500 15501 15502 15503 15504 15505 15506 15507 15508 15509 15510 15511 15512 15565 15784 16355 17246 17373 17423 18036 
观 1817 2028 2115 2140 2141 2142 2143 2364 2365 2778 2974 3026 3035 3036 3293 4923 5111 5173 5437 5847 5889 6394 6784 7116 7172 7173 7182 7262 7263 7269 7270 7271 7272 7273 7274 7275 7276 8017 8514 8515 8689 8862 9786 9987 10125 10581 10785 12939 13216 13217 13266 13961 14201 14389 14513 14621 14877 15513 15514 15515 15516 15517 15518 15519 15520 15521 15522 15523 15524 15525 15526 15527 15528 15529 15530 15531 15532 15533 15534 15535 15536 15537 15538 15539 15540 16403 16548 16866 16916 16922 
规 1707 5157 5531 6645 7276 8595 9086 10571 11401 11823 12218 12842 13555 14878 15341 15541 15542 15543 15544 15545 15546 15547 15548 15549 15550 15551 15552 15553 15554 16917 
觅 7434 15555 15556 
视 1278 1595 3458 3568 4200 5253 5401 5402 6026 7264 7435 7938 8408 8409 8657 8727 9284 9870 10297 11251 11402 11860 11861 12444 12962 12963 12964 12965 12966 12967 13188 13334 13442 13828 13962 15421 15557 15558 15559 15560 15561 15562 15563 15564 15565 15566 15567 15568 15569 15570 15571 16165 16464 16720 16822 16823 16824 17109 
览 6095 7648 11278 11968 14202 15572 
觉 1680 1708 3668 4239 5685 5757 5950 7378 7997 9013 9014 10172 13218 13219 13394 13420 14891 14892 15566 15567 15568 15573 15574 15575 15576 15577 15578 15609 15641 15642 17193 
角 1279 1420 1768 1908 2144 5179 5459 5962 6533 7523 8728 11262 14515 15569 15579 15580 15581 15582 15583 18059 
觞 12269 
解 1709 1710 1745 2444 2520 2930 4345 5403 5790 6114 6115 8415 9333 9402 9922 10628 11595 11862 12049 12107 12782 12813 13142 14622 15322 15509 15584 15585 15586 15587 15588 15589 15590 15591 15592 15593 15594 15595 15596 15597 15598 15599 15600 15601 15602 15603 15892 15929 16008 16027 16748 17264 17470 17509 
触 9015 9387 9589 13291 13884 15604 15605 15606 15607 15608 15609 
言 1271 1280 1281 1282 1329 1349 1421 1701 1711 2159 2307 2608 3855 3974 4553 5217 5605 6062 6103 7287 7342 7376 7443 7563 7897 8041 8235 8487 8516 8758 9190 9191 9954 10007 10050 10079 10203 10298 10465 11276 11428 11496 11497 11548 11596 11824 11825 12247 12951 13220 13796 13969 14314 14653 14816 14935 15610 15611 15612 15613 15614 15615 15616 15617 15618 15619 15620 15621 15622 15623 15624 15625 15626 15627 15628 15629 15630 15822 15857 15914 15915 15916 15917 15918 16063 16143 16228 16993 17068 17368 17471 17611 17717 
詹 15631 15632 
誉 6406 15130 15633 16241 
誓 15634 
警 15635 15636 15637 15638 15639 15640 15641 15642 
譬 15643 
讠 15644 
计 1712 3168 4472 4838 8568 8655 8759 9548 9946 11921 12957 14355 14505 15645 15646 15647 15648 15649 15650 15651 15652 15653 15654 15751 16713 16924 17261 
订 13978 15655 
认 1556 3822 4075 4937 5411 5670 9308 10222 11395 12170 13498 14853 15656 15657 15658 15659 15660 15661 15662 15663 15664 15665 15666 15667 15668 15669 15930 15931 16518 16519 17100 18107 
讥 15670 15671 
讧 4050 
讨 5910 9576 12098 13470 15672 15673 15674 15675 
让 1713 2560 8326 10711 15676 
训 6300 9902 10993 14298 15677 15678 15679 15680 15681 
议 1557 2456 3114 3483 4160 4870 5998 8142 8199 8702 9651 10875 15653 15682 15683 15684 17612 
记 1283 2366 2686 3145 4968 5268 5419 5438 5633 7424 8621 8754 10144 11159 12225 12502 13502 13885 14293 15470 15685 15686 15687 15688 15689 15690 15691 15692 15693 15694 15695 15696 16763 17278 
讲 1790 11030 15697 15698 15699 15700 15701 15702 15703 15704 15705 15706 15707 
讳 11496 
讴 15708 
讶 8904 
许 2402 3607 3906 6898 9114 15709 15710 15711 15712 15713 
论 1212 1404 1560 1714 1996 2016 2172 2299 2308 2367 2457 2894 3823 3975 4150 5845 5884 5890 5891 6004 7082 7174 7444 7554 7986 8477 8501 8665 8745 8829 9192 9621 9955 10003 10006 10014 10044 10051 10138 10168 10285 10299 10300 10301 10786 10804 10895 10923 11031 11032 11279 11429 11834 12783 12784 12785 12786 12787 12788 12789 13002 13196 13257 13425 13554 13699 13797 13841 13894 14110 14299 14315 14316 14623 14916 14929 15004 15669 15675 15683 15714 15715 15716 15717 15718 15719 15720 15721 15722 15723 15724 15725 15726 15727 15728 15729 15730 15731 15732 15733 15734 15735 15736 15737 15738 15739 15740 15741 15742 15743 15744 15774 15775 15776 15808 15858 15887 16014 16034 16064 16084 16210 16526 16676 
讽 3009 5174 5960 15671 15745 
设 3507 3508 8143 8759 9710 11083 14505 14624 14893 15746 15747 15748 15749 15750 15751 15752 15753 17718 
访 15754 17058 
证 1560 1715 3342 3419 3623 4969 5112 7245 7246 7252 8236 10466 10487 10670 11191 11430 13499 14466 14579 15737 15755 15756 15757 15758 15759 15760 16523 16524 16525 16526 16527 
诂 15761 
诃 5541 6331 
评 2429 5113 5816 7204 8771 9297 9298 9299 9300 10002 10006 12949 15170 15762 15763 15764 15765 15766 15767 15768 15769 15770 15771 15772 15773 15774 15775 15776 15777 15778 15779 16743 
识 1481 1716 1717 3010 3863 7092 7898 8735 8972 8973 8974 10244 10425 10764 10805 11395 11592 12170 12302 12445 13421 13422 13423 13424 13425 13426 13550 14799 14850 14853 15510 15668 15669 15780 15781 15782 15783 15784 16223 16520 17100 
诈 15885 
诉 3501 5727 6893 6899 9596 10629 15785 15786 15787 
词 1284 2170 2912 3891 5341 5469 5870 7024 7153 8374 8650 9445 9528 9631 11362 12918 13871 15406 15624 15788 15789 15790 15791 15792 15793 15794 15795 15796 15859 15919 
译 1313 1455 13478 14230 14550 15797 15798 15799 15800 17137 
试 7542 15801 15802 15803 15804 15805 15806 15807 15808 15809 17629 
诗 1822 2309 2340 2483 2542 3011 3231 3752 3976 4103 4454 5288 5340 5341 5439 5869 5870 7154 7360 7504 8237 8611 9247 9332 9499 9917 9970 10139 11207 11248 11431 11563 12470 13103 13143 13443 13649 14887 15139 15625 15738 15810 15811 15812 15813 15814 15815 15816 15817 15818 15819 15820 15821 15822 15823 15824 15825 15826 15827 15828 15829 15830 15831 15832 15833 15834 15835 15836 15837 15838 15839 15840 15841 15842 15843 15844 15845 15846 15847 15848 15849 15850 15851 15852 15853 15854 15855 15856 15857 15858 15859 15860 15861 15862 15863 15864 15865 15866 15867 15868 15869 16009 16035 16217 17059 17110 17238 17307 17318 17410 17490 17712 17872 18135 
诘 12682 15870 
诙 15871 
诚 6273 8628 8703 8704 13366 13367 13836 14052 14093 14625 14917 15262 15872 15873 15874 15875 17132 
诛 15876 
话 1218 2907 3316 3404 7418 7861 7939 10302 10367 13100 13101 13102 13103 13368 13612 13613 13614 14411 15705 15860 15877 15878 15879 15880 15881 15882 15962 16036 
诞 15117 15118 15883 
诡 15884 15885 15886 15887 
询 9577 15888 16144 
诣 16883 
该 1718 8066 
详 5751 14645 15889 15890 15891 15892 15893 
诨 9251 
诫 5728 
诬 15894 
语 1421 1719 2310 2430 2543 3405 3855 3864 5299 5300 5342 5568 5916 5924 6480 7338 7382 8220 9404 9947 10007 10080 10368 10931 11596 12919 13003 14310 15361 15475 15619 15626 15739 15777 15795 15881 15895 15896 15897 15898 15899 15900 15901 15902 15903 15904 15905 15906 15907 15908 15909 15910 15911 15912 15913 15914 15915 15916 15917 15918 15919 15920 15921 15922 
误 3527 4182 6751 10303 10806 13886 15923 15924 15925 15926 15927 15928 15929 15930 15931 15932 16065 17194 
诱 8238 15933 15934 15935 15936 15937 
诲 9903 15938 
说 1268 1272 1585 1586 1662 1671 1755 1756 1795 1823 2029 2153 2399 2403 2901 3146 3310 3404 3424 3509 3627 4398 4625 4730 4998 5121 5289 5404 5405 6116 6223 6735 6875 6889 6891 6900 7093 7505 7506 7507 7568 8042 8453 9112 9193 9549 10302 10416 10458 11033 11183 11534 12226 12283 13256 13441 13613 13970 15627 15740 15778 15786 15939 15940 15941 15942 15943 15944 15945 15946 15947 15948 15949 15950 15951 15952 15953 15954 15955 15956 15957 15958 15959 15960 15961 15962 15963 15964 15965 15966 15967 16771 16846 17235 17472 
诵 3147 15968 15969 15970 
请 6224 9932 14894 15971 15972 
诸 2904 7094 13520 15787 15973 15974 15975 15976 15977 15978 15979 15980 15981 15982 15983 15984 15985 15986 15987 15988 15989 15990 
诺 3608 7866 10096 10554 14458 15991 15992 15993 15994 15995 15996 17348 17541 17542 17899 
读 1464 1720 3324 4233 5092 5406 6168 9796 10327 12446 15068 15601 15932 15970 15997 15998 15999 16000 16001 16002 16003 16004 16005 16006 16007 16008 16009 16010 16810 17111 17280 
课 15376 16011 16012 16013 
谁 16014 
调 1909 2145 3628 4871 4891 5151 5797 5911 6329 6407 6448 6646 7294 7508 8299 8894 10630 11121 11215 12484 12537 13667 13887 14570 14895 14978 16015 16016 16017 16018 16019 16020 16021 16022 16023 16024 16025 16026 16027 16437 17664 17805 17993 
谅 3232 
谆 16028 
谈 4821 5791 8107 8124 8601 9446 12227 13798 13888 14300 14533 15280 15361 16029 16030 16031 16032 16033 16034 16035 16036 16037 
谊 5128 16202 
谋 1721 1722 2472 6534 10304 10984 16038 16039 16040 16041 16042 16835 
谐 3012 5792 5793 15871 16043 16044 
谑 9054 
谓 2311 3013 3251 5407 9194 10250 13736 14896 15861 16045 16046 
谕 4626 16047 16048 
谗 16049 16050 
谙 12136 16051 
谛 13369 16052 17508 
谜 2312 
谟 6884 8528 
谠 16053 
谢 2921 9016 10145 15131 16054 16055 16056 16057 
谣 11363 16058 
谦 16059 16576 
谧 7138 
谨 1920 16060 
谪 3824 16061 16062 16166 
谬 15119 16063 16064 16065 17018 
谱 6117 12796 16066 16067 
谲 16068 
谴 16069 
谷 1723 2609 7698 13628 13766 15096 16070 16071 18072 
豁 16072 16073 16074 
豆 16075 
象 1350 1724 2313 2768 3994 4078 4970 4971 4972 5246 5908 6118 6341 6701 6866 7419 7420 7569 7998 8389 8390 8922 8923 8924 8975 9393 9394 10066 10582 10876 11403 11622 11623 12748 12749 12850 14148 14700 14763 14998 15081 15388 15394 16076 16077 16078 16079 16080 16081 16082 16083 16084 16323 16721 16753 16977 17008 17397 17458 
豪 16085 16086 16087 16088 16089 16090 16091 16092 
豸 16093 
貌 3777 6867 8391 14084 16094 16095 16096 17630 17806 17847 
貔 16097 
贝 5828 8046 15995 15996 16098 16099 16100 
贞 8629 8630 12673 16101 
负 1285 9384 13759 14712 14897 14898 16102 16103 16104 16105 16106 16107 16108 16109 16110 
贡 3288 7002 16111 16112 16113 16114 
财 16115 16116 16117 16118 16119 17165 
责 2139 9500 14664 16069 16106 16120 16121 16122 16123 16124 16125 
贤 3669 7473 13534 16126 16127 16128 18077 
败 1910 6752 8483 9087 9252 16129 16130 16438 
货 5218 7037 16131 16132 16133 16134 17189 
质 2314 2670 2964 3958 4051 5583 5817 7247 7248 7538 8200 8746 10920 10921 10922 10923 11624 11632 12526 12527 12528 12554 13456 13609 13813 14116 14514 16135 16136 16137 16138 16139 16140 16141 16142 16143 16144 16145 16146 16147 17994 
贩 16148 
贪 16149 16150 16151 
贫 6989 7139 13874 16152 16153 16154 16155 16156 16157 16158 16159 
贬 15425 15446 16160 16161 16162 16163 16164 16165 16166 
购 16167 
贯 1120 1286 7095 14460 16168 16169 16170 16171 16722 
贱 4872 16159 16172 16173 16174 16182 16189 
贴 6930 9435 9463 16175 16176 16177 
贵 5408 7215 7362 7363 7364 10430 11897 15155 16178 16179 16180 16181 16182 16183 16184 16185 16186 16187 16188 16189 17995 
贸 16190 
费 1793 2930 4076 12001 12050 12051 12052 14294 15032 15796 16191 16192 16193 16194 
贺 16195 16196 16197 
贼 16198 
贽 11001 16199 
贾 5912 16200 16201 16202 
资 2315 4266 5409 10026 11938 14879 16203 16204 16205 16206 16207 16208 16209 16210 16211 16212 
赋 8084 11364 11689 13632 15862 16213 16214 16215 16216 16217 16248 17430 
赎 16218 16219 
赏 4310 11325 11326 12331 15000 15537 15538 16220 16221 16222 16223 16242 17144 17485 
赐 16224 16225 
赖 3365 3366 5375 10305 10807 13228 16226 16227 
赘 14140 16228 16229 
赚 16230 
赛 3228 3229 6647 6817 13852 16231 16232 16340 17199 17452 17907 
赜 2316 
赞 1725 3148 5897 8905 13185 13535 13737 16233 16234 16235 16236 16237 16238 16239 16240 16241 16242 16243 17975 
赡 2053 
赢 16244 
赤 16245 16246 16247 16248 16249 16250 16251 16252 
赫 5634 5835 7814 10528 16253 16254 16255 17908 
走 1892 9510 16256 16257 16258 16259 16260 16261 16262 16263 16264 16265 16266 
赵 16267 16268 16269 16270 16271 
赶 16272 16764 17919 
起 1287 2030 2853 2875 3543 3907 4104 5219 5635 5636 5872 5898 6060 6796 7716 8182 8239 8716 9195 9551 9646 9665 11170 11541 12332 12450 13337 14279 14419 14542 15963 16010 16037 16273 16274 16275 16276 16277 16278 16279 16280 16281 16282 16283 16284 16285 16286 16287 16288 16289 16290 16291 16577 16741 17807 18054 
超 3014 6589 9115 11232 16292 16293 16294 16295 16296 16297 16298 16299 16300 16301 16302 16303 16304 16305 16306 16307 16308 16309 16310 16311 16312 16313 17996 
越 1490 3101 3102 3103 5818 6589 16309 16310 16314 16315 16316 16317 16318 16319 16320 16321 16322 16323 16324 16353 17766 
趋 2664 5196 8596 8772 10348 10349 10664 14135 16325 16326 16327 16328 16329 16330 16331 16332 
趣 2368 3204 3908 3909 6702 6926 8612 8895 8976 8986 10373 16333 16334 16335 17808 17856 17857 
足 1726 1727 1728 1729 2158 3252 3639 3982 3995 4528 4824 6753 8507 10306 12266 12267 13842 13843 13844 14899 16336 16337 16338 16339 16340 16341 18041 
跃 11922 16342 16343 16368 17823 
跋 16344 17755 
跌 1491 16345 16346 
跑 16290 17452 17882 
距 1736 7780 13292 16347 16348 16349 16612 
跟 16350 
跨 16351 16352 16353 
路 1288 2317 4303 4346 7003 8172 8705 10881 12790 12878 12892 16264 16354 16355 16356 16357 16358 16359 16360 16361 16362 16363 16364 16923 
跳 1413 5896 9732 16365 16366 16367 16368 16369 16370 
践 4423 6154 6155 7249 7250 7251 7252 16371 17224 
跹 14542 
踏 14783 16372 
踪 16765 
踵 9590 
蹄 8474 16373 
蹈 3106 14949 
蹑 16374 
蹙 16375 
蹲 16376 
蹴 1289 
躁 8717 12012 16377 16378 
身 1290 2700 2701 2784 3452 3453 3454 3605 3778 3779 3977 4304 4363 4364 4554 4761 4991 5175 7140 9102 9346 9371 9395 10052 10740 10924 11826 11976 12614 12652 12750 13845 14211 14321 14472 14473 14693 14936 15299 16379 16380 16381 16382 16383 16384 16385 16386 16387 16388 16389 16390 16391 16392 16393 16394 16395 16396 16397 16398 16399 16400 16401 16402 16403 16404 16405 17930 18042 
躬 16406 16407 
躯 16404 16408 16409 16410 
躲 16411 
车 1730 7004 8644 12347 12348 16412 16413 16414 16415 
轧 3502 
轨 9591 16416 16417 
转 1561 2572 5752 5753 6973 7207 7649 10410 10613 11953 13556 16418 16419 16420 16421 16422 16423 16424 16425 16426 16427 16428 16429 16430 16431 16432 16433 16434 16435 16436 16437 16438 16439 16440 16498 16801 
轮 16441 16442 16443 16444 
软 16445 16446 
轰 16447 16448 16449 
轴 16450 
轻 2158 2318 4192 7958 7959 9973 10306 13338 14626 16451 16452 16453 16454 16455 16456 16457 16458 16459 16460 16461 16462 16463 16464 
轼 13521 15046 15921 16465 
载 4840 5440 7960 8264 8749 9337 9975 12268 12920 15678 15695 16107 16466 16467 16468 16469 
较 11542 11543 11544 11545 11546 11547 11548 15654 15863 16470 16471 16472 16473 16474 16475 16476 16477 16478 16479 16480 
辅 2097 13293 16481 16482 16483 
辈 1291 2319 4555 5637 16484 
辉 3694 3695 12447 16485 16486 16487 17137 
辍 1731 16488 
辐 16489 
辑 14413 16124 16490 16491 16887 16888 
输 3305 16492 16493 16494 16495 16496 
辕 5122 16497 
辖 13221 14356 
辗 16498 
辙 1292 5553 15047 16825 
辛 6819 16499 16500 16501 
辜 16502 
辞 2166 2983 3455 6768 11267 14111 15628 16503 16504 16505 16506 16507 17369 
辟 2031 8173 12555 14094 16508 16509 17638 
辣 8557 11874 12831 16510 
辨 2458 4347 5410 5411 8706 16511 16512 16513 16514 16515 16516 16517 16518 16519 16520 17480 
辩 2320 2459 8707 15741 15886 15887 16521 16522 16523 16524 16525 16526 16527 17481 
辱 4188 5233 14654 16528 
辶 16529 
边 1293 1492 1678 4556 5447 5638 5754 7757 7935 9753 10185 10307 11781 16405 16530 16531 16532 16533 16534 
辽 16535 16536 16537 
达 1465 1732 2544 3149 3150 3187 3901 4494 5220 5221 5462 8529 9144 9818 10426 11543 11556 14222 14627 14628 15395 15396 15491 16074 16538 16539 16540 16541 16542 16543 16544 16545 16546 16547 16548 16549 16730 16856 16865 18028 
迁 5279 5467 16343 16550 
迂 16551 
迄 16552 16553 16554 
迅 16555 16556 16557 16558 18029 
过 1500 1638 1655 2869 3306 3780 4065 4105 4193 5032 5260 5354 6423 6535 6722 6723 8103 8561 9787 10685 10808 12278 13339 13431 14287 14467 15156 15511 15629 15964 16311 16324 16369 16559 16560 16561 16562 16563 16564 16565 16566 16567 16568 16569 16570 16571 16572 16573 16574 16575 16576 16577 16578 16826 16866 17858 
迈 16091 16312 16579 16580 16581 16582 16583 16723 
迎 11321 16584 16585 16586 16587 
运 2590 5771 5979 8067 9309 9879 10410 10625 12367 14184 15327 16588 16589 16590 16591 16592 16593 16594 16595 16596 
近 1733 2702 4365 7923 8658 8714 9592 10550 10712 11432 11961 13294 16177 16265 16332 16597 16598 16599 16600 16601 16602 16603 16604 16605 16606 16607 16608 16609 16610 16611 16612 16704 16738 16894 17616 
返 6449 13028 16613 16614 16615 16616 16617 
还 8319 12893 16617 16618 16619 16620 16621 16622 16623 16624 16625 16626 
这 2881 16627 16628 16629 16630 16631 16632 16633 16634 16635 16636 16637 16638 16639 16640 16641 16642 16643 16644 16645 16646 16647 16648 16649 16650 16651 16652 16653 16654 16655 16656 16657 16658 16659 16660 16661 16662 16663 16664 16665 16666 16667 
进 1646 3015 3389 3670 3671 3865 4557 4558 5022 5639 7253 7799 7878 9622 9699 9788 10140 10623 10665 11298 11433 12182 12188 12284 12333 13229 13468 13814 15323 15355 16266 16378 16583 16668 16669 16670 16671 16672 16673 16674 16675 16676 16677 16678 16679 16680 16681 16682 16683 16684 16685 16686 16687 16688 16689 16690 16691 16836 17201 17684 
远 1413 1734 2032 2163 6388 7800 7948 9933 11668 12137 12245 12661 12943 13049 13292 16362 16692 16693 16694 16695 16696 16697 16698 16699 16700 16701 16702 16703 16704 16705 16706 16707 16708 16940 17162 17239 17997 
违 16709 
连 9582 9593 13028 16710 16711 16712 16713 16714 16715 16716 16717 16718 16719 16720 16721 16722 16723 
迟 6949 16724 16725 17400 
迥 16726 16727 
迪 2545 5694 10903 16728 16729 16730 
迫 2862 8300 13781 13822 15418 16731 16732 16733 16734 16735 16736 16737 16738 16895 
迭 16739 16740 16741 
述 1466 1493 2033 2624 4394 4559 5290 5878 6450 6876 9196 9643 12952 13738 15212 15397 15696 15706 15742 15779 15893 16229 16439 16742 16743 17287 17370 
迷 4305 8342 8571 9273 13077 16440 16744 16745 16746 16747 16748 16749 16750 
迸 16751 
迹 1634 2484 6785 8569 10308 12857 13066 14341 16374 16416 16752 16753 
追 4517 8716 12486 13782 16754 16755 16756 16757 16758 16759 16760 16761 16762 16763 16764 16765 16766 16767 16768 16769 
退 3015 3468 16689 16690 16770 16771 16772 16773 16774 16775 16776 16777 16778 16779 
送 10081 11930 16780 16781 16782 17530 
适 1735 2321 4528 5532 6225 8840 10251 10563 10564 13007 13295 14739 14900 14941 16783 16784 16785 16786 16787 16788 16789 16790 16791 17267 
逃 6804 12013 16792 16793 16794 
逆 1561 2978 5292 5412 6901 8606 16795 16796 16797 16798 16799 16800 16801 
选 3741 4390 10053 13975 14033 15019 16802 16803 16804 16805 16806 16807 16808 16809 16810 16811 16947 
逊 7522 11041 14168 15632 16812 16813 16814 
逍 16815 
透 2034 6226 9197 12035 12189 12190 13804 15707 16816 16817 16818 16819 16820 16821 16822 16823 16824 16825 16826 16827 16867 
逐 13296 16766 16828 16829 16830 16831 16832 16833 16834 16835 
逑 6868 
递 16836 
途 2322 4348 4560 6274 8174 10776 11195 16837 16838 16839 
逗 16840 
通 3115 4907 5280 5496 6126 8175 8803 10186 10565 10566 11680 11759 11954 12791 13297 13615 14095 15324 15334 15570 16171 16841 16842 16843 16844 16845 16846 16847 16848 16849 16850 16851 16852 16853 16854 16855 16856 16857 16858 16859 16860 16861 16862 16863 16864 16865 16866 16867 16868 
逛 16869 
逝 13758 16870 17240 
速 4665 4666 4667 4732 5281 8645 16558 16871 16872 17824 17998 
造 2785 4077 4078 4433 4434 4435 4436 4437 4438 4439 4440 4505 6339 6340 6341 8025 9789 10769 11084 13085 13430 14038 14414 14901 15191 16873 16874 16875 16876 16877 16878 16879 16880 16881 16882 16883 
逢 7750 12834 16884 
逸 1142 3393 12168 12696 16313 16885 16886 17268 
逻 16887 16888 
逼 16889 16890 16891 16892 16893 16894 16895 
逾 1736 
遁 16896 16897 16898 
遂 16899 
遇 4417 6357 8436 8856 10958 11521 13298 15949 16900 16901 16902 16945 17360 
遍 3151 10261 10567 10568 10569 10570 10571 16903 
遏 16904 
道 1294 1397 1737 1992 2035 2180 2323 2324 2325 2394 2610 2786 2787 2803 3016 3233 3276 3336 3510 3594 3840 4106 4349 4825 5049 5144 5758 5924 6648 6703 6844 7139 7421 7509 7677 8507 8690 8749 8785 8786 8832 9103 9236 9790 9975 10809 11434 11654 12192 12854 12878 13427 13616 13739 14629 14726 15411 15539 15864 15965 16417 16868 16905 16906 16907 16908 16909 16910 16911 16912 16913 16914 16915 16916 16917 16918 16919 16920 16921 16922 16923 16924 16982 17069 17171 17262 17473 18030 18086 18103 
遗 2931 3017 5640 9988 10008 16925 16926 16927 16928 16929 16930 16931 16932 16933 16934 16935 16936 16937 16938 
遣 9566 16939 
遥 16815 16940 16941 
遨 16942 
遭 7661 8856 16943 16944 16945 
遮 16946 
遴 16947 
遵 16948 16949 16950 16951 
避 1562 4614 6027 7160 8352 16327 16411 16952 16953 16954 16955 16956 16957 
邀 16958 16959 
邃 12138 
邓 16960 16961 16962 
那 5082 16963 16964 16965 16966 16967 16968 16969 16970 16971 16972 16973 16974 16975 16976 16977 
邦 2341 6292 11002 16978 
邪 8692 10309 16979 16980 16981 16982 
邱 16983 
邵 16984 
邻 16985 16986 
郁 4709 11742 11984 13728 16987 16988 16989 17875 
郊 7051 16990 
郎 5755 6544 6845 16782 16991 
郑 16835 16992 16993 16994 16995 
郜 16996 
郡 6005 16997 
部 1174 1295 1296 1422 1435 1989 2098 2133 2516 2611 3781 3892 4052 4053 4295 4535 4774 4828 4908 5441 6006 6408 6481 6649 6764 7281 7395 7609 7613 7614 8079 9964 9989 11452 11522 13469 13536 13912 14226 14251 14333 14749 14801 15457 15966 16664 16665 16998 16999 17000 17001 17002 17003 17004 
郭 17005 17006 17007 17008 
都 1138 2369 6650 9088 14016 15540 17009 17010 17011 17012 17013 17014 17873 
鄂 17015 17016 17017 
鄙 14047 17018 
鄢 17019 
酉 17020 
酌 17021 
配 5176 5360 7350 9762 9763 9764 13231 14883 17022 17023 17024 17025 17026 17027 17028 17029 17030 17031 17032 
酒 3477 3478 5938 5953 10363 12830 17033 17034 17035 17036 17037 17038 17039 17843 
酬 1738 
酷 1921 11481 17040 17041 17042 
酸 8570 12831 16501 
酿 17043 
醇 17044 
醉 2733 8571 11743 12305 14854 16750 17039 17045 17046 17047 
醒 5361 5873 9666 12169 12170 15578 17048 17049 
采 2045 5939 6227 6902 7588 8176 14096 17050 17051 17052 17053 17054 17055 17056 17057 17058 17059 17060 17061 17809 
释 3277 3595 11863 12053 12458 15602 17062 17063 17064 17065 17066 17067 17068 17069 17288 17289 
里 1199 1221 1351 1423 2415 2531 2612 2625 3065 3713 3714 3978 4601 5829 7025 7825 7883 8076 8529 8572 10614 11216 11334 11853 12568 12812 12929 12941 13126 13384 14702 15033 15157 15158 15192 15227 15398 15583 16112 16924 17003 17070 17071 17072 17073 17074 17075 17076 17077 17078 17344 17638 17894 17900 17940 
重 1297 1739 1922 2036 2158 2517 2575 3367 3372 3373 3472 3528 3529 3979 4201 4932 5141 5253 6536 6537 6718 6724 6754 7474 7678 7987 8031 8530 9027 9028 9198 9623 10306 10636 10666 10713 10810 11051 11056 11744 11864 11985 12139 13264 13340 13392 13765 14465 14570 14630 14764 14906 15630 15865 17079 17080 17081 17082 17083 17084 17085 17086 17087 17088 17089 17090 17091 17092 17093 17094 17095 17096 17097 17098 17099 17100 17101 17102 17103 17104 17105 17106 17107 17108 17109 17110 17111 17112 17415 17613 
野 2326 4350 6169 12928 13769 15303 15571 17113 17114 17115 17116 17117 17118 17119 17120 17121 
量 2670 3348 3620 4615 4616 4617 5215 5282 5680 6651 7205 7605 8708 9301 9948 10271 10310 11963 13407 13961 14077 14765 14766 15362 16145 16146 16193 17112 17122 17123 17124 17187 17494 17994 
金 4841 5533 9442 10557 12391 12751 14631 17125 17126 17127 17128 17129 17130 17131 17132 17133 17134 17135 17136 17137 17138 17139 18087 18088 18089 
釜 17140 
鉴 3479 5819 10811 17141 17142 17143 17144 
钅 17145 
针 1298 4909 5138 6317 10173 17146 17147 17148 17149 
钉 17150 
钓 6278 
钝 10942 16725 17151 17152 
钞 17153 
钟 13457 17154 17155 17156 
钢 5533 17157 17158 
钥 17159 
钦 17160 17161 
钧 10156 18090 
钩 17162 
钮 12968 
钱 3037 12921 14325 15492 16230 17138 17163 17164 17165 
钵 17166 
钻 17167 17168 
铁 9633 17169 17170 17171 
铜 14137 17576 17577 
铭 6358 8105 8110 17172 17173 17174 
银 1467 17175 17176 17177 
铸 4202 11962 12437 17178 
铺 17179 17180 17181 17182 17183 17184 17185 
链 12716 
销 9624 14790 15356 17186 17187 17188 17189 
锅 17190 
锋 2658 3672 3673 17149 17191 17543 
锐 7524 9873 9874 9875 17192 
错 1740 2659 14196 17193 17194 
锡 7815 8265 17195 
锣 17196 
锥 17197 
锦 17198 17199 
键 3886 3887 3888 3889 3890 3891 3892 17200 
锲 17201 
锻 9480 
镂 4523 
镇 15021 17202 
镍 17203 
镜 1306 3480 9347 10467 17204 17205 17206 
镳 4349 
镶 17207 
长 1299 1741 2327 3980 4594 4920 5005 5023 5247 6370 6725 7281 8127 8451 8836 8939 8953 9089 9199 9417 11425 12054 12245 12255 12294 12556 12894 13564 14420 15095 15512 17208 17209 17210 17211 17212 17213 17214 17215 17216 17217 17218 17219 17220 17221 17222 17223 17224 17225 17226 17227 17228 17229 17230 17231 17232 17233 17234 17235 17236 17237 17238 17239 17240 17241 
门 1300 1791 1911 2133 2393 2607 4306 5351 5507 5606 7015 8068 9235 11754 11827 13458 16370 16691 16897 16982 17004 17242 17243 17244 17245 17246 17247 17248 17249 18050 
闪 17250 17251 17252 17253 
闭 3893 7455 7456 17254 
问 1301 1690 5123 5177 5222 5352 6704 7096 9667 11107 11571 13053 13971 15589 15752 15753 15754 15870 15888 16147 16767 17255 17256 17257 17258 17259 17260 17261 17262 17263 17264 
闲 12055 13617 13962 17265 17266 17267 17268 
间 1163 1202 1217 1415 1742 1824 1828 1886 1906 2037 2328 2788 2789 3981 4848 5476 5545 6677 7025 7679 7961 9143 10311 10350 10417 10418 10840 11488 11594 11604 11605 11606 11607 11608 12855 12876 13226 13232 13401 13799 14885 16433 17269 17270 17271 18089 
闷 2329 8929 8931 11745 13479 15069 15603 
闹 5944 12709 17272 
闺 17273 17274 
闻 4918 4924 5935 8491 8602 10141 10142 10143 10144 17275 17276 
闽 17277 
阁 17278 
阅 5114 6129 6903 17279 17280 
阈 17281 
阏 17282 
阐 17283 17284 17285 17286 17287 17288 17289 
阔 6395 7332 8026 8177 17290 
阙 8543 11350 17291 17292 
阝 17293 
队 2370 11452 12214 17294 17295 
阪 17296 
阮 17297 
防 17298 17299 
阳 2099 2820 3397 6726 6727 11335 11336 11731 11897 14638 15221 15448 15818 17300 17301 17302 17303 17304 17305 17306 17307 17309 17319 17320 17321 
阴 2613 3116 13503 17308 17309 17310 17311 17312 17313 17314 17315 17316 17317 17318 17319 17320 17321 
阵 1302 1303 1923 17322 
阶 4451 4571 10208 13557 17323 17324 17325 17326 17327 17328 17665 
阻 1665 4627 17329 17330 17331 
阿 17332 17333 17334 17335 17336 17337 17338 17339 17340 17341 17342 17343 17344 17345 17346 17347 17348 17542 
陀 3278 17349 17350 
附 3368 5556 5711 11549 17351 17352 17353 17354 17355 17356 17357 17358 
际 1536 1678 2330 2614 2660 2790 2791 6092 6093 6094 6095 6096 7254 7255 10312 12097 17359 17360 
陆 3683 6652 10812 17361 17362 
陈 9501 9625 10145 13071 17185 17363 17364 17365 17366 17367 17368 17369 17370 17371 
陋 1769 17372 17373 
陌 17374 17375 17376 
降 1494 5936 8320 17377 17378 17379 17380 
限 7615 7616 7617 9429 10313 10419 10813 13014 17281 17381 17382 17383 17384 17385 
陕 17386 
院 1982 1983 4587 7097 7098 7850 8402 8410 10009 12960 17387 17388 17389 17651 
除 4307 5093 9263 9285 9567 10082 11868 12056 13480 17390 17391 17392 17393 17394 17395 
险 4080 4974 5033 9578 17396 17397 17810 
陪 17398 
陵 3438 17019 17399 17400 
陶 8392 8398 12436 14854 17401 17402 17403 17404 17405 17406 17407 17408 17409 17410 17411 
陷 11768 14438 14439 17412 17413 
隅 6007 
隆 17414 17415 
隋 17416 17417 17418 
随 3170 13299 16768 16769 17419 17420 17421 17422 17423 17424 17425 17426 17427 17428 17429 17430 17431 17432 17433 17434 
隐 1743 3018 12057 12306 15293 17435 17436 17437 17438 17439 17440 17441 17442 17443 17444 17445 
隔 4351 10420 17331 17446 17447 17448 17449 17450 
隘 12633 
障 3420 17451 17452 
隶 6850 6851 6852 
隼 18057 
隽 17453 
难 1744 1745 1746 2518 5223 6053 6160 6627 7736 8452 8453 8781 10314 11071 12371 12372 12562 14969 15070 16480 16690 16957 17454 17455 17456 17457 17458 17459 17460 17461 17462 17463 17464 17465 17466 17467 17468 17469 17470 17471 17472 17473 17474 
雁 18051 
雄 2460 6653 6961 14048 15077 15078 15079 15080 15081 15082 16092 17475 17476 17477 17478 17479 17480 17481 17546 
雅 2100 2519 2520 3104 5651 5681 5878 8005 9090 9974 10054 10925 12901 17482 17483 17484 17485 17486 17487 17488 17489 17490 17811 17999 
集 3782 4390 4561 6819 7354 9689 9690 9774 10055 13117 14353 14682 15120 15727 15743 15866 16811 17060 17061 17491 17492 17493 17494 17495 17496 17497 17498 17499 17500 17501 17502 17503 17504 17505 17506 17507 17508 17509 
雇 17510 
雍 17511 
雏 2071 4236 8475 17512 17513 
雒 17514 
雕 10012 12014 12272 12490 13459 13460 14097 17411 17515 17516 17517 17518 17519 17520 17521 17522 17523 17942 
雨 1304 2556 3259 5937 11237 17524 17525 17526 17527 17812 
雩 14950 17528 
雪 9373 10676 13966 16413 17529 17530 17531 17532 17533 17803 
零 7060 10421 17534 17535 17536 
雷 3066 9405 10572 14979 15159 17537 17538 17539 17540 17541 17542 17543 17544 17909 
雾 2557 11524 11628 
需 2628 5485 7968 8603 10315 12267 12557 12886 16734 17545 17546 17547 17548 17549 
霁 3696 
霆 17550 
震 2331 6228 17551 17552 17553 17554 
霍 11726 17555 17556 17557 17558 17559 17560 17561 17562 17563 
霓 17564 
霖 17131 
霭 11042 
露 5724 7650 8604 9682 10529 10530 10531 11955 11956 13104 15399 16827 17565 17566 17567 
霸 2615 9091 13740 17568 17569 
青 2038 2062 3463 5453 7899 7962 10994 12978 15186 17570 17571 17572 17573 17574 17575 17576 17577 17578 17579 
靖 17580 
静 2146 2546 4170 4693 7106 7940 8797 11746 12171 14632 15281 17581 17582 17583 17584 17585 17586 17587 17588 17589 
非 1765 2626 2666 3180 4161 4162 4775 4910 6538 7686 7988 7989 10316 10512 11468 11476 11836 14342 14633 15052 15160 16708 17590 17591 17592 17593 17594 17595 17596 17597 17598 17599 17600 17601 17602 17603 17604 17605 17606 17607 17608 17609 17610 17611 17612 17613 17645 17708 18104 
靠 1792 2816 3369 3783 5413 17614 17615 17616 
面 1305 1306 1468 1495 2332 2430 2792 3234 3374 3784 3785 4479 4562 5178 5179 5348 5479 5641 6008 6229 6235 6252 6362 6517 7026 7416 7457 7618 7625 7641 7941 7942 7943 8081 8271 8353 9203 9705 9784 10164 10174 10912 11377 11404 12077 12482 12483 12484 12485 12486 13004 13015 13222 13426 14084 14207 14727 15400 15401 15498 15978 16042 16108 16109 16110 16587 16653 17078 17617 17618 17619 17620 17621 17622 17623 17624 17625 17626 17627 17628 17629 17630 
革 2668 3019 3693 5283 6654 7181 9791 9792 10010 10056 11582 17631 17632 17633 17634 17635 17636 17637 
靴 14791 
鞅 5913 
鞋 4119 10846 
鞭 17638 
韦 17639 17640 17641 
韩 4911 17642 17643 17644 17645 
音 1424 2147 2333 2334 2436 2616 2630 3205 3799 4857 5321 6409 6846 7445 7656 8863 9737 11153 11597 11952 15922 16071 17646 17647 17648 17649 17650 17651 17652 17653 17654 17655 17656 17657 17658 17659 17660 17661 17662 17663 17664 17665 17666 17667 
韵 8977 9389 13618 17666 17668 17669 17670 17671 17672 
韶 3027 5534 17673 
页 10133 17674 
顶 6705 7680 7681 11271 17675 17762 
顷 1352 
项 1307 1793 5508 10827 11435 15213 16666 17676 17677 17678 17679 17680 
顺 6728 8069 17681 17682 17683 17684 17685 17686 17687 17688 17689 17690 17691 
须 1308 1747 2521 2845 7539 8605 10317 10714 11498 12423 17692 17693 17694 17695 
顽 17696 17697 17698 
顾 1425 1685 1748 4019 6028 6029 6030 10252 17699 17700 17701 
顿 3064 4864 6054 8527 10103 10573 12498 17702 17703 
颁 17704 17705 
颂 9200 11365 12285 16243 17706 17707 17708 17709 17710 17711 17712 17811 18079 
预 7910 17713 17714 17715 17716 17717 17718 
颅 6765 
领 1614 1821 2039 4933 5481 10047 10926 12627 14085 14186 17719 17720 17721 17722 17723 17724 17725 17726 17727 17728 17729 17730 17731 17732 17874 
颇 3530 8120 10583 10584 12426 17733 17734 17735 17736 17737 17738 
颊 17739 
颍 17740 
频 17741 17742 17743 
颓 17744 17745 
颖 10146 10147 14792 17746 
颗 1309 17747 
题 1794 2148 2149 5180 5511 5535 5772 5820 6655 7510 7511 8519 11107 11405 11508 15589 15684 15744 15882 16013 17263 17264 17474 17748 17749 17750 17751 17752 17753 17754 17755 
颜 7016 17756 17757 17758 17759 17760 
额 3194 4563 11346 17139 17188 17761 17762 
颠 17763 17764 17765 17766 
颤 17767 
颧 17768 
风 1858 2335 2336 3307 3696 5024 5668 6097 6539 6904 7733 9537 10057 10307 11598 11609 12172 12173 12627 13005 13558 13559 15005 15867 17434 17544 17654 17769 17770 17771 17772 17773 17774 17775 17776 17777 17778 17779 17780 17781 17782 17783 17784 17785 17786 17787 17788 17789 17790 17791 17792 17793 17794 17795 17796 17797 17798 17799 17800 17801 17802 17803 17804 17805 17806 17807 17808 17809 17810 17811 17812 17813 
飒 2331 
飘 17814 17815 17816 17817 
飙 12582 
飞 8266 11441 16291 17818 17819 17820 17821 17822 17823 17824 17825 
食 1248 1749 2395 5248 9936 10318 10814 11499 14002 14086 15367 16341 17826 17827 17828 17829 17830 17831 17832 17844 
餐 10551 17032 17833 17834 
饥 6905 13054 17835 17836 17837 17838 
饭 5475 5476 6771 7312 17039 
饮 6545 17834 17839 17840 17841 17842 17843 17844 
饰 1750 3456 6371 9629 10820 11567 13433 14212 14648 14800 15260 15433 15434 17523 17680 17845 17846 17847 
饱 5473 5477 12203 17039 17848 17849 17850 17851 17852 
饶 7365 17853 17854 17855 17856 17857 17858 
饼 9633 17859 17860 
饿 17838 
馁 11625 
馆 4922 5006 5904 6079 6100 9773 12529 14393 14506 15100 15257 
馈 4235 5181 
馒 17861 
首 1310 1311 1426 2522 2617 3459 5001 5346 5746 6031 9805 9965 11436 13068 14530 16667 17862 17863 17864 17865 17866 17867 17868 17869 17870 17871 17872 17873 17874 
香 9668 17371 
馥 14362 17875 
馨 7107 12204 
马 3319 5338 5466 5467 5828 6656 6825 7422 8354 8674 9262 9544 10815 13105 13619 14461 14462 15138 15139 16414 16463 17121 17876 17877 17878 17879 17880 17881 17882 17883 17884 17885 17886 17887 17888 17889 17890 17891 17892 17893 17894 17895 17896 17897 17898 17899 17900 17901 17902 17903 17904 17905 17906 17907 17908 17909 17910 17933 
驭 17911 17921 
驯 17912 
驰 11136 13620 14726 17913 17914 
驱 2089 2337 3674 4054 4055 7990 17915 17916 17917 17918 17919 17920 
驹 14384 
驾 4189 4487 7990 17921 
骂 6992 17922 
骄 17923 17924 17925 17926 17927 17928 
骇 8903 
骋 15493 17914 
验 2703 3235 3236 4426 7256 11252 14295 14296 14297 14298 14299 14300 17929 17930 
骑 17931 17932 17933 
骗 11345 
骚 12627 13668 15868 17813 17934 
骤 17935 
骥 3982 
骨 4022 6761 12945 13963 14789 14804 17698 17768 17936 17937 17938 17939 17940 17941 17942 17943 18141 
骸 7574 8393 
髓 14098 14777 17943 17944 
高 1751 2338 2808 3531 3854 4495 4668 4846 5871 6372 6588 6846 7632 7708 7709 8355 8530 9382 9669 9732 9864 10715 10716 10717 11072 11095 11690 12174 12828 13086 14918 16578 17667 17945 17946 17947 17948 17949 17950 17951 17952 17953 17954 17955 17956 17957 17958 17959 17960 17961 17962 17963 17964 17965 17966 17967 17968 17969 17970 17971 17972 17973 17974 17975 17976 17977 17978 17979 17980 17981 17982 17983 17984 17985 17986 17987 17988 17989 17990 17991 17992 17993 17994 17995 17996 17997 17998 17999 18000 
髦 10422 
鬃 6906 
鬼 1717 2793 9454 9933 11463 12228 17920 18001 18002 18018 
魁 18003 
魂 1427 4728 9436 9670 12369 15869 18004 18005 18006 18007 
魄 1330 9700 9701 11626 18007 
魅 18008 18009 18014 
魏 8543 11691 18010 18011 18012 18013 
魑 18014 
魔 17395 18015 18016 18017 18018 
鱼 2089 5794 5957 8492 9538 17321 18019 18020 18021 18022 
鲁 3059 3715 7838 7839 7840 13711 14652 18023 18024 18025 18026 18027 18028 18029 18030 
鲍 18031 
鲜 7660 10148 10149 10150 10834 18032 18033 18034 18035 18036 
鸟 2794 4669 5142 10513 12670 15034 18037 18038 18039 18040 18041 18042 
鸠 3059 7050 18043 
鸡 3184 18044 
鸣 2461 3866 13112 17825 18045 
鸭 14795 
鸽 18046 
鸿 7061 16452 18047 18048 18049 18050 18051 
鹄 18052 
鹅 6706 
鹊 2342 18053 18054 
鹏 11003 
鹜 18055 
鹤 18056 
鹰 18057 
鹿 17910 18058 18059 
麂 18060 
麒 18061 
麓 2967 7696 
麟 3641 
麦 18062 18063 
麻 8640 18064 18065 
麾 18066 
黄 12376 18067 18068 18069 18070 18071 18072 18073 18074 18075 18076 18077 18078 18079 18080 18081 18082 18083 18084 18085 18086 18087 18088 18089 18090 
黎 7816 
黏 18091 
黑 11854 18092 18093 18094 18095 18096 18097 18098 18099 18100 18101 18102 18103 18104 
默 3187 5343 8006 8007 11747 11755 12303 16549 18102 18105 18106 18107 
黛 18108 
黜 17093 
黠 12595 18109 
鼎 18110 18111 18112 
鼓 5714 10200 10852 17156 17196 18113 18114 18115 18116 18117 18118 
鼠 12360 
鼻 13106 13805 18119 18120 18121 18122 
齐 3454 5140 7990 9966 12699 13341 13961 14634 18123 18124 18125 18126 18127 18128 18129 18130 18131 18132 18133 18134 18135 
齿 12491 17567 18136 
龄 7963 
龙 4133 4951 5344 7581 8473 10012 11756 12628 12629 12671 14530 15967 16370 16414 17579 18137 18138 18139 18140 18141 
龚 18142 
龟 15232 18143 
（ 18144 
） 18145 
＊ 18146 
－ 18147 
． 18148 
／ 18149 
０ 18150 
１ 18151 
２ 18152 
３ 18153 
４ 18154 
５ 18155 
６ 18156 
７ 18157 
８ 18158 
９ 18159 
＜ 18160 
＞ 18161 
＠ 18162 
Ｇ 18163 
Ｊ 18164 
Ｌ 18165 
Ｍ 18166 
Ｓ 18167 
Ｔ 18168 
［ 18169 
］ 18170 
ｃ 18171 
ｄ 18172 
ｆ 18173 
ｇ 18174 
ｈ 18175 
ｉ 18176 
ｊ 18177 
ｎ 18178 
ｏ 18179 
ｔ 18180 
ｕ 18181 
ｗ 18182 
ｘ 18183 
ｙ 18184 
ｚ 18185 
～ 18186 
